{
	"texture_size": [64, 64],
	"textures": {
		"4": "mc_calamity:block/item_updater/sunken_pillar"
	},
	"elements": [
		{
			"from": [0, 0, 0],
			"to": [16, 3, 16],
			"faces": {
				"north": {"uv": [7.5, 2.5, 11.5, 3.25], "texture": "#4"},
				"east": {"uv": [7.5, 2.5, 11.5, 3.25], "texture": "#4"},
				"south": {"uv": [7.5, 2.5, 11.5, 3.25], "texture": "#4"},
				"west": {"uv": [7.5, 2.5, 11.5, 3.25], "texture": "#4"},
				"up": {"uv": [4, 4, 0, 0], "texture": "#4"},
				"down": {"uv": [4, 4, 0, 8], "texture": "#4"}
			}
		},
		{
			"from": [2, 3, 2],
			"to": [14, 13, 14],
			"rotation": {"angle": 0, "axis": "y", "origin": [0, 3, 0]},
			"faces": {
				"north": {"uv": [7.5, 0, 10.5, 2.5], "texture": "#4"},
				"east": {"uv": [7.5, 0, 10.5, 2.5], "texture": "#4"},
				"south": {"uv": [7.5, 0, 10.5, 2.5], "texture": "#4"},
				"west": {"uv": [7.5, 0, 10.5, 2.5], "texture": "#4"},
				"up": {"uv": [7, 10, 4, 7], "texture": "#4"},
				"down": {"uv": [10, 7, 7, 10], "texture": "#4"}
			}
		},
		{
			"from": [1, 13, 1],
			"to": [15, 16, 15],
			"rotation": {"angle": 0, "axis": "y", "origin": [0, 13, 0]},
			"faces": {
				"north": {"uv": [7.5, 3.25, 11, 4], "texture": "#4"},
				"east": {"uv": [7.5, 3.25, 11, 4], "texture": "#4"},
				"south": {"uv": [7.5, 3.25, 11, 4], "texture": "#4"},
				"west": {"uv": [7.5, 3.25, 11, 4], "texture": "#4"},
				"up": {"uv": [7.5, 3.5, 4, 0], "texture": "#4"},
				"down": {"uv": [7.5, 3.5, 4, 7], "texture": "#4"}
			}
		},
		{
			"from": [1, 3, 7],
			"to": [4, 9, 10],
			"rotation": {"angle": 45, "axis": "z", "origin": [2.5, 3, 8.5]},
			"faces": {
				"north": {"uv": [8.25, 5.5, 9, 7], "texture": "#4"},
				"east": {"uv": [7.5, 5.5, 8.25, 7], "texture": "#4"},
				"south": {"uv": [9.75, 5.5, 10.5, 7], "texture": "#4"},
				"west": {"uv": [9, 5.5, 9.75, 7], "texture": "#4"},
				"up": {"uv": [9, 5.5, 8.25, 4.75], "texture": "#4"},
				"down": {"uv": [9.75, 4.75, 9, 5.5], "texture": "#4"}
			}
		},
		{
			"from": [0, 3, 3],
			"to": [2, 7, 5],
			"rotation": {"angle": 22.5, "axis": "z", "origin": [1, 3, 4]},
			"faces": {
				"north": {"uv": [11.25, 6, 11.75, 7], "texture": "#4"},
				"east": {"uv": [10.75, 6, 11.25, 7], "texture": "#4"},
				"south": {"uv": [12.25, 6, 12.75, 7], "texture": "#4"},
				"west": {"uv": [11.75, 6, 12.25, 7], "texture": "#4"},
				"up": {"uv": [11.75, 6, 11.25, 5.5], "texture": "#4"},
				"down": {"uv": [12.25, 5.5, 11.75, 6], "texture": "#4"}
			}
		},
		{
			"from": [9.5, 3, 0.5],
			"to": [11.5, 7, 2.5],
			"rotation": {"angle": -22.5, "axis": "x", "origin": [6.5, 3, 1.5]},
			"faces": {
				"north": {"uv": [11.75, 6, 12.25, 7], "texture": "#4"},
				"east": {"uv": [11.25, 6, 11.75, 7], "texture": "#4"},
				"south": {"uv": [10.75, 6, 11.25, 7], "texture": "#4"},
				"west": {"uv": [12.25, 6, 12.75, 7], "texture": "#4"},
				"up": {"uv": [11.75, 6, 11.25, 5.5], "rotation": 90, "texture": "#4"},
				"down": {"uv": [12.25, 5.5, 11.75, 6], "rotation": 270, "texture": "#4"}
			}
		},
		{
			"from": [13, 3, 11],
			"to": [15, 7, 13],
			"rotation": {"angle": -22.5, "axis": "z", "origin": [14, 3, 8]},
			"faces": {
				"north": {"uv": [12.25, 6, 12.75, 7], "texture": "#4"},
				"east": {"uv": [11.75, 6, 12.25, 7], "texture": "#4"},
				"south": {"uv": [11.25, 6, 11.75, 7], "texture": "#4"},
				"west": {"uv": [10.75, 6, 11.25, 7], "texture": "#4"},
				"up": {"uv": [11.75, 6, 11.25, 5.5], "rotation": 180, "texture": "#4"},
				"down": {"uv": [12.25, 5.5, 11.75, 6], "rotation": 180, "texture": "#4"}
			}
		},
		{
			"from": [11, 3, 4],
			"to": [14, 9, 7],
			"rotation": {"angle": -45, "axis": "z", "origin": [12.5, 3, 5]},
			"faces": {
				"north": {"uv": [9.75, 5.5, 10.5, 7], "texture": "#4"},
				"east": {"uv": [9, 5.5, 9.75, 7], "texture": "#4"},
				"south": {"uv": [8.25, 5.5, 9, 7], "texture": "#4"},
				"west": {"uv": [7.5, 5.5, 8.25, 7], "texture": "#4"},
				"up": {"uv": [9, 5.5, 8.25, 4.75], "rotation": 180, "texture": "#4"},
				"down": {"uv": [9.75, 4.75, 9, 5.5], "rotation": 180, "texture": "#4"}
			}
		},
		{
			"from": [9.5, 3, 12.5],
			"to": [11.5, 7, 14.5],
			"rotation": {"angle": 22.5, "axis": "x", "origin": [6.5, 3, 13.5]},
			"faces": {
				"north": {"uv": [11.75, 6, 12.25, 7], "texture": "#4"},
				"east": {"uv": [11.25, 6, 11.75, 7], "texture": "#4"},
				"south": {"uv": [10.75, 6, 11.25, 7], "texture": "#4"},
				"west": {"uv": [12.25, 6, 12.75, 7], "texture": "#4"},
				"up": {"uv": [11.75, 6, 11.25, 5.5], "rotation": 90, "texture": "#4"},
				"down": {"uv": [12.25, 5.5, 11.75, 6], "rotation": 270, "texture": "#4"}
			}
		},
		{
			"from": [2.5, 3, 11.5],
			"to": [5.5, 9, 14.5],
			"rotation": {"angle": 45, "axis": "x", "origin": [3.5, 3, 13]},
			"faces": {
				"north": {"uv": [9, 5.5, 9.75, 7], "texture": "#4"},
				"east": {"uv": [8.25, 5.5, 9, 7], "texture": "#4"},
				"south": {"uv": [7.5, 5.5, 8.25, 7], "texture": "#4"},
				"west": {"uv": [9.75, 5.5, 10.5, 7], "texture": "#4"},
				"up": {"uv": [9, 5.5, 8.25, 4.75], "rotation": 90, "texture": "#4"},
				"down": {"uv": [9.75, 4.75, 9, 5.5], "rotation": 270, "texture": "#4"}
			}
		}
	],
	"groups": [
		{
			"name": "pillar",
			"origin": [0, 13, 0],
			"color": 0,
			"children": [0, 1, 2]
		},
		3,
		4,
		5,
		6,
		7,
		8,
		9
	]
}
