{
	"texture_size": [32, 32],
	"textures": {
		"1": "mc_calamity:block/item_updater/sunken_logo"
	},
	"elements": [
		{
			"from": [4.5, 10.5, 6],
			"to": [13.5, 14.5, 10],
			"rotation": {"angle": 0, "axis": "y", "origin": [13.5, 12.5, 7]},
			"faces": {
				"north": {"uv": [0, 4.5, 4.5, 6.5], "texture": "#1"},
				"east": {"uv": [0, 10.5, 2, 12.5], "texture": "#1"},
				"south": {"uv": [4.5, 4.5, 9, 6.5], "texture": "#1"},
				"west": {"uv": [2, 10.5, 4, 12.5], "texture": "#1"},
				"up": {"uv": [9.5, 2, 5, 0], "texture": "#1"},
				"down": {"uv": [9.5, 2, 5, 4], "texture": "#1"}
			}
		},
		{
			"from": [10.5, 3.5, 6.001],
			"to": [15.5, 12.5, 10.001],
			"rotation": {"angle": 0, "axis": "y", "origin": [14.5, 8.5, 7.025]},
			"faces": {
				"north": {"uv": [0, 0, 2.5, 4.5], "texture": "#1"},
				"east": {"uv": [9, 4, 11, 8.5], "texture": "#1"},
				"south": {"uv": [2.5, 0, 5, 4.5], "texture": "#1"},
				"west": {"uv": [9, 8.5, 11, 13], "texture": "#1"},
				"up": {"uv": [12, 2, 9.5, 0], "texture": "#1"},
				"down": {"uv": [12, 2, 9.5, 4], "texture": "#1"}
			}
		},
		{
			"from": [4.5, 1.5, 6],
			"to": [13.5, 5.5, 10],
			"rotation": {"angle": 0, "axis": "y", "origin": [13.5, 3.5, 7]},
			"faces": {
				"north": {"uv": [0, 6.5, 4.5, 8.5], "texture": "#1"},
				"east": {"uv": [4, 10.5, 6, 12.5], "texture": "#1"},
				"south": {"uv": [4.5, 6.5, 9, 8.5], "texture": "#1"},
				"west": {"uv": [6, 10.5, 8, 12.5], "texture": "#1"},
				"up": {"uv": [4.5, 10.5, 0, 8.5], "texture": "#1"},
				"down": {"uv": [9, 8.5, 4.5, 10.5], "texture": "#1"}
			}
		},
		{
			"from": [11, 14, 6],
			"to": [13, 17, 8],
			"rotation": {"angle": -22.5, "axis": "x", "origin": [12, 14, 7]},
			"faces": {
				"north": {"uv": [3.5, 13.5, 4.5, 15], "texture": "#1"},
				"east": {"uv": [2.5, 13.5, 3.5, 15], "texture": "#1"},
				"south": {"uv": [5.5, 13.5, 6.5, 15], "texture": "#1"},
				"west": {"uv": [4.5, 13.5, 5.5, 15], "texture": "#1"},
				"up": {"uv": [4.5, 13.5, 3.5, 12.5], "texture": "#1"},
				"down": {"uv": [5.5, 12.5, 4.5, 13.5], "texture": "#1"}
			}
		},
		{
			"from": [13, 13, 6.25],
			"to": [14, 15, 7.25],
			"rotation": {"angle": -45, "axis": "z", "origin": [13, 13, 7.25]},
			"faces": {
				"north": {"uv": [0.5, 13, 1, 14], "texture": "#1"},
				"east": {"uv": [0, 13, 0.5, 14], "texture": "#1"},
				"south": {"uv": [1.5, 13, 2, 14], "texture": "#1"},
				"west": {"uv": [1, 13, 1.5, 14], "texture": "#1"},
				"up": {"uv": [1, 13, 0.5, 12.5], "texture": "#1"},
				"down": {"uv": [1.5, 12.5, 1, 13], "texture": "#1"}
			}
		}
	]
}
