{
	"credit": "Made with Blockbench",
	"textures": {
		"0": "mc_calamity:item/entity/particle/splash_1"
	},
	"elements": [
		{
			"from": [2, 8, 2],
			"to": [14, 24, 14],
			"faces": {
				"north": {"uv": [2, 0, 14, 16], "texture": "#0"},
				"east": {"uv": [2, 0, 14, 16], "texture": "#0"},
				"south": {"uv": [2, 0, 14, 16], "texture": "#0"},
				"west": {"uv": [2, 0, 14, 16], "texture": "#0"}
			}
		},
		{
			"from": [14, 8, 2],
			"to": [2, 24, 14],
			"rotation": {"angle": 0, "axis": "y", "origin": [12, 0, 0]},
			"faces": {
				"north": {"uv": [2, 0, 14, 16], "texture": "#0"},
				"east": {"uv": [2, 0, 14, 16], "texture": "#0"},
				"south": {"uv": [2, 0, 14, 16], "texture": "#0"},
				"west": {"uv": [2, 0, 14, 16], "texture": "#0"}
			}
		}
	],
	"display": {}
}
