{
	"parent": "minecraft:block/cross",
	"ambientocclusion": false,
	"elements": [
		{
			"from": [2.6, 4, 8],
			"to": [13.4, 16, 8],
			"rotation": {"angle": 45, "axis": "y", "origin": [8, 8, 8], "rescale": true},
			"shade": false,
			"faces": {
				"north": {"uv": [0, 0, 16, 16], "texture": "#cross", "tintindex": 0},
				"south": {"uv": [0, 0, 16, 16], "texture": "#cross", "tintindex": 0}
			}
		},
		{
			"from": [8, 4, 2.6],
			"to": [8, 16, 13.4],
			"rotation": {"angle": 45, "axis": "y", "origin": [8, 8, 8], "rescale": true},
			"shade": false,
			"faces": {
				"east": {"uv": [0, 0, 16, 16], "texture": "#cross", "tintindex": 0},
				"west": {"uv": [0, 0, 16, 16], "texture": "#cross", "tintindex": 0}
			}
		}
	]
}