{
	"credit": "Made by Skart2000",
	"texture_size": [64, 64],
	"textures": {
		"particle": "mc_calamity:item/entity/abigail",
		"abigail": "mc_calamity:item/entity/abigail"
	},
	"elements": [
		{
			"name": "rose",
			"from": [0, 19.5, 0],
			"to": [4, 23.5, 4],
			"rotation": {"angle": 0, "axis": "y", "origin": [1, 0, 1]},
			"faces": {
				"north": {"uv": [11.25, 1, 10.25, 0], "texture": "#abigail"},
				"east": {"uv": [10.25, 2, 11.25, 1], "texture": "#abigail"},
				"south": {"uv": [11.25, 2, 10.25, 1], "texture": "#abigail"},
				"west": {"uv": [10.25, 1, 11.25, 0], "texture": "#abigail"},
				"up": {"uv": [12.25, 2, 11.25, 1], "texture": "#abigail"},
				"down": {"uv": [12.25, 0, 11.25, 1], "texture": "#abigail"}
			}
		},
		{
			"name": "petals",
			"from": [-1, 18.5, -1],
			"to": [3, 22.5, 3],
			"rotation": {"angle": 0, "axis": "y", "origin": [0, -1, 0]},
			"faces": {
				"east": {"uv": [10.25, 2, 11.25, 3], "texture": "#abigail"},
				"south": {"uv": [11.25, 2, 10.25, 3], "texture": "#abigail"},
				"up": {"uv": [11.25, 3, 10.25, 2], "texture": "#abigail"}
			}
		},
		{
			"name": "petals_inside",
			"from": [3, 22.5, 3],
			"to": [-1, 18.5, -1],
			"rotation": {"angle": 0, "axis": "y", "origin": [0, -1, 0]},
			"faces": {
				"north": {"uv": [10.25, 2, 11.25, 3], "rotation": 180, "texture": "#abigail"},
				"west": {"uv": [11.25, 2, 10.25, 3], "rotation": 180, "texture": "#abigail"},
				"down": {"uv": [11.25, 2, 10.25, 3], "rotation": 180, "texture": "#abigail"}
			}
		},
		{
			"name": "inside",
			"from": [1.5, 11, 1.5],
			"to": [14.5, 21, 14.5],
			"rotation": {"angle": 0, "axis": "y", "origin": [0, 0, 1]},
			"faces": {
				"north": {"uv": [0, 0, 3.25, 2.5], "texture": "#abigail"},
				"east": {"uv": [0, 2.5, 3.25, 5], "texture": "#abigail"},
				"south": {"uv": [0, 2.5, 3.25, 5], "texture": "#abigail"},
				"west": {"uv": [0, 2.5, 3.25, 5], "texture": "#abigail"},
				"up": {"uv": [3.25, 0, 6.5, 3.25], "texture": "#abigail"},
				"down": {"uv": [3.25, 0, 6.5, 3.25], "texture": "#abigail"}
			}
		},
		{
			"name": "abigail",
			"from": [0.5, 0, 0.5],
			"to": [15.5, 22, 15.5],
			"faces": {
				"north": {"uv": [0, 5, 3.75, 10.5], "texture": "#abigail"},
				"east": {"uv": [0, 10.5, 3.75, 16], "texture": "#abigail"},
				"south": {"uv": [0, 10.5, 3.75, 16], "texture": "#abigail"},
				"west": {"uv": [0, 10.5, 3.75, 16], "texture": "#abigail"},
				"up": {"uv": [10.25, 3.75, 6.5, 0], "texture": "#abigail"}
			}
		},
		{
			"name": "abigail_inside",
			"from": [15.5, 22, 15.5],
			"to": [0.5, 0, 0.5],
			"faces": {
				"north": {"uv": [0, 10.5, 3.75, 16], "rotation": 180, "texture": "#abigail"},
				"east": {"uv": [0, 10.5, 3.75, 16], "rotation": 180, "texture": "#abigail"},
				"south": {"uv": [0, 5, 3.75, 10.5], "rotation": 180, "texture": "#abigail"},
				"west": {"uv": [0, 10.5, 3.75, 16], "rotation": 180, "texture": "#abigail"},
				"down": {"uv": [10.25, 3.75, 6.5, 0], "rotation": 180, "texture": "#abigail"}
			}
		},
		{
			"name": "abigail",
			"from": [0.5, 0, 0.5],
			"to": [15.5, 22, 15.5],
			"faces": {
				"north": {"uv": [3.75, 5, 7.5, 10.5], "texture": "#abigail"},
				"east": {"uv": [3.75, 10.5, 7.5, 16], "texture": "#abigail"},
				"south": {"uv": [3.75, 10.5, 7.5, 16], "texture": "#abigail"},
				"west": {"uv": [3.75, 10.5, 7.5, 16], "texture": "#abigail"},
				"up": {"uv": [10.25, 3.75, 6.5, 0], "texture": "#abigail"}
			}
		},
		{
			"name": "abigail_inside",
			"from": [15.5, 22, 15.5],
			"to": [0.5, 0, 0.5],
			"faces": {
				"north": {"uv": [3.75, 10.5, 7.5, 16], "rotation": 180, "texture": "#abigail"},
				"east": {"uv": [3.75, 10.5, 7.5, 16], "rotation": 180, "texture": "#abigail"},
				"south": {"uv": [3.75, 5, 7.5, 10.5], "rotation": 180, "texture": "#abigail"},
				"west": {"uv": [3.75, 10.5, 7.5, 16], "rotation": 180, "texture": "#abigail"},
				"down": {"uv": [10.25, 3.75, 6.5, 0], "rotation": 180, "texture": "#abigail"}
			}
		},
		{
			"name": "abigail",
			"from": [0.5, 0, 0.5],
			"to": [15.5, 22, 15.5],
			"faces": {
				"north": {"uv": [7.5, 5, 11.25, 10.5], "texture": "#abigail"},
				"east": {"uv": [7.5, 10.5, 11.25, 16], "texture": "#abigail"},
				"south": {"uv": [7.5, 10.5, 11.25, 16], "texture": "#abigail"},
				"west": {"uv": [7.5, 10.5, 11.25, 16], "texture": "#abigail"},
				"up": {"uv": [10.25, 3.75, 6.5, 0], "texture": "#abigail"}
			}
		},
		{
			"name": "abigail_inside",
			"from": [15.5, 22, 15.5],
			"to": [0.5, 0, 0.5],
			"faces": {
				"north": {"uv": [7.5, 10.5, 11.25, 16], "rotation": 180, "texture": "#abigail"},
				"east": {"uv": [7.5, 10.5, 11.25, 16], "rotation": 180, "texture": "#abigail"},
				"south": {"uv": [7.5, 5, 11.25, 10.5], "rotation": 180, "texture": "#abigail"},
				"west": {"uv": [7.5, 10.5, 11.25, 16], "rotation": 180, "texture": "#abigail"},
				"down": {"uv": [10.25, 3.75, 6.5, 0], "rotation": 180, "texture": "#abigail"}
			}
		},
		{
			"name": "abigail",
			"from": [0.5, 0, 0.5],
			"to": [15.5, 22, 15.5],
			"faces": {
				"north": {"uv": [11.25, 5, 15, 10.5], "texture": "#abigail"},
				"east": {"uv": [11.25, 10.5, 15, 16], "texture": "#abigail"},
				"south": {"uv": [11.25, 10.5, 15, 16], "texture": "#abigail"},
				"west": {"uv": [11.25, 10.5, 15, 16], "texture": "#abigail"},
				"up": {"uv": [10.25, 3.75, 6.5, 0], "texture": "#abigail"}
			}
		},
		{
			"name": "abigail_inside",
			"from": [15.5, 22, 15.5],
			"to": [0.5, 0, 0.5],
			"faces": {
				"north": {"uv": [11.25, 10.5, 15, 16], "rotation": 180, "texture": "#abigail"},
				"east": {"uv": [11.25, 10.5, 15, 16], "rotation": 180, "texture": "#abigail"},
				"south": {"uv": [11.25, 5, 15, 10.5], "rotation": 180, "texture": "#abigail"},
				"west": {"uv": [11.25, 10.5, 15, 16], "rotation": 180, "texture": "#abigail"},
				"down": {"uv": [10.25, 3.75, 6.5, 0], "rotation": 180, "texture": "#abigail"}
			}
		}
	],
	"display": {},
	"groups": [
		{
			"name": "body",
			"origin": [8, 0, 8],
			"color": 0,
			"children": [
				0,
				1,
				2,
				3,
				{
					"name": "body_0",
					"origin": [8, 0, 8],
					"color": 0,
					"children": [4, 5]
				},
				{
					"name": "body_1",
					"origin": [8, 0, 8],
					"color": 0,
					"children": [6, 7]
				},
				{
					"name": "body_2",
					"origin": [8, 0, 8],
					"color": 0,
					"children": [8, 9]
				},
				{
					"name": "body_3",
					"origin": [8, 0, 8],
					"color": 0,
					"children": [10, 11]
				}
			]
		}
	]
}
