{
	"credit": "Made with Blockbench",
	"texture_size": [32, 32],
	"textures": {
		"2": "mc_calamity:item/entity/antlion"
	},
	"elements": [
		{
			"from": [5, 0, 5],
			"to": [11, 3, 9],
			"rotation": {"angle": 22.5, "axis": "x", "origin": [8, 2.5, 10]},
			"faces": {
				"north": {"uv": [8, 7.5, 11, 9], "texture": "#2"},
				"east": {"uv": [9, 5.5, 11, 7], "texture": "#2"},
				"south": {"uv": [9, 4, 12, 5.5], "texture": "#2"},
				"west": {"uv": [8, 9, 10, 10.5], "texture": "#2"},
				"up": {"uv": [11, 2, 8, 0], "texture": "#2"},
				"down": {"uv": [11, 2, 8, 4], "texture": "#2"}
			}
		},
		{
			"from": [5, 1, -1],
			"to": [7, 3, 5],
			"rotation": {"angle": 22.5, "axis": "y", "origin": [8, 0.5, 5]},
			"faces": {
				"north": {"uv": [7, 11.5, 8, 12.5], "texture": "#2"},
				"east": {"uv": [10, 9, 13, 10], "texture": "#2"},
				"south": {"uv": [7, 12.5, 8, 13.5], "texture": "#2"},
				"west": {"uv": [10, 10, 13, 11], "texture": "#2"},
				"up": {"uv": [1, 13.5, 0, 10.5], "texture": "#2"},
				"down": {"uv": [2, 10.5, 1, 13.5], "texture": "#2"}
			}
		},
		{
			"from": [9, 1, -1],
			"to": [11, 3, 5],
			"rotation": {"angle": -22.5, "axis": "y", "origin": [8, 0.5, 5]},
			"faces": {
				"north": {"uv": [8, 13.5, 9, 14.5], "texture": "#2"},
				"east": {"uv": [2, 10.5, 5, 11.5], "texture": "#2"},
				"south": {"uv": [9, 13.5, 10, 14.5], "texture": "#2"},
				"west": {"uv": [5, 10.5, 8, 11.5], "texture": "#2"},
				"up": {"uv": [9, 13.5, 8, 10.5], "texture": "#2"},
				"down": {"uv": [10, 10.5, 9, 13.5], "texture": "#2"}
			}
		},
		{
			"from": [-1, 1, 9],
			"to": [5, 3, 11],
			"rotation": {"angle": 22.5, "axis": "z", "origin": [5, 2, 10]},
			"faces": {
				"north": {"uv": [11, 0, 14, 1], "texture": "#2"},
				"east": {"uv": [14, 0, 15, 1], "texture": "#2"},
				"south": {"uv": [11, 1, 14, 2], "texture": "#2"},
				"west": {"uv": [14, 1, 15, 2], "texture": "#2"},
				"up": {"uv": [14, 3, 11, 2], "texture": "#2"},
				"down": {"uv": [14, 3, 11, 4], "texture": "#2"}
			}
		},
		{
			"from": [11, 1, 9],
			"to": [17, 3, 11],
			"rotation": {"angle": -22.5, "axis": "z", "origin": [11, 2, 10]},
			"faces": {
				"north": {"uv": [11, 5.5, 14, 6.5], "texture": "#2"},
				"east": {"uv": [14, 2, 15, 3], "texture": "#2"},
				"south": {"uv": [11, 6.5, 14, 7.5], "texture": "#2"},
				"west": {"uv": [14, 3, 15, 4], "texture": "#2"},
				"up": {"uv": [14, 8.5, 11, 7.5], "texture": "#2"},
				"down": {"uv": [13, 11, 10, 12], "texture": "#2"}
			}
		},
		{
			"from": [11, 2, 12],
			"to": [15, 4, 14],
			"rotation": {"angle": -45, "axis": "z", "origin": [11, 2, 10]},
			"faces": {
				"north": {"uv": [13, 9.5, 15, 10.5], "texture": "#2"},
				"east": {"uv": [14, 5, 15, 6], "texture": "#2"},
				"south": {"uv": [10, 13, 12, 14], "texture": "#2"},
				"west": {"uv": [14, 6, 15, 7], "texture": "#2"},
				"up": {"uv": [15, 11.5, 13, 10.5], "texture": "#2"},
				"down": {"uv": [14, 13, 12, 14], "texture": "#2"}
			}
		},
		{
			"from": [10, 3, 15],
			"to": [15, 5, 17],
			"rotation": {"angle": -45, "axis": "z", "origin": [11, 2, 10]},
			"faces": {
				"north": {"uv": [2, 11.5, 4.5, 12.5], "texture": "#2"},
				"east": {"uv": [14, 7, 15, 8], "texture": "#2"},
				"south": {"uv": [4.5, 11.5, 7, 12.5], "texture": "#2"},
				"west": {"uv": [10, 14, 11, 15], "texture": "#2"},
				"up": {"uv": [14.5, 5, 12, 4], "texture": "#2"},
				"down": {"uv": [12.5, 12, 10, 13], "texture": "#2"}
			}
		},
		{
			"from": [1, 2, 12],
			"to": [5, 4, 14],
			"rotation": {"angle": 45, "axis": "z", "origin": [5, 2, 10]},
			"faces": {
				"north": {"uv": [0, 13.5, 2, 14.5], "texture": "#2"},
				"east": {"uv": [11, 14, 12, 15], "texture": "#2"},
				"south": {"uv": [2, 13.5, 4, 14.5], "texture": "#2"},
				"west": {"uv": [12, 14, 13, 15], "texture": "#2"},
				"up": {"uv": [6, 14.5, 4, 13.5], "texture": "#2"},
				"down": {"uv": [8, 13.5, 6, 14.5], "texture": "#2"}
			}
		},
		{
			"from": [1, 3, 15],
			"to": [6, 5, 17],
			"rotation": {"angle": 45, "axis": "z", "origin": [5, 2, 10]},
			"faces": {
				"north": {"uv": [2, 12.5, 4.5, 13.5], "texture": "#2"},
				"east": {"uv": [13, 14, 14, 15], "texture": "#2"},
				"south": {"uv": [4.5, 12.5, 7, 13.5], "texture": "#2"},
				"west": {"uv": [14, 13, 15, 14], "texture": "#2"},
				"up": {"uv": [15, 13, 12.5, 12], "texture": "#2"},
				"down": {"uv": [15.5, 8.5, 13, 9.5], "texture": "#2"}
			}
		},
		{
			"from": [4, 1, 9],
			"to": [12, 7, 18],
			"rotation": {"angle": -22.5, "axis": "x", "origin": [8, 2.5, 10]},
			"faces": {
				"north": {"uv": [0, 7.5, 4, 10.5], "texture": "#2"},
				"east": {"uv": [0, 4.5, 4.5, 7.5], "texture": "#2"},
				"south": {"uv": [4, 7.5, 8, 10.5], "texture": "#2"},
				"west": {"uv": [4.5, 4.5, 9, 7.5], "texture": "#2"},
				"up": {"uv": [4, 4.5, 0, 0], "texture": "#2"},
				"down": {"uv": [8, 0, 4, 4.5], "texture": "#2"}
			}
		}
	],
	"display": {
		"head": {
			"translation": [0, -42, 0],
			"scale": [1.8, 1.8, 1.8]
		}
	}
}
