{
	"credit": "Made with Blockbench",
	"texture_size": [256, 256],
	"textures": {
		"0": "mc_calamity:item/entity/cnidrion"
	},
	"elements": [
		{
			"name": "body_0",
			"from": [5.25, 2.5, 1.5],
			"to": [10.75, 7.5, 8],
			"rotation": {"angle": -22.5, "axis": "x", "origin": [8, 7.5, 8]},
			"faces": {
				"north": {"uv": [1.625, 4.875, 3, 6.125], "texture": "#0"},
				"east": {"uv": [0, 4.875, 1.625, 6.125], "texture": "#0"},
				"south": {"uv": [4.625, 4.875, 6, 6.125], "texture": "#0"},
				"west": {"uv": [3, 4.875, 4.625, 6.125], "texture": "#0"},
				"up": {"uv": [3, 4.875, 1.625, 3.25], "texture": "#0"},
				"down": {"uv": [4.375, 3.25, 3, 4.875], "texture": "#0"}
			}
		},
		{
			"name": "body_1",
			"from": [5.25, 1, 5.25],
			"to": [10.75, 2.25, 8],
			"rotation": {"angle": 0, "axis": "y", "origin": [8, 1, 8]},
			"faces": {
				"north": {"uv": [5.0625, 3.9375, 6.4375, 4.25], "texture": "#0"},
				"east": {"uv": [4.375, 3.9375, 5.0625, 4.25], "texture": "#0"},
				"south": {"uv": [7.125, 3.9375, 8.5, 4.25], "texture": "#0"},
				"west": {"uv": [6.4375, 3.9375, 7.125, 4.25], "texture": "#0"},
				"up": {"uv": [6.4375, 3.9375, 5.0625, 3.25], "texture": "#0"},
				"down": {"uv": [7.8125, 3.25, 6.4375, 3.9375], "texture": "#0"}
			}
		},
		{
			"name": "body_2",
			"from": [4.75, 1, 8],
			"to": [11.25, 7.5, 14.5],
			"rotation": {"angle": 0, "axis": "y", "origin": [8, 0, 8]},
			"faces": {
				"north": {"uv": [1.625, 1.625, 3.25, 3.25], "texture": "#0"},
				"east": {"uv": [0, 1.625, 1.625, 3.25], "texture": "#0"},
				"south": {"uv": [4.875, 1.625, 6.5, 3.25], "texture": "#0"},
				"west": {"uv": [3.25, 1.625, 4.875, 3.25], "texture": "#0"},
				"up": {"uv": [3.25, 1.625, 1.625, 0], "texture": "#0"},
				"down": {"uv": [4.875, 0, 3.25, 1.625], "texture": "#0"}
			}
		},
		{
			"name": "spike_0",
			"from": [8, 7.5, 13.75],
			"to": [8, 8.75, 14.75],
			"rotation": {"angle": 0, "axis": "y", "origin": [8, 0, 8]},
			"faces": {
				"north": {"uv": [9.125, 0, 9.125, 0.3125], "texture": "#0"},
				"east": {"uv": [9.375, 0, 9.125, 0.3125], "texture": "#0"},
				"south": {"uv": [9.375, 0, 9.375, 0.3125], "texture": "#0"},
				"west": {"uv": [9.125, 0, 9.375, 0.3125], "texture": "#0"},
				"up": {"uv": [9.125, 0, 9.125, -0.25], "texture": "#0"},
				"down": {"uv": [9.125, -0.25, 9.125, 0], "texture": "#0"}
			}
		},
		{
			"name": "spike_1",
			"from": [5.25, 7.5, 5],
			"to": [5.25, 10.75, 6.25],
			"rotation": {"angle": -22.5, "axis": "x", "origin": [8, 7.5, 8]},
			"faces": {
				"north": {"uv": [9.6875, 0, 9.6875, 0.8125], "texture": "#0"},
				"east": {"uv": [10, 0, 9.6875, 0.8125], "texture": "#0"},
				"south": {"uv": [10, 0, 10, 0.8125], "texture": "#0"},
				"west": {"uv": [9.6875, 0, 10, 0.8125], "texture": "#0"},
				"up": {"uv": [9.6875, 0, 9.6875, -0.3125], "texture": "#0"},
				"down": {"uv": [9.6875, -0.3125, 9.6875, 0], "texture": "#0"}
			}
		},
		{
			"name": "spike_2",
			"from": [10.75, 7.5, 5],
			"to": [10.75, 10.75, 6.25],
			"rotation": {"angle": -22.5, "axis": "x", "origin": [8, 7.5, 8]},
			"faces": {
				"north": {"uv": [9.6875, 0, 9.6875, 0.8125], "texture": "#0"},
				"east": {"uv": [10, 0, 9.6875, 0.8125], "texture": "#0"},
				"south": {"uv": [10, 0, 10, 0.8125], "texture": "#0"},
				"west": {"uv": [9.6875, 0, 10, 0.8125], "texture": "#0"},
				"up": {"uv": [9.6875, 0, 9.6875, -0.3125], "texture": "#0"},
				"down": {"uv": [9.6875, -0.3125, 9.6875, 0], "texture": "#0"}
			}
		},
		{
			"name": "tail_0",
			"from": [7.125, 0.75, 12.75],
			"to": [8.875, 6, 14.5],
			"rotation": {"angle": -22.5, "axis": "x", "origin": [8, 6, 14.5]},
			"faces": {
				"north": {"uv": [5.75, 7.8125, 6.1875, 9.125], "texture": "#0"},
				"east": {"uv": [5.3125, 7.8125, 5.75, 9.125], "texture": "#0"},
				"south": {"uv": [6.625, 7.8125, 7.0625, 9.125], "texture": "#0"},
				"west": {"uv": [6.1875, 7.8125, 6.625, 9.125], "texture": "#0"},
				"up": {"uv": [6.1875, 7.8125, 5.75, 7.375], "texture": "#0"},
				"down": {"uv": [6.625, 7.375, 6.1875, 7.8125], "texture": "#0"}
			}
		},
		{
			"name": "tail_1",
			"from": [7.25, 0.5, 15],
			"to": [8.75, 2, 19],
			"rotation": {"angle": 0, "axis": "y", "origin": [8, 0.5, 15]},
			"faces": {
				"north": {"uv": [4, 7.375, 4.375, 7.75], "texture": "#0"},
				"east": {"uv": [3, 7.375, 4, 7.75], "texture": "#0"},
				"south": {"uv": [5.375, 7.375, 5.75, 7.75], "texture": "#0"},
				"west": {"uv": [4.375, 7.375, 5.375, 7.75], "texture": "#0"},
				"up": {"uv": [4.375, 7.375, 4, 6.375], "texture": "#0"},
				"down": {"uv": [4.75, 6.375, 4.375, 7.375], "texture": "#0"}
			}
		},
		{
			"name": "tail_2",
			"from": [7.375, 0.5, 17.75],
			"to": [8.625, 4.5, 19],
			"rotation": {"angle": 22.5, "axis": "x", "origin": [8, 0.5, 19]},
			"faces": {
				"north": {"uv": [8.125, 1.5, 7.8125, 2.5], "rotation": 180, "texture": "#0"},
				"east": {"uv": [6.5, 2.5, 7.5, 2.8125], "rotation": 270, "texture": "#0"},
				"south": {"uv": [7.8125, 2.5, 7.5, 1.5], "texture": "#0"},
				"west": {"uv": [7.8125, 2.5, 8.8125, 2.8125], "rotation": 90, "texture": "#0"},
				"up": {"uv": [7.5, 2.5, 7.8125, 2.8125], "rotation": 180, "texture": "#0"},
				"down": {"uv": [8.8125, 2.5, 9.125, 2.8125], "texture": "#0"}
			}
		},
		{
			"name": "tail_3",
			"from": [7.375, 3.4375, 17.625],
			"to": [8.625, 4.6875, 19.375],
			"rotation": {"angle": 0, "axis": "y", "origin": [8, 4.75, 19.5]},
			"faces": {
				"north": {"uv": [0.4375, 0.4375, 0.75, 0.75], "texture": "#0"},
				"east": {"uv": [0, 0.4375, 0.4375, 0.75], "texture": "#0"},
				"south": {"uv": [1.1875, 0.4375, 1.5, 0.75], "texture": "#0"},
				"west": {"uv": [0.75, 0.4375, 1.1875, 0.75], "texture": "#0"},
				"up": {"uv": [0.75, 0.4375, 0.4375, 0], "texture": "#0"},
				"down": {"uv": [1.0625, 0, 0.75, 0.4375], "texture": "#0"}
			}
		},
		{
			"name": "neck_0",
			"from": [5.75, 1.25, 0.25],
			"to": [10.25, 6.25, 4],
			"rotation": {"angle": 0, "axis": "y", "origin": [8, 0, 8]},
			"faces": {
				"north": {"uv": [6, 6.125, 7.125, 7.375], "texture": "#0"},
				"east": {"uv": [5.0625, 6.125, 6, 7.375], "texture": "#0"},
				"south": {"uv": [8.0625, 6.125, 9.1875, 7.375], "texture": "#0"},
				"west": {"uv": [7.125, 6.125, 8.0625, 7.375], "texture": "#0"},
				"up": {"uv": [7.125, 6.125, 6, 5.1875], "texture": "#0"},
				"down": {"uv": [8.25, 5.1875, 7.125, 6.125], "texture": "#0"}
			}
		},
		{
			"name": "neck_1",
			"from": [6.25, 6, 1],
			"to": [9.75, 8.75, 4.25],
			"rotation": {"angle": 22.5, "axis": "x", "origin": [8, 8.75, 1]},
			"faces": {
				"north": {"uv": [5.6875, 0.8125, 6.5625, 1.5], "texture": "#0"},
				"east": {"uv": [4.875, 0.8125, 5.6875, 1.5], "texture": "#0"},
				"south": {"uv": [7.375, 0.8125, 8.25, 1.5], "texture": "#0"},
				"west": {"uv": [6.5625, 0.8125, 7.375, 1.5], "texture": "#0"},
				"up": {"uv": [6.5625, 0.8125, 5.6875, 0], "texture": "#0"},
				"down": {"uv": [7.4375, 0, 6.5625, 0.8125], "texture": "#0"}
			}
		},
		{
			"name": "head",
			"from": [6.75, 6.25, -2.5],
			"to": [9.25, 8.75, 1],
			"rotation": {"angle": 0, "axis": "y", "origin": [8, 0, 8]},
			"faces": {
				"north": {"uv": [0.875, 7, 1.5, 7.625], "texture": "#0"},
				"east": {"uv": [0, 7, 0.875, 7.625], "texture": "#0"},
				"south": {"uv": [2.375, 7, 3, 7.625], "texture": "#0"},
				"west": {"uv": [1.5, 7, 2.375, 7.625], "texture": "#0"},
				"up": {"uv": [1.5, 7, 0.875, 6.125], "texture": "#0"},
				"down": {"uv": [2.125, 6.125, 1.5, 7], "texture": "#0"}
			}
		},
		{
			"name": "spikes_0",
			"from": [8, 8.25, -3.5],
			"to": [8, 10.75, 1.25],
			"rotation": {"angle": 0, "axis": "y", "origin": [8, 0, 8]},
			"faces": {
				"north": {"uv": [5.5625, 4.25, 5.5625, 4.875], "texture": "#0"},
				"east": {"uv": [6.75, 4.25, 5.5625, 4.875], "texture": "#0"},
				"south": {"uv": [6.75, 4.25, 6.75, 4.875], "texture": "#0"},
				"west": {"uv": [5.5625, 4.25, 6.75, 4.875], "texture": "#0"},
				"up": {"uv": [5.5625, 4.25, 5.5625, 3.0625], "texture": "#0"},
				"down": {"uv": [5.5625, 3.0625, 5.5625, 4.25], "texture": "#0"}
			}
		},
		{
			"name": "spikes_1",
			"from": [8, 8.75, 1],
			"to": [8, 10.75, 4.25],
			"rotation": {"angle": 22.5, "axis": "x", "origin": [8, 8.75, 1]},
			"faces": {
				"north": {"uv": [0.8125, 0.8125, 0.8125, 1.3125], "texture": "#0"},
				"east": {"uv": [1.625, 0.8125, 0.8125, 1.3125], "texture": "#0"},
				"south": {"uv": [1.625, 0.8125, 1.625, 1.3125], "texture": "#0"},
				"west": {"uv": [0.8125, 0.8125, 1.625, 1.3125], "texture": "#0"},
				"up": {"uv": [0.8125, 0.8125, 0.8125, 0], "texture": "#0"},
				"down": {"uv": [0.8125, 0, 0.8125, 0.8125], "texture": "#0"}
			}
		},
		{
			"name": "spikes_2",
			"from": [8, 7.25, 4.25],
			"to": [8, 9.5, 6],
			"rotation": {"angle": 22.5, "axis": "x", "origin": [8, 8.75, 1]},
			"faces": {
				"north": {"uv": [7.875, 0, 7.875, 0.5625], "texture": "#0"},
				"east": {"uv": [8.3125, 0, 7.875, 0.5625], "texture": "#0"},
				"south": {"uv": [8.3125, 0, 8.3125, 0.5625], "texture": "#0"},
				"west": {"uv": [7.875, 0, 8.3125, 0.5625], "texture": "#0"},
				"up": {"uv": [7.875, 0, 7.875, -0.4375], "texture": "#0"},
				"down": {"uv": [7.875, -0.4375, 7.875, 0], "texture": "#0"}
			}
		},
		{
			"name": "spikes_3",
			"from": [8, 0.75, -1],
			"to": [8, 6, 0.5],
			"rotation": {"angle": 0, "axis": "y", "origin": [8, 0, 8]},
			"faces": {
				"north": {"uv": [8.5625, 0, 8.5625, 1.3125], "texture": "#0"},
				"east": {"uv": [8.9375, 0, 8.5625, 1.3125], "texture": "#0"},
				"south": {"uv": [8.9375, 0, 8.9375, 1.3125], "texture": "#0"},
				"west": {"uv": [8.5625, 0, 8.9375, 1.3125], "texture": "#0"},
				"up": {"uv": [8.5625, 0, 8.5625, -0.375], "texture": "#0"},
				"down": {"uv": [8.5625, -0.375, 8.5625, 0], "texture": "#0"}
			}
		},
		{
			"name": "tooth_0",
			"from": [6, 7, -3.25],
			"to": [6.75, 7.75, 0.5],
			"rotation": {"angle": -22.5, "axis": "x", "origin": [6.75, 7.75, 0.5]},
			"faces": {
				"north": {"uv": [8, 8.3125, 8.1875, 8.5], "texture": "#0"},
				"east": {"uv": [7.0625, 8.3125, 8, 8.5], "texture": "#0"},
				"south": {"uv": [9.125, 8.3125, 9.3125, 8.5], "texture": "#0"},
				"west": {"uv": [8.1875, 8.3125, 9.125, 8.5], "texture": "#0"},
				"up": {"uv": [8.1875, 8.3125, 8, 7.375], "texture": "#0"},
				"down": {"uv": [8.375, 7.375, 8.1875, 8.3125], "texture": "#0"}
			}
		},
		{
			"name": "tooth_1",
			"from": [6.75, 7, -3.25],
			"to": [7.5, 7.75, -2.5],
			"rotation": {"angle": -22.5, "axis": "x", "origin": [6.75, 7.75, 0.5]},
			"faces": {
				"north": {"uv": [0.1875, 4.0625, 0.375, 4.25], "texture": "#0"},
				"east": {"uv": [0, 4.0625, 0.1875, 4.25], "texture": "#0"},
				"south": {"uv": [0.5625, 4.0625, 0.75, 4.25], "texture": "#0"},
				"west": {"uv": [0.375, 4.0625, 0.5625, 4.25], "texture": "#0"},
				"up": {"uv": [0.375, 4.0625, 0.1875, 3.875], "texture": "#0"},
				"down": {"uv": [0.5625, 3.875, 0.375, 4.0625], "texture": "#0"}
			}
		},
		{
			"name": "tooth_2",
			"from": [9.25, 7, -3.25],
			"to": [10, 7.75, 0.5],
			"rotation": {"angle": -22.5, "axis": "x", "origin": [9.25, 7.75, 0.5]},
			"faces": {
				"north": {"uv": [8.1875, 8.3125, 8, 8.5], "texture": "#0"},
				"east": {"uv": [9.125, 8.3125, 8.1875, 8.5], "texture": "#0"},
				"south": {"uv": [9.3125, 8.3125, 9.125, 8.5], "texture": "#0"},
				"west": {"uv": [8, 8.3125, 7.0625, 8.5], "texture": "#0"},
				"up": {"uv": [8, 8.3125, 8.1875, 7.375], "texture": "#0"},
				"down": {"uv": [8.1875, 7.375, 8.375, 8.3125], "texture": "#0"}
			}
		},
		{
			"name": "tooth_3",
			"from": [8.5, 7, -3.25],
			"to": [9.25, 7.75, -2.5],
			"rotation": {"angle": -22.5, "axis": "x", "origin": [9.25, 7.75, 0.5]},
			"faces": {
				"north": {"uv": [0.375, 4.0625, 0.1875, 4.25], "texture": "#0"},
				"east": {"uv": [0.5625, 4.0625, 0.375, 4.25], "texture": "#0"},
				"south": {"uv": [0.75, 4.0625, 0.5625, 4.25], "texture": "#0"},
				"west": {"uv": [0.1875, 4.0625, 0, 4.25], "texture": "#0"},
				"up": {"uv": [0.1875, 4.0625, 0.375, 3.875], "texture": "#0"},
				"down": {"uv": [0.375, 3.875, 0.5625, 4.0625], "texture": "#0"}
			}
		},
		{
			"name": "left_leg_0",
			"from": [3, 1.75, 8.25],
			"to": [4.75, 3, 9.5],
			"rotation": {"angle": 0, "axis": "y", "origin": [4.75, 3, 8.75]},
			"faces": {
				"north": {"uv": [0.3125, 3.5625, 0.75, 3.875], "texture": "#0"},
				"east": {"uv": [0, 3.5625, 0.3125, 3.875], "texture": "#0"},
				"south": {"uv": [1.0625, 3.5625, 1.5, 3.875], "texture": "#0"},
				"west": {"uv": [0.75, 3.5625, 1.0625, 3.875], "texture": "#0"},
				"up": {"uv": [0.75, 3.5625, 0.3125, 3.25], "texture": "#0"},
				"down": {"uv": [1.1875, 3.25, 0.75, 3.5625], "texture": "#0"}
			}
		},
		{
			"name": "left_leg_1",
			"from": [2.5, 0, 7.75],
			"to": [4.25, 1.75, 9.5],
			"rotation": {"angle": 0, "axis": "y", "origin": [4.75, 3, 8.75]},
			"faces": {
				"north": {"uv": [2.5625, 6.5625, 3, 7], "texture": "#0"},
				"east": {"uv": [2.125, 6.5625, 2.5625, 7], "texture": "#0"},
				"south": {"uv": [3.4375, 6.5625, 3.875, 7], "texture": "#0"},
				"west": {"uv": [3, 6.5625, 3.4375, 7], "texture": "#0"},
				"up": {"uv": [3, 6.5625, 2.5625, 6.125], "texture": "#0"},
				"down": {"uv": [3.4375, 6.125, 3, 6.5625], "texture": "#0"}
			}
		},
		{
			"name": "left_leg_spikes",
			"from": [3.5, 0, 9.5],
			"to": [3.5, 3.5, 10.75],
			"rotation": {"angle": 0, "axis": "y", "origin": [4.75, 3, 8.75]},
			"faces": {
				"north": {"uv": [10.3125, 0, 10.3125, 0.875], "texture": "#0"},
				"east": {"uv": [10.625, 0, 10.3125, 0.875], "texture": "#0"},
				"south": {"uv": [10.625, 0, 10.625, 0.875], "texture": "#0"},
				"west": {"uv": [10.3125, 0, 10.625, 0.875], "texture": "#0"},
				"up": {"uv": [10.3125, 0, 10.3125, -0.3125], "texture": "#0"},
				"down": {"uv": [10.3125, -0.3125, 10.3125, 0], "texture": "#0"}
			}
		},
		{
			"name": "right_leg_0",
			"from": [11.25, 1.75, 8.25],
			"to": [13, 3, 9.5],
			"rotation": {"angle": 0, "axis": "y", "origin": [11.25, 3, 8.75]},
			"faces": {
				"north": {"uv": [0.75, 3.5625, 0.3125, 3.875], "texture": "#0"},
				"east": {"uv": [1.0625, 3.5625, 0.75, 3.875], "texture": "#0"},
				"south": {"uv": [1.5, 3.5625, 1.0625, 3.875], "texture": "#0"},
				"west": {"uv": [0.3125, 3.5625, 0, 3.875], "texture": "#0"},
				"up": {"uv": [0.3125, 3.5625, 0.75, 3.25], "texture": "#0"},
				"down": {"uv": [0.75, 3.25, 1.1875, 3.5625], "texture": "#0"}
			}
		},
		{
			"name": "right_leg_1",
			"from": [11.75, 0, 7.75],
			"to": [13.5, 1.75, 9.5],
			"rotation": {"angle": 0, "axis": "y", "origin": [11.25, 3, 8.75]},
			"faces": {
				"north": {"uv": [3, 6.5625, 2.5625, 7], "texture": "#0"},
				"east": {"uv": [3.4375, 6.5625, 3, 7], "texture": "#0"},
				"south": {"uv": [3.875, 6.5625, 3.4375, 7], "texture": "#0"},
				"west": {"uv": [2.5625, 6.5625, 2.125, 7], "texture": "#0"},
				"up": {"uv": [2.5625, 6.5625, 3, 6.125], "texture": "#0"},
				"down": {"uv": [3, 6.125, 3.4375, 6.5625], "texture": "#0"}
			}
		},
		{
			"name": "right_leg_spikes",
			"from": [12.5, 0, 9.5],
			"to": [12.5, 3.5, 10.75],
			"rotation": {"angle": 0, "axis": "y", "origin": [11.25, 3, 8.75]},
			"faces": {
				"north": {"uv": [10.3125, 0, 10.3125, 0.875], "texture": "#0"},
				"east": {"uv": [10.625, 0, 10.3125, 0.875], "texture": "#0"},
				"south": {"uv": [10.625, 0, 10.625, 0.875], "texture": "#0"},
				"west": {"uv": [10.3125, 0, 10.625, 0.875], "texture": "#0"},
				"up": {"uv": [10.3125, 0, 10.3125, -0.3125], "texture": "#0"},
				"down": {"uv": [10.3125, -0.3125, 10.3125, 0], "texture": "#0"}
			}
		}
	],
	"groups": [
		{
			"name": "cnidrion",
			"origin": [8, 1, 8],
			"color": 0,
			"nbt": "{}",
			"children": [
				0,
				1,
				2,
				3,
				4,
				5,
				{
					"name": "tail",
					"origin": [8, 1, 8],
					"color": 0,
					"nbt": "{}",
					"children": [6, 7, 8, 9]
				},
				{
					"name": "head",
					"origin": [8, 4.75, 4],
					"color": 0,
					"nbt": "{}",
					"children": [10, 11, 12, 13, 14, 15, 16, 17, 18, 19, 20]
				},
				{
					"name": "left_leg",
					"origin": [8, 1, 8],
					"color": 0,
					"nbt": "{}",
					"children": [21, 22, 23]
				},
				{
					"name": "right_leg",
					"origin": [8, 1, 8],
					"color": 0,
					"nbt": "{}",
					"children": [24, 25, 26]
				}
			]
		}
	]
}
