{
	"credit": "Made with Blockbench",
	"texture_size": [64, 64],
	"textures": {
		"1": "mc_calamity:item/entity/cosmic_guardian_body"
	},
	"elements": [
		{
			"from": [0, 0, 2],
			"to": [15, 13, 15],
			"faces": {
				"north": {"uv": [0, 0, 5, 3.25], "texture": "#1"},
				"east": {"uv": [4, 8.75, 7, 12], "texture": "#1"},
				"south": {"uv": [0, 3.25, 5, 6.5], "texture": "#1"},
				"west": {"uv": [7, 8.75, 10, 12], "texture": "#1"},
				"up": {"uv": [10, 3, 5, 0], "texture": "#1"},
				"down": {"uv": [10, 3, 5, 6], "texture": "#1"}
			}
		},
		{
			"from": [1, 1, 15],
			"to": [14, 12, 18],
			"faces": {
				"north": {"uv": [5, 6, 9, 8.75], "texture": "#1"},
				"east": {"uv": [0, 9.25, 1, 12], "texture": "#1"},
				"south": {"uv": [0, 6.5, 4, 9.25], "texture": "#1"},
				"west": {"uv": [1, 9.25, 2, 12], "texture": "#1"},
				"up": {"uv": [13, 7, 9, 6], "texture": "#1"},
				"down": {"uv": [13, 7, 9, 8], "texture": "#1"}
			}
		},
		{
			"from": [1, 1, -1.25],
			"to": [14, 12, 2.75],
			"faces": {
				"north": {"uv": [5, 6, 9, 8.75], "texture": "#1"},
				"east": {"uv": [0, 9.25, 1, 12], "texture": "#1"},
				"south": {"uv": [0, 6.5, 4, 9.25], "texture": "#1"},
				"west": {"uv": [1, 9.25, 2, 12], "texture": "#1"},
				"up": {"uv": [13, 7, 9, 6], "texture": "#1"},
				"down": {"uv": [13, 7, 9, 8], "texture": "#1"}
			}
		},
		{
			"from": [-2, 4.9, 5],
			"to": [3, 6.9, 7],
			"rotation": {"angle": -22.5, "axis": "y", "origin": [-4, 6.5, 6.5]},
			"faces": {
				"north": {"uv": [0, 0, 1.5, 0.75], "texture": "#1"},
				"east": {"uv": [0, 0, 0.75, 0.75], "texture": "#1"},
				"south": {"uv": [0, 0, 1.5, 0.75], "texture": "#1"},
				"west": {"uv": [0, 0, 0.75, 0.75], "texture": "#1"},
				"up": {"uv": [12.75, 1.5, 14.25, 2.25], "texture": "#1"},
				"down": {"uv": [0, 0, 1.5, 0.75], "texture": "#1"}
			}
		},
		{
			"from": [12, 4.9, 5],
			"to": [17, 6.9, 7],
			"rotation": {"angle": 22.5, "axis": "y", "origin": [20, 6.5, 6.5]},
			"faces": {
				"north": {"uv": [13, 1.5, 14.5, 2.25], "texture": "#1"},
				"east": {"uv": [13, 1.5, 13.75, 2.25], "texture": "#1"},
				"south": {"uv": [13, 1.5, 14.5, 2.25], "texture": "#1"},
				"west": {"uv": [13, 1.5, 13.75, 2.25], "texture": "#1"},
				"up": {"uv": [13, 1.5, 14.5, 2.25], "texture": "#1"},
				"down": {"uv": [13, 1.5, 14.5, 2.25], "texture": "#1"}
			}
		},
		{
			"from": [-5, 5, 8],
			"to": [1, 7, 10],
			"rotation": {"angle": -22.5, "axis": "y", "origin": [-2.5, 6.5, 9.5]},
			"faces": {
				"north": {"uv": [0, 0, 1.75, 0.75], "texture": "#1"},
				"east": {"uv": [0, 0, 0.75, 0.75], "texture": "#1"},
				"south": {"uv": [0, 0, 1.75, 0.75], "texture": "#1"},
				"west": {"uv": [0, 0, 0.75, 0.75], "texture": "#1"},
				"up": {"uv": [12.75, 1.5, 14.5, 2.25], "texture": "#1"},
				"down": {"uv": [0, 0, 1.75, 0.75], "texture": "#1"}
			}
		},
		{
			"from": [14, 5, 8],
			"to": [20, 7, 10],
			"rotation": {"angle": 22.5, "axis": "y", "origin": [18.5, 6.5, 9.5]},
			"faces": {
				"north": {"uv": [12.75, 0.75, 14.5, 1.5], "texture": "#1"},
				"east": {"uv": [12.75, 0.75, 13.5, 1.5], "texture": "#1"},
				"south": {"uv": [12.75, 0.75, 14.5, 1.5], "texture": "#1"},
				"west": {"uv": [12.75, 0.75, 13.5, 1.5], "texture": "#1"},
				"up": {"uv": [12.75, 0.75, 14.5, 1.5], "texture": "#1"},
				"down": {"uv": [12.75, 0.75, 14.5, 1.5], "texture": "#1"}
			}
		}
	],
	"display": {
		"head": {
			"scale": [1.8, 1.8, 1.8]
		}
	}
}
