{
	"credit": "Made with Blockbench",
	"texture_size": [64, 64],
	"textures": {
		"1": "mc_calamity:item/entity/cosmic_guardian_head"
	},
	"elements": [
		{
			"from": [1, 0, 0],
			"to": [15, 13, 12],
			"faces": {
				"north": {"uv": [0, 0, 5, 3.25], "texture": "#1"},
				"east": {"uv": [4, 8.75, 7, 12], "texture": "#1"},
				"south": {"uv": [0, 3.25, 5, 6.5], "texture": "#1"},
				"west": {"uv": [7, 8.75, 10, 12], "texture": "#1"},
				"up": {"uv": [10, 3, 5, 0], "texture": "#1"},
				"down": {"uv": [10, 3, 5, 6], "texture": "#1"}
			}
		},
		{
			"from": [14, 4, 8],
			"to": [18, 6, 10],
			"rotation": {"angle": 22.5, "axis": "y", "origin": [18.5, 8, 8]},
			"faces": {
				"north": {"uv": [12.75, 0, 14.5, 0.75], "texture": "#1"},
				"east": {"uv": [9, 8, 9.75, 8.75], "texture": "#1"},
				"south": {"uv": [12.75, 0.75, 14.5, 1.5], "texture": "#1"},
				"west": {"uv": [0, 14, 0.75, 14.75], "texture": "#1"},
				"up": {"uv": [14.5, 2.25, 12.75, 1.5], "texture": "#1"},
				"down": {"uv": [14.5, 2.25, 12.75, 3], "texture": "#1"}
			}
		},
		{
			"from": [14, 3.9, 5],
			"to": [20, 6.9, 8],
			"rotation": {"angle": 22.5, "axis": "y", "origin": [18.5, 8, 8]},
			"faces": {
				"north": {"uv": [10, 4, 12.5, 5], "texture": "#1"},
				"east": {"uv": [8, 13.5, 8.75, 14.5], "texture": "#1"},
				"south": {"uv": [10, 5, 12.5, 6], "texture": "#1"},
				"west": {"uv": [9.75, 13.5, 10.5, 14.5], "texture": "#1"},
				"up": {"uv": [9.5, 12.75, 7, 12], "texture": "#1"},
				"down": {"uv": [13.5, 12, 11, 12.75], "texture": "#1"}
			}
		},
		{
			"from": [-5.5401, 3.9, 4.2574],
			"to": [1.4599, 6.9, 7.2574],
			"rotation": {"angle": -22.5, "axis": "y", "origin": [-2.5401, 6, 8.7574]},
			"faces": {
				"north": {"uv": [11, 8, 13.5, 9], "texture": "#1"},
				"east": {"uv": [10.5, 13.5, 11.25, 14.5], "texture": "#1"},
				"south": {"uv": [11, 9, 13.5, 10], "texture": "#1"},
				"west": {"uv": [11.25, 13.5, 12, 14.5], "texture": "#1"},
				"up": {"uv": [15, 4.75, 12.5, 4], "texture": "#1"},
				"down": {"uv": [15, 4.75, 12.5, 5.5], "texture": "#1"}
			}
		},
		{
			"from": [-2.88891, 4, 7.53114],
			"to": [1.11109, 6, 9.53114],
			"rotation": {"angle": -22.5, "axis": "y", "origin": [-2.38891, 5.5, 10.03114]},
			"faces": {
				"north": {"uv": [12.75, 3, 14.5, 3.75], "texture": "#1"},
				"east": {"uv": [4, 14, 4.75, 14.75], "texture": "#1"},
				"south": {"uv": [7, 12.75, 8.75, 13.5], "texture": "#1"},
				"west": {"uv": [4.75, 14, 5.5, 14.75], "texture": "#1"},
				"up": {"uv": [12.75, 13.5, 11, 12.75], "texture": "#1"},
				"down": {"uv": [14.5, 12.75, 12.75, 13.5], "texture": "#1"}
			}
		},
		{
			"from": [2, 1, 12],
			"to": [14, 12, 16],
			"faces": {
				"north": {"uv": [5, 6, 9, 8.75], "texture": "#1"},
				"east": {"uv": [0, 9.25, 1, 12], "texture": "#1"},
				"south": {"uv": [0, 6.5, 4, 9.25], "texture": "#1"},
				"west": {"uv": [1, 9.25, 2, 12], "texture": "#1"},
				"up": {"uv": [13, 7, 9, 6], "texture": "#1"},
				"down": {"uv": [13, 7, 9, 8], "texture": "#1"}
			}
		},
		{
			"from": [16, 3.9, -15],
			"to": [19, 6.9, -6],
			"rotation": {"angle": 45, "axis": "y", "origin": [20, 6, -4]},
			"faces": {
				"north": {"uv": [4, 13, 5, 14], "texture": "#1"},
				"east": {"uv": [10, 0, 12.75, 1], "texture": "#1"},
				"south": {"uv": [13, 5.5, 14, 6.5], "texture": "#1"},
				"west": {"uv": [10, 1, 12.75, 2], "texture": "#1"},
				"up": {"uv": [3, 12, 2, 9.25], "texture": "#1"},
				"down": {"uv": [4, 9.25, 3, 12], "texture": "#1"}
			}
		},
		{
			"from": [5, 3.9, 3],
			"to": [8, 6.9, 11],
			"rotation": {"angle": -45, "axis": "y", "origin": [20, 6, -4]},
			"faces": {
				"north": {"uv": [13, 6.5, 14, 7.5], "texture": "#1"},
				"east": {"uv": [10, 2, 12.75, 3], "texture": "#1"},
				"south": {"uv": [13, 10, 14, 11], "texture": "#1"},
				"west": {"uv": [10, 3, 12.75, 4], "texture": "#1"},
				"up": {"uv": [11, 10.75, 10, 8], "texture": "#1"},
				"down": {"uv": [11, 10.75, 10, 13.5], "texture": "#1"}
			}
		},
		{
			"from": [15, 4, -4],
			"to": [18, 7, 6],
			"faces": {
				"north": {"uv": [13, 11, 14, 12], "texture": "#1"},
				"east": {"uv": [11, 10, 13, 11], "texture": "#1"},
				"south": {"uv": [7, 13.5, 8, 14.5], "texture": "#1"},
				"west": {"uv": [11, 11, 13, 12], "texture": "#1"},
				"up": {"uv": [5, 8.5, 4, 6.5], "texture": "#1"},
				"down": {"uv": [1, 12, 0, 14], "texture": "#1"}
			}
		},
		{
			"from": [10, 4, -13],
			"to": [14, 6, -8],
			"faces": {
				"north": {"uv": [5.5, 14, 6.5, 14.5], "texture": "#1"},
				"east": {"uv": [13.5, 9.5, 14.75, 10], "texture": "#1"},
				"south": {"uv": [14, 5.5, 15, 6], "texture": "#1"},
				"west": {"uv": [12, 13.5, 13.25, 14], "texture": "#1"},
				"up": {"uv": [9.75, 14, 8.75, 12.75], "texture": "#1"},
				"down": {"uv": [2, 13, 1, 14.25], "texture": "#1"}
			}
		},
		{
			"from": [2, 4, -13],
			"to": [6, 6, -8],
			"faces": {
				"north": {"uv": [14, 6, 15, 6.5], "texture": "#1"},
				"east": {"uv": [13.5, 12, 14.75, 12.5], "texture": "#1"},
				"south": {"uv": [14, 6.5, 15, 7], "texture": "#1"},
				"west": {"uv": [13.25, 13.5, 14.5, 14], "texture": "#1"},
				"up": {"uv": [3, 14.25, 2, 13], "texture": "#1"},
				"down": {"uv": [4, 13, 3, 14.25], "texture": "#1"}
			}
		},
		{
			"from": [-2, 4, -4],
			"to": [1, 7, 6],
			"faces": {
				"north": {"uv": [13.5, 7.5, 14.5, 8.5], "texture": "#1"},
				"east": {"uv": [1, 12, 3, 13], "texture": "#1"},
				"south": {"uv": [13.5, 8.5, 14.5, 9.5], "texture": "#1"},
				"west": {"uv": [3, 12, 5, 13], "texture": "#1"},
				"up": {"uv": [6, 14, 5, 12], "texture": "#1"},
				"down": {"uv": [7, 12, 6, 14], "texture": "#1"}
			}
		}
	],
	"display": {
		"head": {
			"scale": [1.8, 1.8, 1.8]
		}
	}
}
