{
	"credit": "Made with Blockbench",
	"texture_size": [64, 64],
	"textures": {
		"1": "mc_calamity:block/cosmic_minecart",
		"2": "mc_calamity:block/terra_chest"
	},
	"elements": [
		{
			"from": [-3.2, -6.4, -6],
			"to": [19.2, -3.6, 22],
			"rotation": {"angle": 0, "axis": "y", "origin": [-3.2, -1.4, -3.2]},
			"faces": {
				"north": {"uv": [7, 9, 11, 9.5], "texture": "#1"},
				"east": {"uv": [8, 4, 13, 4.5], "texture": "#1"},
				"south": {"uv": [7, 9.5, 11, 10], "texture": "#1"},
				"west": {"uv": [8, 4.5, 13, 5], "texture": "#1"},
				"up": {"uv": [4, 5, 0, 0], "texture": "#1"},
				"down": {"uv": [8, 0, 4, 5], "texture": "#1"}
			}
		},
		{
			"from": [-0.4, -3.6, -6],
			"to": [16.4, 7.6, -3.2],
			"rotation": {"angle": 0, "axis": "y", "origin": [-3.2, -1.4, -3.2]},
			"faces": {
				"north": {"uv": [8, 0, 11, 2], "texture": "#1"},
				"south": {"uv": [8, 2, 11, 4], "texture": "#1"},
				"up": {"uv": [13, 5.5, 10, 5], "texture": "#1"}
			}
		},
		{
			"from": [-0.4, -3.6, 19.2],
			"to": [16.4, 7.6, 22],
			"rotation": {"angle": 0, "axis": "y", "origin": [-3.2, -1.4, -3.2]},
			"faces": {
				"north": {"uv": [8, 2, 11, 4], "texture": "#1"},
				"south": {"uv": [3, 9, 6, 11], "texture": "#1"},
				"up": {"uv": [13, 6, 10, 5.5], "texture": "#1"}
			}
		},
		{
			"from": [16.4, -3.6, -6],
			"to": [19.2, 7.6, 22],
			"rotation": {"angle": 0, "axis": "y", "origin": [-3.2, -1.4, -3.2]},
			"faces": {
				"north": {"uv": [10, 6, 10.5, 8], "texture": "#1"},
				"east": {"uv": [0, 5, 5, 7], "texture": "#1"},
				"south": {"uv": [7, 10, 7.5, 12], "texture": "#1"},
				"west": {"uv": [5, 5, 10, 7], "texture": "#1"},
				"up": {"uv": [6.5, 14, 6, 9], "texture": "#1"}
			}
		},
		{
			"from": [-3.2, -3.6, -6],
			"to": [-0.4, 7.6, 22],
			"rotation": {"angle": 0, "axis": "y", "origin": [-3.2, -1.4, -3.2]},
			"faces": {
				"north": {"uv": [7.5, 10, 8, 12], "texture": "#1"},
				"east": {"uv": [0, 7, 5, 9], "texture": "#1"},
				"south": {"uv": [8, 10, 8.5, 12], "texture": "#1"},
				"west": {"uv": [5, 7, 10, 9], "texture": "#1"},
				"up": {"uv": [7, 14, 6.5, 9], "texture": "#1"}
			}
		},
		{
			"from": [1, 0, 1],
			"to": [15, 9, 15],
			"faces": {
				"north": {"uv": [0, 7, 3.5, 9.25], "texture": "#2"},
				"east": {"uv": [7, 0, 10.5, 2.25], "texture": "#2"},
				"south": {"uv": [7, 2.25, 10.5, 4.5], "texture": "#2"},
				"west": {"uv": [3.5, 7, 7, 9.25], "texture": "#2"},
				"up": {"uv": [3.5, 3.5, 0, 0], "texture": "#2"},
				"down": {"uv": [3.5, 3.5, 0, 7], "texture": "#2"}
			}
		},
		{
			"from": [1, 9, 1],
			"to": [15, 14, 15],
			"faces": {
				"north": {"uv": [7, 4.5, 10.5, 5.75], "texture": "#2"},
				"east": {"uv": [7, 5.75, 10.5, 7], "texture": "#2"},
				"south": {"uv": [7, 7, 10.5, 8.25], "texture": "#2"},
				"west": {"uv": [7, 8.25, 10.5, 9.5], "texture": "#2"},
				"up": {"uv": [7, 3.5, 3.5, 0], "texture": "#2"},
				"down": {"uv": [7, 3.5, 3.5, 7], "texture": "#2"}
			}
		},
		{
			"from": [6, 7, 0],
			"to": [10, 12, 1],
			"faces": {
				"north": {"uv": [0, 9.25, 1, 10.5], "texture": "#2"},
				"east": {"uv": [6, 9.25, 6.25, 10.5], "texture": "#2"},
				"south": {"uv": [1, 9.25, 2, 10.5], "texture": "#2"},
				"west": {"uv": [6.25, 9.25, 6.5, 10.5], "texture": "#2"},
				"up": {"uv": [7.5, 9.75, 6.5, 9.5], "texture": "#2"},
				"down": {"uv": [8.5, 9.5, 7.5, 9.75], "texture": "#2"}
			}
		},
		{
			"from": [2, 9, 0],
			"to": [6, 11, 1],
			"faces": {
				"north": {"uv": [2, 9.25, 3, 9.75], "texture": "#2"},
				"east": {"uv": [6.5, 9.75, 6.75, 10.25], "texture": "#2"},
				"south": {"uv": [3, 9.25, 4, 9.75], "texture": "#2"},
				"west": {"uv": [6.75, 9.75, 7, 10.25], "texture": "#2"},
				"up": {"uv": [9.5, 9.75, 8.5, 9.5], "texture": "#2"},
				"down": {"uv": [10.5, 9.5, 9.5, 9.75], "texture": "#2"}
			}
		},
		{
			"from": [4, 12, 0],
			"to": [5, 13, 1],
			"faces": {
				"north": {"uv": [9.5, 10, 9.75, 10.25], "texture": "#2"},
				"east": {"uv": [9.75, 10, 10, 10.25], "texture": "#2"},
				"south": {"uv": [10, 9.75, 10.25, 10], "texture": "#2"},
				"west": {"uv": [10, 10, 10.25, 10.25], "texture": "#2"},
				"up": {"uv": [2.25, 10.5, 2, 10.25], "texture": "#2"},
				"down": {"uv": [2.5, 10.25, 2.25, 10.5], "texture": "#2"}
			}
		},
		{
			"from": [2, 11, 0],
			"to": [4, 13, 1],
			"faces": {
				"north": {"uv": [2, 9.75, 2.5, 10.25], "texture": "#2"},
				"east": {"uv": [7, 9.75, 7.25, 10.25], "texture": "#2"},
				"south": {"uv": [2.5, 9.75, 3, 10.25], "texture": "#2"},
				"west": {"uv": [7.25, 9.75, 7.5, 10.25], "texture": "#2"},
				"up": {"uv": [7, 9.5, 6.5, 9.25], "texture": "#2"},
				"down": {"uv": [8, 9.75, 7.5, 10], "texture": "#2"}
			}
		},
		{
			"from": [3, 8, 0],
			"to": [5, 9, 1],
			"faces": {
				"north": {"uv": [8, 9.75, 8.5, 10], "texture": "#2"},
				"east": {"uv": [2.5, 10.25, 2.75, 10.5], "texture": "#2"},
				"south": {"uv": [8.5, 9.75, 9, 10], "texture": "#2"},
				"west": {"uv": [2.75, 10.25, 3, 10.5], "texture": "#2"},
				"up": {"uv": [9.5, 10, 9, 9.75], "texture": "#2"},
				"down": {"uv": [10, 9.75, 9.5, 10], "texture": "#2"}
			}
		},
		{
			"from": [11, 8, 0],
			"to": [13, 9, 1],
			"rotation": {"angle": 0, "axis": "y", "origin": [16, 0, 0]},
			"faces": {
				"north": {"uv": [3, 10, 3.5, 10.25], "texture": "#2"},
				"east": {"uv": [3, 10.25, 3.25, 10.5], "texture": "#2"},
				"south": {"uv": [3.5, 10, 4, 10.25], "texture": "#2"},
				"west": {"uv": [3.25, 10.25, 3.5, 10.5], "texture": "#2"},
				"up": {"uv": [4.5, 10.25, 4, 10], "texture": "#2"},
				"down": {"uv": [5, 10, 4.5, 10.25], "texture": "#2"}
			}
		},
		{
			"from": [10, 9, 0],
			"to": [14, 11, 1],
			"rotation": {"angle": 0, "axis": "y", "origin": [16, 0, 0]},
			"faces": {
				"north": {"uv": [4, 9.25, 5, 9.75], "texture": "#2"},
				"east": {"uv": [7.5, 10, 7.75, 10.5], "texture": "#2"},
				"south": {"uv": [5, 9.25, 6, 9.75], "texture": "#2"},
				"west": {"uv": [7.75, 10, 8, 10.5], "texture": "#2"},
				"up": {"uv": [4, 10, 3, 9.75], "texture": "#2"},
				"down": {"uv": [5, 9.75, 4, 10], "texture": "#2"}
			}
		},
		{
			"from": [11, 12, 0],
			"to": [12, 13, 1],
			"rotation": {"angle": 0, "axis": "y", "origin": [16, 0, 0]},
			"faces": {
				"north": {"uv": [3.5, 10.25, 3.75, 10.5], "texture": "#2"},
				"east": {"uv": [3.75, 10.25, 4, 10.5], "texture": "#2"},
				"south": {"uv": [4, 10.25, 4.25, 10.5], "texture": "#2"},
				"west": {"uv": [4.25, 10.25, 4.5, 10.5], "texture": "#2"},
				"up": {"uv": [4.75, 10.5, 4.5, 10.25], "texture": "#2"},
				"down": {"uv": [5, 10.25, 4.75, 10.5], "texture": "#2"}
			}
		},
		{
			"from": [12, 11, 0],
			"to": [14, 13, 1],
			"rotation": {"angle": 0, "axis": "y", "origin": [16, 0, 0]},
			"faces": {
				"north": {"uv": [5, 9.75, 5.5, 10.25], "texture": "#2"},
				"east": {"uv": [8, 10, 8.25, 10.5], "texture": "#2"},
				"south": {"uv": [5.5, 9.75, 6, 10.25], "texture": "#2"},
				"west": {"uv": [8.25, 10, 8.5, 10.5], "texture": "#2"},
				"up": {"uv": [9, 10.25, 8.5, 10], "texture": "#2"},
				"down": {"uv": [9.5, 10, 9, 10.25], "texture": "#2"}
			}
		}
	],
	"groups": [
		{
			"name": "cart",
			"origin": [0, 0, 0],
			"color": 0,
			"children": [0, 1, 2, 3, 4]
		},
		{
			"name": "chest",
			"origin": [0, 0, 0],
			"color": 0,
			"children": [
				5,
				6,
				{
					"name": "lock",
					"origin": [0, 0, 0],
					"color": 0,
					"children": [7, 8, 9, 10, 11, 12, 13, 14, 15]
				}
			]
		}
	]
}
