{
	"credit": "Made with Blockbench",
	"texture_size": [256, 256],
	"textures": {
		"0": "mc_calamity:item/entity/desert_nuisance"
	},
	"elements": [
		{
			"name": "segment",
			"from": [4.25, 1.5, 0.5],
			"to": [11.75, 4, 9],
			"rotation": {"angle": 0, "axis": "y", "origin": [8, -2, -62.5]},
			"faces": {
				"north": {"uv": [1.0625, 14, 2, 14.3125], "texture": "#0"},
				"east": {"uv": [0, 14, 1.0625, 14.3125], "texture": "#0"},
				"south": {"uv": [3.0625, 14, 4, 14.3125], "texture": "#0"},
				"west": {"uv": [2, 14, 3.0625, 14.3125], "texture": "#0"},
				"up": {"uv": [2, 14, 1.0625, 12.9375], "texture": "#0"},
				"down": {"uv": [2.9375, 12.9375, 2, 14], "texture": "#0"}
			}
		},
		{
			"name": "tail",
			"from": [8, 2, 6.75],
			"to": [14.5, 3.5, 13.25],
			"rotation": {"angle": -45, "axis": "y", "origin": [8, 2.75, 6.75]},
			"faces": {
				"north": {"uv": [0.8125, 15.125, 1.625, 15.3125], "texture": "#0"},
				"east": {"uv": [0, 15.125, 0.8125, 15.3125], "texture": "#0"},
				"south": {"uv": [2.4375, 15.125, 3.25, 15.3125], "texture": "#0"},
				"west": {"uv": [1.625, 15.125, 2.4375, 15.3125], "texture": "#0"},
				"up": {"uv": [1.625, 15.125, 0.8125, 14.3125], "texture": "#0"},
				"down": {"uv": [2.4375, 14.3125, 1.625, 15.125], "texture": "#0"}
			}
		},
		{
			"name": "spike_0",
			"from": [7.25, 3, 5],
			"to": [8.75, 4, 8.5],
			"rotation": {"angle": -22.5, "axis": "x", "origin": [8, 4, 5]},
			"faces": {
				"north": {"uv": [6.625, 4.5625, 6.8125, 4.6875], "texture": "#0"},
				"east": {"uv": [6.1875, 4.5625, 6.625, 4.6875], "texture": "#0"},
				"south": {"uv": [7.25, 4.5625, 7.4375, 4.6875], "texture": "#0"},
				"west": {"uv": [6.8125, 4.5625, 7.25, 4.6875], "texture": "#0"},
				"up": {"uv": [6.8125, 4.5625, 6.625, 4.125], "texture": "#0"},
				"down": {"uv": [7, 4.125, 6.8125, 4.5625], "texture": "#0"}
			}
		},
		{
			"name": "spike_1",
			"from": [-0.25, 2, 3],
			"to": [4.25, 3.5, 4.5],
			"rotation": {"angle": 22.5, "axis": "y", "origin": [4.25, 2.75, 3]},
			"faces": {
				"north": {"uv": [8.125, 3.375, 7.5625, 3.5625], "texture": "#0"},
				"east": {"uv": [8.3125, 3.375, 8.125, 3.5625], "texture": "#0"},
				"south": {"uv": [8.875, 3.375, 8.3125, 3.5625], "texture": "#0"},
				"west": {"uv": [7.5625, 3.375, 7.375, 3.5625], "texture": "#0"},
				"up": {"uv": [7.5625, 3.375, 8.125, 3.1875], "texture": "#0"},
				"down": {"uv": [8.125, 3.1875, 8.6875, 3.375], "texture": "#0"}
			}
		},
		{
			"name": "spike_2",
			"from": [11.75, 2, 3],
			"to": [16.25, 3.5, 4.5],
			"rotation": {"angle": -22.5, "axis": "y", "origin": [11.75, 2.75, 3]},
			"faces": {
				"north": {"uv": [7.5625, 3.375, 8.125, 3.5625], "texture": "#0"},
				"east": {"uv": [7.375, 3.375, 7.5625, 3.5625], "texture": "#0"},
				"south": {"uv": [8.3125, 3.375, 8.875, 3.5625], "texture": "#0"},
				"west": {"uv": [8.125, 3.375, 8.3125, 3.5625], "texture": "#0"},
				"up": {"uv": [8.125, 3.375, 7.5625, 3.1875], "texture": "#0"},
				"down": {"uv": [8.6875, 3.1875, 8.125, 3.375], "texture": "#0"}
			}
		},
		{
			"name": "spike_3",
			"from": [2.75, 2, 5.5],
			"to": [4.25, 3.5, 6.5],
			"rotation": {"angle": 22.5, "axis": "y", "origin": [4.25, 2.75, 5.5]},
			"faces": {
				"north": {"uv": [9.1875, 3, 9, 3.1875], "texture": "#0"},
				"east": {"uv": [9.3125, 3, 9.1875, 3.1875], "texture": "#0"},
				"south": {"uv": [9.5, 3, 9.3125, 3.1875], "texture": "#0"},
				"west": {"uv": [9, 3, 8.875, 3.1875], "texture": "#0"},
				"up": {"uv": [9, 3, 9.1875, 2.875], "texture": "#0"},
				"down": {"uv": [9.1875, 2.875, 9.375, 3], "texture": "#0"}
			}
		},
		{
			"name": "spike_4",
			"from": [11.75, 2, 5.5],
			"to": [13.25, 3.5, 6.5],
			"rotation": {"angle": -22.5, "axis": "y", "origin": [11.75, 2.75, 5.5]},
			"faces": {
				"north": {"uv": [9, 3, 9.1875, 3.1875], "texture": "#0"},
				"east": {"uv": [8.875, 3, 9, 3.1875], "texture": "#0"},
				"south": {"uv": [9.3125, 3, 9.5, 3.1875], "texture": "#0"},
				"west": {"uv": [9.1875, 3, 9.3125, 3.1875], "texture": "#0"},
				"up": {"uv": [9.1875, 3, 9, 2.875], "texture": "#0"},
				"down": {"uv": [9.375, 2.875, 9.1875, 3], "texture": "#0"}
			}
		},
		{
			"name": "spike_5",
			"from": [10.25, 1.525, 9],
			"to": [12.25, 4.025, 14],
			"rotation": {"angle": 45, "axis": "y", "origin": [10.25, 2.75, 9]},
			"faces": {
				"north": {"uv": [6.875, 3.8125, 7.125, 4.125], "texture": "#0"},
				"east": {"uv": [6.25, 3.8125, 6.875, 4.125], "texture": "#0"},
				"south": {"uv": [7.75, 3.8125, 8, 4.125], "texture": "#0"},
				"west": {"uv": [7.125, 3.8125, 7.75, 4.125], "texture": "#0"},
				"up": {"uv": [7.125, 3.8125, 6.875, 3.1875], "texture": "#0"},
				"down": {"uv": [7.375, 3.1875, 7.125, 3.8125], "texture": "#0"}
			}
		},
		{
			"name": "spike_6",
			"from": [3.75, 1.525, 9],
			"to": [5.75, 4.025, 14],
			"rotation": {"angle": -45, "axis": "y", "origin": [5.75, 2.75, 9]},
			"faces": {
				"north": {"uv": [7.125, 3.8125, 6.875, 4.125], "texture": "#0"},
				"east": {"uv": [7.75, 3.8125, 7.125, 4.125], "texture": "#0"},
				"south": {"uv": [8, 3.8125, 7.75, 4.125], "texture": "#0"},
				"west": {"uv": [6.875, 3.8125, 6.25, 4.125], "texture": "#0"},
				"up": {"uv": [6.875, 3.8125, 7.125, 3.1875], "texture": "#0"},
				"down": {"uv": [7.125, 3.1875, 7.375, 3.8125], "texture": "#0"}
			}
		},
		{
			"name": "spike_7",
			"from": [6.75, 1.5, 14.5],
			"to": [9.25, 4, 18],
			"rotation": {"angle": 0, "axis": "y", "origin": [8, 3.5, 15.5]},
			"faces": {
				"north": {"uv": [5.5625, 4.1875, 5.875, 4.5], "texture": "#0"},
				"east": {"uv": [5.125, 4.1875, 5.5625, 4.5], "texture": "#0"},
				"south": {"uv": [6.3125, 4.1875, 6.625, 4.5], "texture": "#0"},
				"west": {"uv": [5.875, 4.1875, 6.3125, 4.5], "texture": "#0"},
				"up": {"uv": [5.875, 4.1875, 5.5625, 3.75], "texture": "#0"},
				"down": {"uv": [6.1875, 3.75, 5.875, 4.1875], "texture": "#0"}
			}
		}
	],
	"groups": [
		{
			"name": "tail",
			"origin": [8, 3, 0.5],
			"color": 0,
			"children": [0, 1, 2, 3, 4, 5, 6, 7, 8, 9]
		}
	],
	"display": {
		"head": {
			"scale": [2, 2, 2]
		}
	}
}
