{
	"credit": "Made with Blockbench",
	"texture_size": [256, 256],
	"textures": {
		"0": "mc_calamity:item/entity/desert_scourge"
	},
	"elements": [
		{
			"name": "segment",
			"from": [3.75, 1.5, -1.5],
			"to": [12.25, 5, 7],
			"rotation": {"angle": 0, "axis": "y", "origin": [8, 3.25, -12.5]},
			"faces": {
				"north": {"uv": [5.1875, 14.25, 6.25, 14.6875], "texture": "#0"},
				"east": {"uv": [4.125, 14.25, 5.1875, 14.6875], "texture": "#0"},
				"south": {"uv": [7.3125, 14.25, 8.375, 14.6875], "texture": "#0"},
				"west": {"uv": [6.25, 14.25, 7.3125, 14.6875], "texture": "#0"},
				"up": {"uv": [6.25, 14.25, 5.1875, 13.1875], "texture": "#0"},
				"down": {"uv": [7.3125, 13.1875, 6.25, 14.25], "texture": "#0"}
			}
		},
		{
			"name": "tail",
			"from": [8, 2.5, 4.75],
			"to": [15.5, 4, 12.25],
			"rotation": {"angle": -45, "axis": "y", "origin": [8, 3.25, 4.75]},
			"faces": {
				"north": {"uv": [4.125, 15.625, 5.0625, 15.8125], "texture": "#0"},
				"east": {"uv": [3.1875, 15.625, 4.125, 15.8125], "texture": "#0"},
				"south": {"uv": [6, 15.625, 6.9375, 15.8125], "texture": "#0"},
				"west": {"uv": [5.0625, 15.625, 6, 15.8125], "texture": "#0"},
				"up": {"uv": [5.0625, 15.625, 4.125, 14.6875], "texture": "#0"},
				"down": {"uv": [6, 14.6875, 5.0625, 15.625], "texture": "#0"}
			}
		},
		{
			"name": "spike_0",
			"from": [6.75, 3.5, 2.5],
			"to": [9.25, 5, 7],
			"rotation": {"angle": -22.5, "axis": "x", "origin": [8, 5, 2.5]},
			"faces": {
				"north": {"uv": [8.1875, 4.8125, 8.5, 5], "texture": "#0"},
				"east": {"uv": [7.625, 4.8125, 8.1875, 5], "texture": "#0"},
				"south": {"uv": [9.0625, 4.8125, 9.375, 5], "texture": "#0"},
				"west": {"uv": [8.5, 4.8125, 9.0625, 5], "texture": "#0"},
				"up": {"uv": [8.5, 4.8125, 8.1875, 4.25], "texture": "#0"},
				"down": {"uv": [8.8125, 4.25, 8.5, 4.8125], "texture": "#0"}
			}
		},
		{
			"name": "spike_1",
			"from": [-1.25, 2.5, 0.5],
			"to": [3.75, 4, 2],
			"rotation": {"angle": 22.5, "axis": "y", "origin": [3.75, 3.25, 0.5]},
			"faces": {
				"north": {"uv": [15.1875, 4.3125, 14.5625, 4.5], "texture": "#0"},
				"east": {"uv": [15.375, 4.3125, 15.1875, 4.5], "texture": "#0"},
				"south": {"uv": [16, 4.3125, 15.375, 4.5], "texture": "#0"},
				"west": {"uv": [14.5625, 4.3125, 14.375, 4.5], "texture": "#0"},
				"up": {"uv": [14.5625, 4.3125, 15.1875, 4.125], "texture": "#0"},
				"down": {"uv": [15.1875, 4.125, 15.8125, 4.3125], "texture": "#0"}
			}
		},
		{
			"name": "spike_2",
			"from": [12.25, 2.5, 0.5],
			"to": [17.25, 4, 2],
			"rotation": {"angle": -22.5, "axis": "y", "origin": [12.25, 3.25, 0.5]},
			"faces": {
				"north": {"uv": [14.5625, 4.3125, 15.1875, 4.5], "texture": "#0"},
				"east": {"uv": [14.375, 4.3125, 14.5625, 4.5], "texture": "#0"},
				"south": {"uv": [15.375, 4.3125, 16, 4.5], "texture": "#0"},
				"west": {"uv": [15.1875, 4.3125, 15.375, 4.5], "texture": "#0"},
				"up": {"uv": [15.1875, 4.3125, 14.5625, 4.125], "texture": "#0"},
				"down": {"uv": [15.8125, 4.125, 15.1875, 4.3125], "texture": "#0"}
			}
		},
		{
			"name": "spike_3",
			"from": [1.75, 2.5, 3],
			"to": [3.75, 4, 4],
			"rotation": {"angle": 22.5, "axis": "y", "origin": [3.75, 3.25, 3]},
			"faces": {
				"north": {"uv": [15.625, 4.625, 15.375, 4.8125], "texture": "#0"},
				"east": {"uv": [15.75, 4.625, 15.625, 4.8125], "texture": "#0"},
				"south": {"uv": [16, 4.625, 15.75, 4.8125], "texture": "#0"},
				"west": {"uv": [15.375, 4.625, 15.25, 4.8125], "texture": "#0"},
				"up": {"uv": [15.375, 4.625, 15.625, 4.5], "texture": "#0"},
				"down": {"uv": [15.625, 4.5, 15.875, 4.625], "texture": "#0"}
			}
		},
		{
			"name": "spike_4",
			"from": [12.25, 2.5, 3],
			"to": [14.25, 4, 4],
			"rotation": {"angle": -22.5, "axis": "y", "origin": [12.25, 3.25, 3]},
			"faces": {
				"north": {"uv": [15.375, 4.625, 15.625, 4.8125], "texture": "#0"},
				"east": {"uv": [15.25, 4.625, 15.375, 4.8125], "texture": "#0"},
				"south": {"uv": [15.75, 4.625, 16, 4.8125], "texture": "#0"},
				"west": {"uv": [15.625, 4.625, 15.75, 4.8125], "texture": "#0"},
				"up": {"uv": [15.625, 4.625, 15.375, 4.5], "texture": "#0"},
				"down": {"uv": [15.875, 4.5, 15.625, 4.625], "texture": "#0"}
			}
		},
		{
			"name": "spike_5",
			"from": [10.25, 2, 7],
			"to": [12.25, 4.5, 13.5],
			"rotation": {"angle": 22.5, "axis": "y", "origin": [10.25, 3.25, 7]},
			"faces": {
				"north": {"uv": [14.6875, 5.3125, 14.9375, 5.625], "texture": "#0"},
				"east": {"uv": [13.875, 5.3125, 14.6875, 5.625], "texture": "#0"},
				"south": {"uv": [15.75, 5.3125, 16, 5.625], "texture": "#0"},
				"west": {"uv": [14.9375, 5.3125, 15.75, 5.625], "texture": "#0"},
				"up": {"uv": [14.9375, 5.3125, 14.6875, 4.5], "texture": "#0"},
				"down": {"uv": [15.1875, 4.5, 14.9375, 5.3125], "texture": "#0"}
			}
		},
		{
			"name": "spike_6",
			"from": [3.75, 2, 7],
			"to": [5.75, 4.5, 13.5],
			"rotation": {"angle": -22.5, "axis": "y", "origin": [5.75, 3.25, 7]},
			"faces": {
				"north": {"uv": [14.9375, 5.3125, 14.6875, 5.625], "texture": "#0"},
				"east": {"uv": [15.75, 5.3125, 14.9375, 5.625], "texture": "#0"},
				"south": {"uv": [16, 5.3125, 15.75, 5.625], "texture": "#0"},
				"west": {"uv": [14.6875, 5.3125, 13.875, 5.625], "texture": "#0"},
				"up": {"uv": [14.6875, 5.3125, 14.9375, 4.5], "texture": "#0"},
				"down": {"uv": [14.9375, 4.5, 15.1875, 5.3125], "texture": "#0"}
			}
		},
		{
			"name": "spike_7",
			"from": [6.75, 2, 13.5],
			"to": [9.25, 4.5, 18],
			"rotation": {"angle": 0, "axis": "y", "origin": [8, 4, 13.5]},
			"faces": {
				"north": {"uv": [8.6875, 5.5625, 9, 5.875], "texture": "#0"},
				"east": {"uv": [8.125, 5.5625, 8.6875, 5.875], "texture": "#0"},
				"south": {"uv": [9.5625, 5.5625, 9.875, 5.875], "texture": "#0"},
				"west": {"uv": [9, 5.5625, 9.5625, 5.875], "texture": "#0"},
				"up": {"uv": [9, 5.5625, 8.6875, 5], "texture": "#0"},
				"down": {"uv": [9.3125, 5, 9, 5.5625], "texture": "#0"}
			}
		}
	],
	"groups": [
		{
			"name": "tail",
			"origin": [8, 6.25, -20.5],
			"color": 0,
			"children": [0, 1, 2, 3, 4, 5, 6, 7, 8, 9]
		}
	],
	"display": {
		"head": {
			"scale": [3.6, 3.6, 3.6]
		}
	}
}
