{
	"credit": "Made with Blockbench",
	"texture_size": [256, 256],
	"textures": {
		"0": "mc_calamity:item/entity/desert_scourge"
	},
	"elements": [
		{
			"name": "left_mandible_0",
			"from": [-3.75, 1, 10],
			"to": [1.25, 6.5, 11.5],
			"rotation": {"angle": 0, "axis": "y", "origin": [8, -2, 17.5]},
			"faces": {
				"north": {"uv": [5.375, 0.1875, 6, 0.875], "texture": "#0"},
				"east": {"uv": [5.1875, 0.1875, 5.375, 0.875], "texture": "#0"},
				"south": {"uv": [6.1875, 0.1875, 6.8125, 0.875], "texture": "#0"},
				"west": {"uv": [6, 0.1875, 6.1875, 0.875], "texture": "#0"},
				"up": {"uv": [6, 0.1875, 5.375, 0], "texture": "#0"},
				"down": {"uv": [6.625, 0, 6, 0.1875], "texture": "#0"}
			}
		},
		{
			"name": "left_mandible_1",
			"from": [-3.75, 0.995, 6.5],
			"to": [1.25, 6.495, 12],
			"rotation": {"angle": 22.5, "axis": "y", "origin": [-3.75, 6.5, 6.5]},
			"faces": {
				"north": {"uv": [6.8125, 0.875, 7.4375, 1.5625], "texture": "#0"},
				"east": {"uv": [6.125, 0.875, 6.8125, 1.5625], "texture": "#0"},
				"south": {"uv": [8.125, 0.875, 8.75, 1.5625], "texture": "#0"},
				"west": {"uv": [7.4375, 0.875, 8.125, 1.5625], "texture": "#0"},
				"up": {"uv": [7.4375, 0.875, 6.8125, 0.1875], "texture": "#0"},
				"down": {"uv": [8.0625, 0.1875, 7.4375, 0.875], "texture": "#0"}
			}
		},
		{
			"name": "left_mandible_2",
			"from": [-3.75, 1, 1.5],
			"to": [1.25, 6.5, 6.5],
			"rotation": {"angle": -22.5, "axis": "y", "origin": [-3.75, 6.5, 6.5]},
			"faces": {
				"north": {"uv": [9.375, 0.625, 10, 1.3125], "texture": "#0"},
				"east": {"uv": [8.75, 0.625, 9.375, 1.3125], "texture": "#0"},
				"south": {"uv": [10.625, 0.625, 11.25, 1.3125], "texture": "#0"},
				"west": {"uv": [10, 0.625, 10.625, 1.3125], "texture": "#0"},
				"up": {"uv": [10, 0.625, 9.375, 0], "texture": "#0"},
				"down": {"uv": [10.625, 0, 10, 0.625], "texture": "#0"}
			}
		},
		{
			"name": "left_mandible_3",
			"from": [-1.25, 0.995, -1],
			"to": [1.25, 6.495, 3.5],
			"rotation": {"angle": 0, "axis": "y", "origin": [8, -2, 17.5]},
			"faces": {
				"north": {"uv": [11.8125, 0.5625, 12.125, 1.25], "texture": "#0"},
				"east": {"uv": [11.25, 0.5625, 11.8125, 1.25], "texture": "#0"},
				"south": {"uv": [12.6875, 0.5625, 13, 1.25], "texture": "#0"},
				"west": {"uv": [12.125, 0.5625, 12.6875, 1.25], "texture": "#0"},
				"up": {"uv": [12.125, 0.5625, 11.8125, 0], "texture": "#0"},
				"down": {"uv": [12.4375, 0, 12.125, 0.5625], "texture": "#0"}
			}
		},
		{
			"name": "left_mandible_4",
			"from": [-4.25, 2, -3],
			"to": [6.75, 5.5, -1],
			"rotation": {"angle": 45, "axis": "y", "origin": [1.25, 6.5, -1]},
			"faces": {
				"north": {"uv": [7.25, 1.8125, 8.625, 2.25], "texture": "#0"},
				"east": {"uv": [7, 1.8125, 7.25, 2.25], "texture": "#0"},
				"south": {"uv": [8.875, 1.8125, 10.25, 2.25], "texture": "#0"},
				"west": {"uv": [8.625, 1.8125, 8.875, 2.25], "texture": "#0"},
				"up": {"uv": [8.625, 1.8125, 7.25, 1.5625], "texture": "#0"},
				"down": {"uv": [10, 1.5625, 8.625, 1.8125], "texture": "#0"}
			}
		},
		{
			"name": "left_mandible_5",
			"from": [-1.75, 2.5, 11.5],
			"to": [1.25, 5, 17.5],
			"rotation": {"angle": 22.5, "axis": "y", "origin": [-1.75, 4, 11.5]},
			"faces": {
				"north": {"uv": [7.75, 3, 8.125, 3.3125], "texture": "#0"},
				"east": {"uv": [7, 3, 7.75, 3.3125], "texture": "#0"},
				"south": {"uv": [8.875, 3, 9.25, 3.3125], "texture": "#0"},
				"west": {"uv": [8.125, 3, 8.875, 3.3125], "texture": "#0"},
				"up": {"uv": [8.125, 3, 7.75, 2.25], "texture": "#0"},
				"down": {"uv": [8.5, 2.25, 8.125, 3], "texture": "#0"}
			}
		},
		{
			"name": "left_mandible_6",
			"from": [-1.75, 2.475, 16.5],
			"to": [1.25, 4.975, 18],
			"rotation": {"angle": -22.5, "axis": "y", "origin": [1.25, 4, 18]},
			"faces": {
				"north": {"uv": [10.5, 1.75, 10.875, 2.0625], "texture": "#0"},
				"east": {"uv": [10.3125, 1.75, 10.5, 2.0625], "texture": "#0"},
				"south": {"uv": [11.0625, 1.75, 11.4375, 2.0625], "texture": "#0"},
				"west": {"uv": [10.875, 1.75, 11.0625, 2.0625], "texture": "#0"},
				"up": {"uv": [10.875, 1.75, 10.5, 1.5625], "texture": "#0"},
				"down": {"uv": [11.25, 1.5625, 10.875, 1.75], "texture": "#0"}
			}
		},
		{
			"name": "right_mandible_0",
			"from": [14.75, 1, 10],
			"to": [19.75, 6.5, 11.5],
			"rotation": {"angle": 0, "axis": "y", "origin": [8, -2, 17.5]},
			"faces": {
				"north": {"uv": [6, 0.1875, 5.375, 0.875], "texture": "#0"},
				"east": {"uv": [6.1875, 0.1875, 6, 0.875], "texture": "#0"},
				"south": {"uv": [6.8125, 0.1875, 6.1875, 0.875], "texture": "#0"},
				"west": {"uv": [5.375, 0.1875, 5.1875, 0.875], "texture": "#0"},
				"up": {"uv": [5.375, 0.1875, 6, 0], "texture": "#0"},
				"down": {"uv": [6, 0, 6.625, 0.1875], "texture": "#0"}
			}
		},
		{
			"name": "right_mandible_1",
			"from": [14.75, 0.995, 6.5],
			"to": [19.75, 6.495, 12],
			"rotation": {"angle": -22.5, "axis": "y", "origin": [19.75, 6.5, 6.5]},
			"faces": {
				"north": {"uv": [7.4375, 0.875, 6.8125, 1.5625], "texture": "#0"},
				"east": {"uv": [8.125, 0.875, 7.4375, 1.5625], "texture": "#0"},
				"south": {"uv": [8.75, 0.875, 8.125, 1.5625], "texture": "#0"},
				"west": {"uv": [6.8125, 0.875, 6.125, 1.5625], "texture": "#0"},
				"up": {"uv": [6.8125, 0.875, 7.4375, 0.1875], "texture": "#0"},
				"down": {"uv": [7.4375, 0.1875, 8.0625, 0.875], "texture": "#0"}
			}
		},
		{
			"name": "right_mandible_2",
			"from": [14.75, 1, 1.5],
			"to": [19.75, 6.5, 6.5],
			"rotation": {"angle": 22.5, "axis": "y", "origin": [19.75, 6.5, 6.5]},
			"faces": {
				"north": {"uv": [10, 0.625, 9.375, 1.3125], "texture": "#0"},
				"east": {"uv": [10.625, 0.625, 10, 1.3125], "texture": "#0"},
				"south": {"uv": [11.25, 0.625, 10.625, 1.3125], "texture": "#0"},
				"west": {"uv": [9.375, 0.625, 8.75, 1.3125], "texture": "#0"},
				"up": {"uv": [9.375, 0.625, 10, 0], "texture": "#0"},
				"down": {"uv": [10, 0, 10.625, 0.625], "texture": "#0"}
			}
		},
		{
			"name": "right_mandible_3",
			"from": [14.75, 0.995, -1],
			"to": [17.25, 6.495, 3.5],
			"rotation": {"angle": 0, "axis": "y", "origin": [8, -2, 17.5]},
			"faces": {
				"north": {"uv": [12.125, 0.5625, 11.8125, 1.25], "texture": "#0"},
				"east": {"uv": [12.6875, 0.5625, 12.125, 1.25], "texture": "#0"},
				"south": {"uv": [13, 0.5625, 12.6875, 1.25], "texture": "#0"},
				"west": {"uv": [11.8125, 0.5625, 11.25, 1.25], "texture": "#0"},
				"up": {"uv": [11.8125, 0.5625, 12.125, 0], "texture": "#0"},
				"down": {"uv": [12.125, 0, 12.4375, 0.5625], "texture": "#0"}
			}
		},
		{
			"name": "right_mandible_4",
			"from": [9.25, 2, -3],
			"to": [20.25, 5.5, -1],
			"rotation": {"angle": -45, "axis": "y", "origin": [14.75, 6.5, -1]},
			"faces": {
				"north": {"uv": [8.625, 1.8125, 7.25, 2.25], "texture": "#0"},
				"east": {"uv": [8.875, 1.8125, 8.625, 2.25], "texture": "#0"},
				"south": {"uv": [10.25, 1.8125, 8.875, 2.25], "texture": "#0"},
				"west": {"uv": [7.25, 1.8125, 7, 2.25], "texture": "#0"},
				"up": {"uv": [7.25, 1.8125, 8.625, 1.5625], "texture": "#0"},
				"down": {"uv": [8.625, 1.5625, 10, 1.8125], "texture": "#0"}
			}
		},
		{
			"name": "right_mandible_5",
			"from": [14.75, 2.5, 11.5],
			"to": [17.75, 5, 17.5],
			"rotation": {"angle": -22.5, "axis": "y", "origin": [17.75, 4, 11.5]},
			"faces": {
				"north": {"uv": [8.125, 3, 7.75, 3.3125], "texture": "#0"},
				"east": {"uv": [8.875, 3, 8.125, 3.3125], "texture": "#0"},
				"south": {"uv": [9.25, 3, 8.875, 3.3125], "texture": "#0"},
				"west": {"uv": [7.75, 3, 7, 3.3125], "texture": "#0"},
				"up": {"uv": [7.75, 3, 8.125, 2.25], "texture": "#0"},
				"down": {"uv": [8.125, 2.25, 8.5, 3], "texture": "#0"}
			}
		},
		{
			"name": "right_mandible_6",
			"from": [14.75, 2.475, 16.5],
			"to": [17.75, 4.975, 18],
			"rotation": {"angle": 22.5, "axis": "y", "origin": [14.75, 4, 18]},
			"faces": {
				"north": {"uv": [10.875, 1.75, 10.5, 2.0625], "texture": "#0"},
				"east": {"uv": [11.0625, 1.75, 10.875, 2.0625], "texture": "#0"},
				"south": {"uv": [11.4375, 1.75, 11.0625, 2.0625], "texture": "#0"},
				"west": {"uv": [10.5, 1.75, 10.3125, 2.0625], "texture": "#0"},
				"up": {"uv": [10.5, 1.75, 10.875, 1.5625], "texture": "#0"},
				"down": {"uv": [10.875, 1.5625, 11.25, 1.75], "texture": "#0"}
			}
		},
		{
			"name": "head",
			"from": [1.25, -2, 3.5],
			"to": [14.75, 9.5, 18],
			"rotation": {"angle": 0, "axis": "y", "origin": [8, -2, 18]},
			"faces": {
				"north": {"uv": [1.8125, 1.8125, 3.5, 3.25], "texture": "#0"},
				"east": {"uv": [0, 1.8125, 1.8125, 3.25], "texture": "#0"},
				"south": {"uv": [5.3125, 1.8125, 7, 3.25], "texture": "#0"},
				"west": {"uv": [3.5, 1.8125, 5.3125, 3.25], "texture": "#0"},
				"up": {"uv": [3.5, 1.8125, 1.8125, 0], "texture": "#0"},
				"down": {"uv": [5.1875, 0, 3.5, 1.8125], "texture": "#0"}
			}
		},
		{
			"name": "horn_0",
			"from": [1.275, 8.5, 17],
			"to": [2.775, 10, 23],
			"rotation": {"angle": -22.5, "axis": "x", "origin": [2, 8.5, 18]},
			"faces": {
				"north": {"uv": [13.75, 0.75, 13.9375, 0.9375], "texture": "#0"},
				"east": {"uv": [13, 0.75, 13.75, 0.9375], "texture": "#0"},
				"south": {"uv": [14.6875, 0.75, 14.875, 0.9375], "texture": "#0"},
				"west": {"uv": [13.9375, 0.75, 14.6875, 0.9375], "texture": "#0"},
				"up": {"uv": [13.9375, 0.75, 13.75, 0], "texture": "#0"},
				"down": {"uv": [14.125, 0, 13.9375, 0.75], "texture": "#0"}
			}
		},
		{
			"name": "horn_1",
			"from": [13.225, 8.5, 17],
			"to": [14.725, 10, 23],
			"rotation": {"angle": -22.5, "axis": "x", "origin": [14, 8.5, 18]},
			"faces": {
				"north": {"uv": [13.9375, 0.75, 13.75, 0.9375], "texture": "#0"},
				"east": {"uv": [14.6875, 0.75, 13.9375, 0.9375], "texture": "#0"},
				"south": {"uv": [14.875, 0.75, 14.6875, 0.9375], "texture": "#0"},
				"west": {"uv": [13.75, 0.75, 13, 0.9375], "texture": "#0"},
				"up": {"uv": [13.75, 0.75, 13.9375, 0], "texture": "#0"},
				"down": {"uv": [13.9375, 0, 14.125, 0.75], "texture": "#0"}
			}
		},
		{
			"name": "horn_2",
			"from": [3.25, 8, 17.5],
			"to": [4.75, 9.5, 21],
			"rotation": {"angle": -22.5, "axis": "x", "origin": [4, 9.5, 17.5]},
			"faces": {
				"north": {"uv": [14.5625, 0.4375, 14.75, 0.625], "texture": "#0"},
				"east": {"uv": [14.125, 0.4375, 14.5625, 0.625], "texture": "#0"},
				"south": {"uv": [15.1875, 0.4375, 15.375, 0.625], "texture": "#0"},
				"west": {"uv": [14.75, 0.4375, 15.1875, 0.625], "texture": "#0"},
				"up": {"uv": [14.75, 0.4375, 14.5625, 0], "texture": "#0"},
				"down": {"uv": [14.9375, 0, 14.75, 0.4375], "texture": "#0"}
			}
		},
		{
			"name": "horn_3",
			"from": [11.25, 8, 17.5],
			"to": [12.75, 9.5, 21],
			"rotation": {"angle": -22.5, "axis": "x", "origin": [12, 9.5, 17.5]},
			"faces": {
				"north": {"uv": [14.75, 0.4375, 14.5625, 0.625], "texture": "#0"},
				"east": {"uv": [15.1875, 0.4375, 14.75, 0.625], "texture": "#0"},
				"south": {"uv": [15.375, 0.4375, 15.1875, 0.625], "texture": "#0"},
				"west": {"uv": [14.5625, 0.4375, 14.125, 0.625], "texture": "#0"},
				"up": {"uv": [14.5625, 0.4375, 14.75, 0], "texture": "#0"},
				"down": {"uv": [14.75, 0, 14.9375, 0.4375], "texture": "#0"}
			}
		},
		{
			"name": "tooth_0",
			"from": [7.25, 8, -2],
			"to": [8.75, 9.5, 3.5],
			"rotation": {"angle": 0, "axis": "y", "origin": [8, -2, 17.5]},
			"faces": {
				"north": {"uv": [0.6875, 0.6875, 0.875, 0.875], "texture": "#0"},
				"east": {"uv": [0, 0.6875, 0.6875, 0.875], "texture": "#0"},
				"south": {"uv": [1.5625, 0.6875, 1.75, 0.875], "texture": "#0"},
				"west": {"uv": [0.875, 0.6875, 1.5625, 0.875], "texture": "#0"},
				"up": {"uv": [0.875, 0.6875, 0.6875, 0], "texture": "#0"},
				"down": {"uv": [1.0625, 0, 0.875, 0.6875], "texture": "#0"}
			}
		},
		{
			"name": "tooth_1",
			"from": [4.25, 8, 0.5],
			"to": [5.25, 9, 3.5],
			"rotation": {"angle": -22.5, "axis": "y", "origin": [4.25, 8.5, 3.5]},
			"faces": {
				"north": {"uv": [0.375, 1.25, 0.5, 1.375], "texture": "#0"},
				"east": {"uv": [0, 1.25, 0.375, 1.375], "texture": "#0"},
				"south": {"uv": [0.875, 1.25, 1, 1.375], "texture": "#0"},
				"west": {"uv": [0.5, 1.25, 0.875, 1.375], "texture": "#0"},
				"up": {"uv": [0.5, 1.25, 0.375, 0.875], "texture": "#0"},
				"down": {"uv": [0.625, 0.875, 0.5, 1.25], "texture": "#0"}
			}
		},
		{
			"name": "tooth_2",
			"from": [10.75, 8, 0.5],
			"to": [11.75, 9, 3.5],
			"rotation": {"angle": 22.5, "axis": "y", "origin": [11.75, 8.5, 3.5]},
			"faces": {
				"north": {"uv": [0.5, 1.25, 0.375, 1.375], "texture": "#0"},
				"east": {"uv": [0.875, 1.25, 0.5, 1.375], "texture": "#0"},
				"south": {"uv": [1, 1.25, 0.875, 1.375], "texture": "#0"},
				"west": {"uv": [0.375, 1.25, 0, 1.375], "texture": "#0"},
				"up": {"uv": [0.375, 1.25, 0.5, 0.875], "texture": "#0"},
				"down": {"uv": [0.5, 0.875, 0.625, 1.25], "texture": "#0"}
			}
		},
		{
			"name": "tooth_3",
			"from": [3.25, -1.975, -2],
			"to": [4.75, -0.475, 3.5],
			"rotation": {"angle": -22.5, "axis": "y", "origin": [3.25, -2, 3.5]},
			"faces": {
				"north": {"uv": [0.6875, 0.6875, 0.875, 0.875], "texture": "#0"},
				"east": {"uv": [0, 0.6875, 0.6875, 0.875], "texture": "#0"},
				"south": {"uv": [1.5625, 0.6875, 1.75, 0.875], "texture": "#0"},
				"west": {"uv": [0.875, 0.6875, 1.5625, 0.875], "texture": "#0"},
				"up": {"uv": [0.875, 0.6875, 0.6875, 0], "texture": "#0"},
				"down": {"uv": [1.0625, 0, 0.875, 0.6875], "texture": "#0"}
			}
		},
		{
			"name": "tooth_4",
			"from": [11.25, -1.975, -2],
			"to": [12.75, -0.475, 3.5],
			"rotation": {"angle": 22.5, "axis": "y", "origin": [12.75, -2, 3.5]},
			"faces": {
				"north": {"uv": [0.875, 0.6875, 0.6875, 0.875], "texture": "#0"},
				"east": {"uv": [1.5625, 0.6875, 0.875, 0.875], "texture": "#0"},
				"south": {"uv": [1.75, 0.6875, 1.5625, 0.875], "texture": "#0"},
				"west": {"uv": [0.6875, 0.6875, 0, 0.875], "texture": "#0"},
				"up": {"uv": [0.6875, 0.6875, 0.875, 0], "texture": "#0"},
				"down": {"uv": [0.875, 0, 1.0625, 0.6875], "texture": "#0"}
			}
		},
		{
			"name": "tooth_5",
			"from": [7.5, -1.5, 0.5],
			"to": [8.5, -0.5, 3.5],
			"rotation": {"angle": 0, "axis": "y", "origin": [4.25, 8.5, 3.5]},
			"faces": {
				"north": {"uv": [0.875, 1.375, 1, 1.5], "texture": "#0"},
				"east": {"uv": [0.5, 1.375, 0.875, 1.5], "texture": "#0"},
				"south": {"uv": [1.375, 1.375, 1.5, 1.5], "texture": "#0"},
				"west": {"uv": [1, 1.375, 1.375, 1.5], "texture": "#0"},
				"up": {"uv": [1, 1.375, 0.875, 1], "texture": "#0"},
				"down": {"uv": [1.125, 1, 1, 1.375], "texture": "#0"}
			}
		},
		{
			"name": "tooth_6",
			"from": [1.75, 5, 0.5],
			"to": [2.75, 6, 3.5],
			"rotation": {"angle": -22.5, "axis": "y", "origin": [1.75, 6, 3.5]},
			"faces": {
				"north": {"uv": [0.375, 1.25, 0.5, 1.375], "texture": "#0"},
				"east": {"uv": [0, 1.25, 0.375, 1.375], "texture": "#0"},
				"south": {"uv": [0.875, 1.25, 1, 1.375], "texture": "#0"},
				"west": {"uv": [0.5, 1.25, 0.875, 1.375], "texture": "#0"},
				"up": {"uv": [0.5, 1.25, 0.375, 0.875], "texture": "#0"},
				"down": {"uv": [0.625, 0.875, 0.5, 1.25], "texture": "#0"}
			}
		},
		{
			"name": "tooth_7",
			"from": [1.75, 1.5, 0.5],
			"to": [2.75, 2.5, 3.5],
			"rotation": {"angle": -22.5, "axis": "y", "origin": [1.75, 6, 3.5]},
			"faces": {
				"north": {"uv": [0.375, 1.25, 0.5, 1.375], "texture": "#0"},
				"east": {"uv": [0, 1.25, 0.375, 1.375], "texture": "#0"},
				"south": {"uv": [0.875, 1.25, 1, 1.375], "texture": "#0"},
				"west": {"uv": [0.5, 1.25, 0.875, 1.375], "texture": "#0"},
				"up": {"uv": [0.5, 1.25, 0.375, 0.875], "texture": "#0"},
				"down": {"uv": [0.625, 0.875, 0.5, 1.25], "texture": "#0"}
			}
		},
		{
			"name": "tooth_8",
			"from": [13.25, 5, 0.5],
			"to": [14.25, 6, 3.5],
			"rotation": {"angle": 22.5, "axis": "y", "origin": [14.25, 6, 3.5]},
			"faces": {
				"north": {"uv": [0.5, 1.25, 0.375, 1.375], "texture": "#0"},
				"east": {"uv": [0.875, 1.25, 0.5, 1.375], "texture": "#0"},
				"south": {"uv": [1, 1.25, 0.875, 1.375], "texture": "#0"},
				"west": {"uv": [0.375, 1.25, 0, 1.375], "texture": "#0"},
				"up": {"uv": [0.375, 1.25, 0.5, 0.875], "texture": "#0"},
				"down": {"uv": [0.5, 0.875, 0.625, 1.25], "texture": "#0"}
			}
		},
		{
			"name": "tooth_9",
			"from": [13.25, 1.5, 0.5],
			"to": [14.25, 2.5, 3.5],
			"rotation": {"angle": 22.5, "axis": "y", "origin": [14.25, 6, 3.5]},
			"faces": {
				"north": {"uv": [0.5, 1.25, 0.375, 1.375], "texture": "#0"},
				"east": {"uv": [0.875, 1.25, 0.5, 1.375], "texture": "#0"},
				"south": {"uv": [1, 1.25, 0.875, 1.375], "texture": "#0"},
				"west": {"uv": [0.375, 1.25, 0, 1.375], "texture": "#0"},
				"up": {"uv": [0.375, 1.25, 0.5, 0.875], "texture": "#0"},
				"down": {"uv": [0.5, 0.875, 0.625, 1.25], "texture": "#0"}
			}
		}
	],
	"groups": [
		{
			"name": "head",
			"origin": [8, 6.75, 18],
			"color": 0,
			"children": [
				{
					"name": "left_mandible",
					"origin": [1.25, 6.75, 6.5],
					"color": 0,
					"children": [0, 1, 2, 3, 4, 5, 6]
				},
				{
					"name": "right_mandible",
					"origin": [14.75, 6.75, 6.5],
					"color": 0,
					"children": [7, 8, 9, 10, 11, 12, 13]
				},
				14,
				15,
				16,
				17,
				18,
				19,
				20,
				21,
				22,
				23,
				24,
				25,
				26,
				27,
				28
			]
		}
	],
	"display": {
		"head": {
			"scale": [3.6, 3.6, 3.6]
		}
	}
}
