{
	"credit": "Made with Blockbench",
	"texture_size": [256, 256],
	"textures": {
		"0": "mc_calamity:item/entity/desert_nuisance"
	},
	"elements": [
		{
			"name": "segment",
			"from": [0.75, -2, -0.5],
			"to": [15.25, 8, 17],
			"rotation": {"angle": 0, "axis": "y", "origin": [8, -2, -16.5]},
			"faces": {
				"north": {"uv": [2.1875, 8.125, 4, 9.375], "texture": "#0"},
				"east": {"uv": [0, 8.125, 2.1875, 9.375], "texture": "#0"},
				"south": {"uv": [6.1875, 8.125, 8, 9.375], "texture": "#0"},
				"west": {"uv": [4, 8.125, 6.1875, 9.375], "texture": "#0"},
				"up": {"uv": [4, 8.125, 2.1875, 5.9375], "texture": "#0"},
				"down": {"uv": [5.8125, 5.9375, 4, 8.125], "texture": "#0"}
			}
		},
		{
			"name": "spike_base_0",
			"from": [-0.25, 6, 6.5],
			"to": [2.75, 9, 9.5],
			"rotation": {"angle": 0, "axis": "y", "origin": [8, -2, -16.5]},
			"faces": {
				"north": {"uv": [5.75, 2.875, 6.125, 3.25], "texture": "#0"},
				"east": {"uv": [5.375, 2.875, 5.75, 3.25], "texture": "#0"},
				"south": {"uv": [6.5, 2.875, 6.875, 3.25], "texture": "#0"},
				"west": {"uv": [6.125, 2.875, 6.5, 3.25], "texture": "#0"},
				"up": {"uv": [6.125, 2.875, 5.75, 2.5], "texture": "#0"},
				"down": {"uv": [6.5, 2.5, 6.125, 2.875], "texture": "#0"}
			}
		},
		{
			"name": "spike_base_1",
			"from": [13.25, 6, 6.5],
			"to": [16.25, 9, 9.5],
			"rotation": {"angle": 0, "axis": "y", "origin": [8, -2, -16.5]},
			"faces": {
				"north": {"uv": [6.125, 2.875, 5.75, 3.25], "texture": "#0"},
				"east": {"uv": [6.5, 2.875, 6.125, 3.25], "texture": "#0"},
				"south": {"uv": [6.875, 2.875, 6.5, 3.25], "texture": "#0"},
				"west": {"uv": [5.75, 2.875, 5.375, 3.25], "texture": "#0"},
				"up": {"uv": [5.75, 2.875, 6.125, 2.5], "texture": "#0"},
				"down": {"uv": [6.125, 2.5, 6.5, 2.875], "texture": "#0"}
			}
		},
		{
			"name": "spike_base_2",
			"from": [-0.25, 6, 15],
			"to": [2.75, 9, 18],
			"rotation": {"angle": 0, "axis": "y", "origin": [8, -2, -16.5]},
			"faces": {
				"north": {"uv": [5.75, 2.875, 6.125, 3.25], "texture": "#0"},
				"east": {"uv": [5.375, 2.875, 5.75, 3.25], "texture": "#0"},
				"south": {"uv": [6.5, 2.875, 6.875, 3.25], "texture": "#0"},
				"west": {"uv": [6.125, 2.875, 6.5, 3.25], "texture": "#0"},
				"up": {"uv": [6.125, 2.875, 5.75, 2.5], "texture": "#0"},
				"down": {"uv": [6.5, 2.5, 6.125, 2.875], "texture": "#0"}
			}
		},
		{
			"name": "spike_base_3",
			"from": [13.25, 6, 15],
			"to": [16.25, 9, 18],
			"rotation": {"angle": 0, "axis": "y", "origin": [8, -2, -16.5]},
			"faces": {
				"north": {"uv": [6.125, 2.875, 5.75, 3.25], "texture": "#0"},
				"east": {"uv": [6.5, 2.875, 6.125, 3.25], "texture": "#0"},
				"south": {"uv": [6.875, 2.875, 6.5, 3.25], "texture": "#0"},
				"west": {"uv": [5.75, 2.875, 5.375, 3.25], "texture": "#0"},
				"up": {"uv": [5.75, 2.875, 6.125, 2.5], "texture": "#0"},
				"down": {"uv": [6.125, 2.5, 6.5, 2.875], "texture": "#0"}
			}
		},
		{
			"name": "spike_0",
			"from": [-2.75, 6.5, 7.5],
			"to": [0.75, 8.5, 9.5],
			"rotation": {"angle": 45, "axis": "y", "origin": [0.75, 7.5, 8.5]},
			"faces": {
				"north": {"uv": [5.375, 3.5, 5.8125, 3.75], "texture": "#0"},
				"east": {"uv": [5.125, 3.5, 5.375, 3.75], "texture": "#0"},
				"south": {"uv": [6.0625, 3.5, 6.5, 3.75], "texture": "#0"},
				"west": {"uv": [5.8125, 3.5, 6.0625, 3.75], "texture": "#0"},
				"up": {"uv": [5.8125, 3.5, 5.375, 3.25], "texture": "#0"},
				"down": {"uv": [6.25, 3.25, 5.8125, 3.5], "texture": "#0"}
			}
		},
		{
			"name": "spike_1",
			"from": [15.25, 6.5, 7.5],
			"to": [18.75, 8.5, 9.5],
			"rotation": {"angle": -45, "axis": "y", "origin": [15.25, 7.5, 8.5]},
			"faces": {
				"north": {"uv": [5.8125, 3.5, 5.375, 3.75], "texture": "#0"},
				"east": {"uv": [6.0625, 3.5, 5.8125, 3.75], "texture": "#0"},
				"south": {"uv": [6.5, 3.5, 6.0625, 3.75], "texture": "#0"},
				"west": {"uv": [5.375, 3.5, 5.125, 3.75], "texture": "#0"},
				"up": {"uv": [5.375, 3.5, 5.8125, 3.25], "texture": "#0"},
				"down": {"uv": [5.8125, 3.25, 6.25, 3.5], "texture": "#0"}
			}
		},
		{
			"name": "spike_2",
			"from": [-2.75, 6.5, 16],
			"to": [0.75, 8.5, 18],
			"rotation": {"angle": 45, "axis": "y", "origin": [0.75, 7.5, 17]},
			"faces": {
				"north": {"uv": [5.375, 3.5, 5.8125, 3.75], "texture": "#0"},
				"east": {"uv": [5.125, 3.5, 5.375, 3.75], "texture": "#0"},
				"south": {"uv": [6.0625, 3.5, 6.5, 3.75], "texture": "#0"},
				"west": {"uv": [5.8125, 3.5, 6.0625, 3.75], "texture": "#0"},
				"up": {"uv": [5.8125, 3.5, 5.375, 3.25], "texture": "#0"},
				"down": {"uv": [6.25, 3.25, 5.8125, 3.5], "texture": "#0"}
			}
		},
		{
			"name": "spike_3",
			"from": [15.25, 6.5, 16],
			"to": [18.75, 8.5, 18],
			"rotation": {"angle": -45, "axis": "y", "origin": [15.25, 7.5, 17]},
			"faces": {
				"north": {"uv": [5.8125, 3.5, 5.375, 3.75], "texture": "#0"},
				"east": {"uv": [6.0625, 3.5, 5.8125, 3.75], "texture": "#0"},
				"south": {"uv": [6.5, 3.5, 6.0625, 3.75], "texture": "#0"},
				"west": {"uv": [5.375, 3.5, 5.125, 3.75], "texture": "#0"},
				"up": {"uv": [5.375, 3.5, 5.8125, 3.25], "texture": "#0"},
				"down": {"uv": [5.8125, 3.25, 6.25, 3.5], "texture": "#0"}
			}
		},
		{
			"name": "spike_4",
			"from": [-3.25, 4.5, 5],
			"to": [0.75, 6, 6],
			"rotation": {"angle": 22.5, "axis": "y", "origin": [0.75, 6, 5]},
			"faces": {
				"north": {"uv": [7, 3, 7.5, 3.1875], "texture": "#0"},
				"east": {"uv": [6.875, 3, 7, 3.1875], "texture": "#0"},
				"south": {"uv": [7.625, 3, 8.125, 3.1875], "texture": "#0"},
				"west": {"uv": [7.5, 3, 7.625, 3.1875], "texture": "#0"},
				"up": {"uv": [7.5, 3, 7, 2.875], "texture": "#0"},
				"down": {"uv": [8, 2.875, 7.5, 3], "texture": "#0"}
			}
		},
		{
			"name": "spike_5",
			"from": [15.25, 4.5, 5],
			"to": [19.25, 6, 6],
			"rotation": {"angle": -22.5, "axis": "y", "origin": [15.25, 6, 5]},
			"faces": {
				"north": {"uv": [7.5, 3, 7, 3.1875], "texture": "#0"},
				"east": {"uv": [7.625, 3, 7.5, 3.1875], "texture": "#0"},
				"south": {"uv": [8.125, 3, 7.625, 3.1875], "texture": "#0"},
				"west": {"uv": [7, 3, 6.875, 3.1875], "texture": "#0"},
				"up": {"uv": [7, 3, 7.5, 2.875], "texture": "#0"},
				"down": {"uv": [7.5, 2.875, 8, 3], "texture": "#0"}
			}
		},
		{
			"name": "spike_6",
			"from": [-3.25, 4.5, 13.5],
			"to": [0.75, 6, 14.5],
			"rotation": {"angle": 22.5, "axis": "y", "origin": [0.75, 6, 13.5]},
			"faces": {
				"north": {"uv": [7, 3, 7.5, 3.1875], "texture": "#0"},
				"east": {"uv": [6.875, 3, 7, 3.1875], "texture": "#0"},
				"south": {"uv": [7.625, 3, 8.125, 3.1875], "texture": "#0"},
				"west": {"uv": [7.5, 3, 7.625, 3.1875], "texture": "#0"},
				"up": {"uv": [7.5, 3, 7, 2.875], "texture": "#0"},
				"down": {"uv": [8, 2.875, 7.5, 3], "texture": "#0"}
			}
		},
		{
			"name": "spike_7",
			"from": [15.25, 4.5, 13.5],
			"to": [19.25, 6, 14.5],
			"rotation": {"angle": -22.5, "axis": "y", "origin": [15.25, 6, 13.5]},
			"faces": {
				"north": {"uv": [7.5, 3, 7, 3.1875], "texture": "#0"},
				"east": {"uv": [7.625, 3, 7.5, 3.1875], "texture": "#0"},
				"south": {"uv": [8.125, 3, 7.625, 3.1875], "texture": "#0"},
				"west": {"uv": [7, 3, 6.875, 3.1875], "texture": "#0"},
				"up": {"uv": [7, 3, 7.5, 2.875], "texture": "#0"},
				"down": {"uv": [7.5, 2.875, 8, 3], "texture": "#0"}
			}
		},
		{
			"name": "spike_8",
			"from": [-0.75, 6.5, 5],
			"to": [1.25, 8, 6],
			"rotation": {"angle": -22.5, "axis": "z", "origin": [1.25, 8, 5.5]},
			"faces": {
				"north": {"uv": [8.25, 3, 8.5, 3.1875], "texture": "#0"},
				"east": {"uv": [8.125, 3, 8.25, 3.1875], "texture": "#0"},
				"south": {"uv": [8.625, 3, 8.875, 3.1875], "texture": "#0"},
				"west": {"uv": [8.5, 3, 8.625, 3.1875], "texture": "#0"},
				"up": {"uv": [8.5, 3, 8.25, 2.875], "texture": "#0"},
				"down": {"uv": [8.75, 2.875, 8.5, 3], "texture": "#0"}
			}
		},
		{
			"name": "spike_9",
			"from": [14.75, 6.5, 5],
			"to": [16.75, 8, 6],
			"rotation": {"angle": 22.5, "axis": "z", "origin": [14.75, 8, 5.5]},
			"faces": {
				"north": {"uv": [8.5, 3, 8.25, 3.1875], "texture": "#0"},
				"east": {"uv": [8.625, 3, 8.5, 3.1875], "texture": "#0"},
				"south": {"uv": [8.875, 3, 8.625, 3.1875], "texture": "#0"},
				"west": {"uv": [8.25, 3, 8.125, 3.1875], "texture": "#0"},
				"up": {"uv": [8.25, 3, 8.5, 2.875], "texture": "#0"},
				"down": {"uv": [8.5, 2.875, 8.75, 3], "texture": "#0"}
			}
		},
		{
			"name": "spike_10",
			"from": [-0.75, 6.5, 13.5],
			"to": [1.25, 8, 14.5],
			"rotation": {"angle": -22.5, "axis": "z", "origin": [1.25, 8, 14]},
			"faces": {
				"north": {"uv": [8.25, 3, 8.5, 3.1875], "texture": "#0"},
				"east": {"uv": [8.125, 3, 8.25, 3.1875], "texture": "#0"},
				"south": {"uv": [8.625, 3, 8.875, 3.1875], "texture": "#0"},
				"west": {"uv": [8.5, 3, 8.625, 3.1875], "texture": "#0"},
				"up": {"uv": [8.5, 3, 8.25, 2.875], "texture": "#0"},
				"down": {"uv": [8.75, 2.875, 8.5, 3], "texture": "#0"}
			}
		},
		{
			"name": "spike_11",
			"from": [14.75, 6.5, 13.5],
			"to": [16.75, 8, 14.5],
			"rotation": {"angle": 22.5, "axis": "z", "origin": [14.75, 8, 14]},
			"faces": {
				"north": {"uv": [8.5, 3, 8.25, 3.1875], "texture": "#0"},
				"east": {"uv": [8.625, 3, 8.5, 3.1875], "texture": "#0"},
				"south": {"uv": [8.875, 3, 8.625, 3.1875], "texture": "#0"},
				"west": {"uv": [8.25, 3, 8.125, 3.1875], "texture": "#0"},
				"up": {"uv": [8.25, 3, 8.5, 2.875], "texture": "#0"},
				"down": {"uv": [8.5, 2.875, 8.75, 3], "texture": "#0"}
			}
		}
	],
	"groups": [
		{
			"name": "segment_0",
			"origin": [8, 3, -0.5],
			"color": 0,
			"children": [0, 1, 2, 3, 4, 5, 6, 7, 8, 9, 10, 11, 12, 13, 14, 15, 16]
		}
	],
	"display": {
		"head": {
			"scale": [2, 2, 2]
		}
	}
}
