{
	"credit": "Made with Blockbench",
	"texture_size": [256, 256],
	"textures": {
		"0": "mc_calamity:item/entity/desert_nuisance"
	},
	"elements": [
		{
			"name": "segment",
			"from": [1.75, -2, 0],
			"to": [14.25, 8, 16],
			"rotation": {"angle": 0, "axis": "y", "origin": [8, -2, 0]},
			"faces": {
				"north": {"uv": [2, 4.6875, 3.5625, 5.9375], "texture": "#0"},
				"east": {"uv": [0, 4.6875, 2, 5.9375], "texture": "#0"},
				"south": {"uv": [5.5625, 4.6875, 7.125, 5.9375], "texture": "#0"},
				"west": {"uv": [3.5625, 4.6875, 5.5625, 5.9375], "texture": "#0"},
				"up": {"uv": [3.5625, 4.6875, 2, 2.6875], "texture": "#0"},
				"down": {"uv": [5.125, 2.6875, 3.5625, 4.6875], "texture": "#0"}
			}
		},
		{
			"name": "spike_base_0",
			"from": [0.75, 6, 14],
			"to": [3.75, 9, 17],
			"rotation": {"angle": 0, "axis": "y", "origin": [8.5, -2.5, 0]},
			"faces": {
				"north": {"uv": [5.75, 2.875, 6.125, 3.25], "texture": "#0"},
				"east": {"uv": [5.375, 2.875, 5.75, 3.25], "texture": "#0"},
				"south": {"uv": [6.5, 2.875, 6.875, 3.25], "texture": "#0"},
				"west": {"uv": [6.125, 2.875, 6.5, 3.25], "texture": "#0"},
				"up": {"uv": [6.125, 2.875, 5.75, 2.5], "texture": "#0"},
				"down": {"uv": [6.5, 2.5, 6.125, 2.875], "texture": "#0"}
			}
		},
		{
			"name": "spike_base_1",
			"from": [12.25, 6, 14],
			"to": [15.25, 9, 17],
			"rotation": {"angle": 0, "axis": "y", "origin": [7.5, -2.5, 0]},
			"faces": {
				"north": {"uv": [6.125, 2.875, 5.75, 3.25], "texture": "#0"},
				"east": {"uv": [6.5, 2.875, 6.125, 3.25], "texture": "#0"},
				"south": {"uv": [6.875, 2.875, 6.5, 3.25], "texture": "#0"},
				"west": {"uv": [5.75, 2.875, 5.375, 3.25], "texture": "#0"},
				"up": {"uv": [5.75, 2.875, 6.125, 2.5], "texture": "#0"},
				"down": {"uv": [6.125, 2.5, 6.5, 2.875], "texture": "#0"}
			}
		},
		{
			"name": "spike_0",
			"from": [-7.25, 3.5, 0.5],
			"to": [1.75, 6.5, 3],
			"rotation": {"angle": 0, "axis": "y", "origin": [1.75, 5.5, 0]},
			"faces": {
				"north": {"uv": [7, 2.5, 8.125, 2.875], "texture": "#0"},
				"east": {"uv": [6.6875, 2.5, 7, 2.875], "texture": "#0"},
				"south": {"uv": [8.4375, 2.5, 9.5625, 2.875], "texture": "#0"},
				"west": {"uv": [8.125, 2.5, 8.4375, 2.875], "texture": "#0"},
				"up": {"uv": [8.125, 2.5, 7, 2.1875], "texture": "#0"},
				"down": {"uv": [9.25, 2.1875, 8.125, 2.5], "texture": "#0"}
			}
		},
		{
			"name": "spike_1",
			"from": [-7.25, 4.5, 2],
			"to": [1.75, 7.5, 4.5],
			"rotation": {"angle": 22.5, "axis": "y", "origin": [1.75, 6.5, 2]},
			"faces": {
				"north": {"uv": [7, 2.5, 8.125, 2.875], "texture": "#0"},
				"east": {"uv": [6.6875, 2.5, 7, 2.875], "texture": "#0"},
				"south": {"uv": [8.4375, 2.5, 9.5625, 2.875], "texture": "#0"},
				"west": {"uv": [8.125, 2.5, 8.4375, 2.875], "texture": "#0"},
				"up": {"uv": [8.125, 2.5, 7, 2.1875], "texture": "#0"},
				"down": {"uv": [9.25, 2.1875, 8.125, 2.5], "texture": "#0"}
			}
		},
		{
			"name": "spike_2",
			"from": [14.25, 3.5, 0.5],
			"to": [23.25, 6.5, 3],
			"rotation": {"angle": 0, "axis": "y", "origin": [14.25, 5.5, 0]},
			"faces": {
				"north": {"uv": [8.125, 2.5, 7, 2.875], "texture": "#0"},
				"east": {"uv": [8.4375, 2.5, 8.125, 2.875], "texture": "#0"},
				"south": {"uv": [9.5625, 2.5, 8.4375, 2.875], "texture": "#0"},
				"west": {"uv": [7, 2.5, 6.6875, 2.875], "texture": "#0"},
				"up": {"uv": [7, 2.5, 8.125, 2.1875], "texture": "#0"},
				"down": {"uv": [8.125, 2.1875, 9.25, 2.5], "texture": "#0"}
			}
		},
		{
			"name": "spike_3",
			"from": [14.25, 4.5, 2],
			"to": [23.25, 7.5, 4.5],
			"rotation": {"angle": -22.5, "axis": "y", "origin": [14.25, 6.5, 2]},
			"faces": {
				"north": {"uv": [8.125, 2.5, 7, 2.875], "texture": "#0"},
				"east": {"uv": [8.4375, 2.5, 8.125, 2.875], "texture": "#0"},
				"south": {"uv": [9.5625, 2.5, 8.4375, 2.875], "texture": "#0"},
				"west": {"uv": [7, 2.5, 6.6875, 2.875], "texture": "#0"},
				"up": {"uv": [7, 2.5, 8.125, 2.1875], "texture": "#0"},
				"down": {"uv": [8.125, 2.1875, 9.25, 2.5], "texture": "#0"}
			}
		},
		{
			"name": "spike_4",
			"from": [6.75, 5.5, 8.5],
			"to": [9.25, 8, 16],
			"rotation": {"angle": -22.5, "axis": "x", "origin": [8, 8, 8.5]},
			"faces": {
				"north": {"uv": [13.625, 0.9375, 13.9375, 1.25], "texture": "#0"},
				"east": {"uv": [12.6875, 0.9375, 13.625, 1.25], "texture": "#0"},
				"south": {"uv": [14.875, 0.9375, 15.1875, 1.25], "texture": "#0"},
				"west": {"uv": [13.9375, 0.9375, 14.875, 1.25], "texture": "#0"},
				"up": {"uv": [13.9375, 0.9375, 13.625, 0], "texture": "#0"},
				"down": {"uv": [14.25, 0, 13.9375, 0.9375], "texture": "#0"}
			}
		},
		{
			"name": "spike_5",
			"from": [4.25, 6, 8.5],
			"to": [6.25, 8, 13],
			"rotation": {"angle": -22.5, "axis": "x", "origin": [5, 8, 8.5]},
			"faces": {
				"north": {"uv": [14.8125, 0.5625, 15.0625, 0.8125], "texture": "#0"},
				"east": {"uv": [14.25, 0.5625, 14.8125, 0.8125], "texture": "#0"},
				"south": {"uv": [15.625, 0.5625, 15.875, 0.8125], "texture": "#0"},
				"west": {"uv": [15.0625, 0.5625, 15.625, 0.8125], "texture": "#0"},
				"up": {"uv": [15.0625, 0.5625, 14.8125, 0], "texture": "#0"},
				"down": {"uv": [15.3125, 0, 15.0625, 0.5625], "texture": "#0"}
			}
		},
		{
			"name": "spike_6",
			"from": [9.75, 6, 8.5],
			"to": [11.75, 8, 13],
			"rotation": {"angle": -22.5, "axis": "x", "origin": [11, 8, 8.5]},
			"faces": {
				"north": {"uv": [15.0625, 0.5625, 14.8125, 0.8125], "texture": "#0"},
				"east": {"uv": [15.625, 0.5625, 15.0625, 0.8125], "texture": "#0"},
				"south": {"uv": [15.875, 0.5625, 15.625, 0.8125], "texture": "#0"},
				"west": {"uv": [14.8125, 0.5625, 14.25, 0.8125], "texture": "#0"},
				"up": {"uv": [14.8125, 0.5625, 15.0625, 0], "texture": "#0"},
				"down": {"uv": [15.0625, 0, 15.3125, 0.5625], "texture": "#0"}
			}
		},
		{
			"name": "spike_7",
			"from": [2.25, 6.5, 8],
			"to": [3.75, 8, 12],
			"rotation": {"angle": -22.5, "axis": "x", "origin": [3, 8, 8]},
			"faces": {
				"north": {"uv": [13.8125, 1.75, 13.625, 1.9375], "texture": "#0"},
				"east": {"uv": [14.3125, 1.75, 13.8125, 1.9375], "texture": "#0"},
				"south": {"uv": [14.5, 1.75, 14.3125, 1.9375], "texture": "#0"},
				"west": {"uv": [13.625, 1.75, 13.125, 1.9375], "texture": "#0"},
				"up": {"uv": [13.625, 1.75, 13.8125, 1.25], "texture": "#0"},
				"down": {"uv": [13.8125, 1.25, 14, 1.75], "texture": "#0"}
			}
		},
		{
			"name": "spike_8",
			"from": [12.25, 6.5, 8],
			"to": [13.75, 8, 12],
			"rotation": {"angle": -22.5, "axis": "x", "origin": [13, 8, 8]},
			"faces": {
				"north": {"uv": [13.625, 1.75, 13.8125, 1.9375], "texture": "#0"},
				"east": {"uv": [13.125, 1.75, 13.625, 1.9375], "texture": "#0"},
				"south": {"uv": [14.3125, 1.75, 14.5, 1.9375], "texture": "#0"},
				"west": {"uv": [13.8125, 1.75, 14.3125, 1.9375], "texture": "#0"},
				"up": {"uv": [13.8125, 1.75, 13.625, 1.25], "texture": "#0"},
				"down": {"uv": [14, 1.25, 13.8125, 1.75], "texture": "#0"}
			}
		},
		{
			"name": "spike_9",
			"from": [1.75, 5.5, 7.5],
			"to": [3.25, 7, 11],
			"rotation": {"angle": -22.5, "axis": "y", "origin": [1.75, 7, 7.5]},
			"faces": {
				"north": {"uv": [6.1875, 2.3125, 6.375, 2.5], "texture": "#0"},
				"east": {"uv": [5.75, 2.3125, 6.1875, 2.5], "texture": "#0"},
				"south": {"uv": [6.8125, 2.3125, 7, 2.5], "texture": "#0"},
				"west": {"uv": [6.375, 2.3125, 6.8125, 2.5], "texture": "#0"},
				"up": {"uv": [6.375, 2.3125, 6.1875, 1.875], "texture": "#0"},
				"down": {"uv": [6.5625, 1.875, 6.375, 2.3125], "texture": "#0"}
			}
		},
		{
			"name": "spike_10",
			"from": [1.75, 3, 7.5],
			"to": [3.25, 4.5, 11],
			"rotation": {"angle": -22.5, "axis": "y", "origin": [1.75, 4.5, 7.5]},
			"faces": {
				"north": {"uv": [6.1875, 2.3125, 6.375, 2.5], "texture": "#0"},
				"east": {"uv": [5.75, 2.3125, 6.1875, 2.5], "texture": "#0"},
				"south": {"uv": [6.8125, 2.3125, 7, 2.5], "texture": "#0"},
				"west": {"uv": [6.375, 2.3125, 6.8125, 2.5], "texture": "#0"},
				"up": {"uv": [6.375, 2.3125, 6.1875, 1.875], "texture": "#0"},
				"down": {"uv": [6.5625, 1.875, 6.375, 2.3125], "texture": "#0"}
			}
		},
		{
			"name": "spike_11",
			"from": [12.75, 5.5, 7.5],
			"to": [14.25, 7, 11],
			"rotation": {"angle": 22.5, "axis": "y", "origin": [14.25, 7, 7.5]},
			"faces": {
				"north": {"uv": [6.375, 2.3125, 6.1875, 2.5], "texture": "#0"},
				"east": {"uv": [6.8125, 2.3125, 6.375, 2.5], "texture": "#0"},
				"south": {"uv": [7, 2.3125, 6.8125, 2.5], "texture": "#0"},
				"west": {"uv": [6.1875, 2.3125, 5.75, 2.5], "texture": "#0"},
				"up": {"uv": [6.1875, 2.3125, 6.375, 1.875], "texture": "#0"},
				"down": {"uv": [6.375, 1.875, 6.5625, 2.3125], "texture": "#0"}
			}
		},
		{
			"name": "spike_12",
			"from": [12.75, 3, 7.5],
			"to": [14.25, 4.5, 11],
			"rotation": {"angle": 22.5, "axis": "y", "origin": [14.25, 4.5, 7.5]},
			"faces": {
				"north": {"uv": [6.375, 2.3125, 6.1875, 2.5], "texture": "#0"},
				"east": {"uv": [6.8125, 2.3125, 6.375, 2.5], "texture": "#0"},
				"south": {"uv": [7, 2.3125, 6.8125, 2.5], "texture": "#0"},
				"west": {"uv": [6.1875, 2.3125, 5.75, 2.5], "texture": "#0"},
				"up": {"uv": [6.1875, 2.3125, 6.375, 1.875], "texture": "#0"},
				"down": {"uv": [6.375, 1.875, 6.5625, 2.3125], "texture": "#0"}
			}
		},
		{
			"name": "spike_13",
			"from": [-1.75, 6.5, 15],
			"to": [1.75, 8.5, 17],
			"rotation": {"angle": 45, "axis": "y", "origin": [1.75, 7.5, 16]},
			"faces": {
				"north": {"uv": [5.375, 3.5, 5.8125, 3.75], "texture": "#0"},
				"east": {"uv": [5.125, 3.5, 5.375, 3.75], "texture": "#0"},
				"south": {"uv": [6.0625, 3.5, 6.5, 3.75], "texture": "#0"},
				"west": {"uv": [5.8125, 3.5, 6.0625, 3.75], "texture": "#0"},
				"up": {"uv": [5.8125, 3.5, 5.375, 3.25], "texture": "#0"},
				"down": {"uv": [6.25, 3.25, 5.8125, 3.5], "texture": "#0"}
			}
		},
		{
			"name": "spike_14",
			"from": [14.25, 6.5, 15],
			"to": [17.75, 8.5, 17],
			"rotation": {"angle": -45, "axis": "y", "origin": [14.25, 7.5, 16]},
			"faces": {
				"north": {"uv": [5.8125, 3.5, 5.375, 3.75], "texture": "#0"},
				"east": {"uv": [6.0625, 3.5, 5.8125, 3.75], "texture": "#0"},
				"south": {"uv": [6.5, 3.5, 6.0625, 3.75], "texture": "#0"},
				"west": {"uv": [5.375, 3.5, 5.125, 3.75], "texture": "#0"},
				"up": {"uv": [5.375, 3.5, 5.8125, 3.25], "texture": "#0"},
				"down": {"uv": [5.8125, 3.25, 6.25, 3.5], "texture": "#0"}
			}
		},
		{
			"name": "spike_15",
			"from": [-2.25, 4.5, 12.5],
			"to": [1.75, 6, 13.5],
			"rotation": {"angle": 22.5, "axis": "y", "origin": [1.75, 6, 12.5]},
			"faces": {
				"north": {"uv": [7, 3, 7.5, 3.1875], "texture": "#0"},
				"east": {"uv": [6.875, 3, 7, 3.1875], "texture": "#0"},
				"south": {"uv": [7.625, 3, 8.125, 3.1875], "texture": "#0"},
				"west": {"uv": [7.5, 3, 7.625, 3.1875], "texture": "#0"},
				"up": {"uv": [7.5, 3, 7, 2.875], "texture": "#0"},
				"down": {"uv": [8, 2.875, 7.5, 3], "texture": "#0"}
			}
		},
		{
			"name": "spike_16",
			"from": [14.25, 4.5, 12.5],
			"to": [18.25, 6, 13.5],
			"rotation": {"angle": -22.5, "axis": "y", "origin": [14.25, 6, 12.5]},
			"faces": {
				"north": {"uv": [7.5, 3, 7, 3.1875], "texture": "#0"},
				"east": {"uv": [7.625, 3, 7.5, 3.1875], "texture": "#0"},
				"south": {"uv": [8.125, 3, 7.625, 3.1875], "texture": "#0"},
				"west": {"uv": [7, 3, 6.875, 3.1875], "texture": "#0"},
				"up": {"uv": [7, 3, 7.5, 2.875], "texture": "#0"},
				"down": {"uv": [7.5, 2.875, 8, 3], "texture": "#0"}
			}
		},
		{
			"name": "spike_17",
			"from": [0.25, 6.5, 12.5],
			"to": [2.25, 8, 13.5],
			"rotation": {"angle": -22.5, "axis": "z", "origin": [2.25, 8, 13]},
			"faces": {
				"north": {"uv": [8.25, 3, 8.5, 3.1875], "texture": "#0"},
				"east": {"uv": [8.125, 3, 8.25, 3.1875], "texture": "#0"},
				"south": {"uv": [8.625, 3, 8.875, 3.1875], "texture": "#0"},
				"west": {"uv": [8.5, 3, 8.625, 3.1875], "texture": "#0"},
				"up": {"uv": [8.5, 3, 8.25, 2.875], "texture": "#0"},
				"down": {"uv": [8.75, 2.875, 8.5, 3], "texture": "#0"}
			}
		},
		{
			"name": "spike_18",
			"from": [13.75, 6.5, 12.5],
			"to": [15.75, 8, 13.5],
			"rotation": {"angle": 22.5, "axis": "z", "origin": [13.75, 8, 13]},
			"faces": {
				"north": {"uv": [8.5, 3, 8.25, 3.1875], "texture": "#0"},
				"east": {"uv": [8.625, 3, 8.5, 3.1875], "texture": "#0"},
				"south": {"uv": [8.875, 3, 8.625, 3.1875], "texture": "#0"},
				"west": {"uv": [8.25, 3, 8.125, 3.1875], "texture": "#0"},
				"up": {"uv": [8.25, 3, 8.5, 2.875], "texture": "#0"},
				"down": {"uv": [8.5, 2.875, 8.75, 3], "texture": "#0"}
			}
		}
	],
	"groups": [
		{
			"name": "bone",
			"origin": [13.75, 8, 13],
			"color": 0,
			"children": [0, 1, 2, 3, 4, 5, 6, 7, 8, 9, 10, 11, 12, 13, 14, 15, 16, 17, 18, 19, 20, 21]
		}
	],
	"display": {
		"head": {
			"scale": [2, 2, 2]
		}
	}
}
