{
	"credit": "Made with Blockbench",
	"texture_size": [256, 256],
	"textures": {
		"0": "mc_calamity:item/entity/desert_nuisance"
	},
	"elements": [
		{
			"name": "segment_0",
			"from": [2.25, -0.5, 0],
			"to": [13.75, 6.5, 12],
			"rotation": {"angle": 0, "axis": "y", "origin": [8, -2, -51]},
			"faces": {
				"north": {"uv": [1.5, 10.875, 2.9375, 11.75], "texture": "#0"},
				"east": {"uv": [0, 10.875, 1.5, 11.75], "texture": "#0"},
				"south": {"uv": [4.4375, 10.875, 5.875, 11.75], "texture": "#0"},
				"west": {"uv": [2.9375, 10.875, 4.4375, 11.75], "texture": "#0"},
				"up": {"uv": [2.9375, 10.875, 1.5, 9.375], "texture": "#0"},
				"down": {"uv": [4.375, 9.375, 2.9375, 10.875], "texture": "#0"}
			}
		},
		{
			"name": "segment_1",
			"from": [4.25, 0.5, 12],
			"to": [11.75, 5.5, 16.5],
			"rotation": {"angle": 0, "axis": "y", "origin": [8, -2, -51]},
			"faces": {
				"north": {"uv": [0.5625, 12.3125, 1.5, 12.9375], "texture": "#0"},
				"east": {"uv": [0, 12.3125, 0.5625, 12.9375], "texture": "#0"},
				"south": {"uv": [2.0625, 12.3125, 3, 12.9375], "texture": "#0"},
				"west": {"uv": [1.5, 12.3125, 2.0625, 12.9375], "texture": "#0"},
				"up": {"uv": [1.5, 12.3125, 0.5625, 11.75], "texture": "#0"},
				"down": {"uv": [2.4375, 11.75, 1.5, 12.3125], "texture": "#0"}
			}
		},
		{
			"name": "spike_base_0",
			"from": [1.25, 4.5, 10],
			"to": [4.25, 7.5, 13],
			"rotation": {"angle": 0, "axis": "y", "origin": [8, -2, -51]},
			"faces": {
				"north": {"uv": [5.75, 2.875, 6.125, 3.25], "texture": "#0"},
				"east": {"uv": [5.375, 2.875, 5.75, 3.25], "texture": "#0"},
				"south": {"uv": [6.5, 2.875, 6.875, 3.25], "texture": "#0"},
				"west": {"uv": [6.125, 2.875, 6.5, 3.25], "texture": "#0"},
				"up": {"uv": [6.125, 2.875, 5.75, 2.5], "texture": "#0"},
				"down": {"uv": [6.5, 2.5, 6.125, 2.875], "texture": "#0"}
			}
		},
		{
			"name": "spike_base_1",
			"from": [11.75, 4.5, 10],
			"to": [14.75, 7.5, 13],
			"rotation": {"angle": 0, "axis": "y", "origin": [8, -2, -51]},
			"faces": {
				"north": {"uv": [6.125, 2.875, 5.75, 3.25], "texture": "#0"},
				"east": {"uv": [6.5, 2.875, 6.125, 3.25], "texture": "#0"},
				"south": {"uv": [6.875, 2.875, 6.5, 3.25], "texture": "#0"},
				"west": {"uv": [5.75, 2.875, 5.375, 3.25], "texture": "#0"},
				"up": {"uv": [5.75, 2.875, 6.125, 2.5], "texture": "#0"},
				"down": {"uv": [6.125, 2.5, 6.5, 2.875], "texture": "#0"}
			}
		},
		{
			"name": "spike_0",
			"from": [-1.25, 5, 11],
			"to": [2.25, 7, 13],
			"rotation": {"angle": 45, "axis": "y", "origin": [2.25, 6, 12]},
			"faces": {
				"north": {"uv": [5.375, 3.5, 5.8125, 3.75], "texture": "#0"},
				"east": {"uv": [5.125, 3.5, 5.375, 3.75], "texture": "#0"},
				"south": {"uv": [6.0625, 3.5, 6.5, 3.75], "texture": "#0"},
				"west": {"uv": [5.8125, 3.5, 6.0625, 3.75], "texture": "#0"},
				"up": {"uv": [5.8125, 3.5, 5.375, 3.25], "texture": "#0"},
				"down": {"uv": [6.25, 3.25, 5.8125, 3.5], "texture": "#0"}
			}
		},
		{
			"name": "spike_1",
			"from": [13.75, 5, 11],
			"to": [17.25, 7, 13],
			"rotation": {"angle": -45, "axis": "y", "origin": [13.75, 6, 12]},
			"faces": {
				"north": {"uv": [5.8125, 3.5, 5.375, 3.75], "texture": "#0"},
				"east": {"uv": [6.0625, 3.5, 5.8125, 3.75], "texture": "#0"},
				"south": {"uv": [6.5, 3.5, 6.0625, 3.75], "texture": "#0"},
				"west": {"uv": [5.375, 3.5, 5.125, 3.75], "texture": "#0"},
				"up": {"uv": [5.375, 3.5, 5.8125, 3.25], "texture": "#0"},
				"down": {"uv": [5.8125, 3.25, 6.25, 3.5], "texture": "#0"}
			}
		},
		{
			"name": "spike_2",
			"from": [-1.75, 3, 8.5],
			"to": [2.25, 4.5, 9.5],
			"rotation": {"angle": 22.5, "axis": "y", "origin": [2.25, 4.5, 8.5]},
			"faces": {
				"north": {"uv": [7, 3, 7.5, 3.1875], "texture": "#0"},
				"east": {"uv": [6.875, 3, 7, 3.1875], "texture": "#0"},
				"south": {"uv": [7.625, 3, 8.125, 3.1875], "texture": "#0"},
				"west": {"uv": [7.5, 3, 7.625, 3.1875], "texture": "#0"},
				"up": {"uv": [7.5, 3, 7, 2.875], "texture": "#0"},
				"down": {"uv": [8, 2.875, 7.5, 3], "texture": "#0"}
			}
		},
		{
			"name": "spike_3",
			"from": [13.75, 3, 8.5],
			"to": [17.75, 4.5, 9.5],
			"rotation": {"angle": -22.5, "axis": "y", "origin": [13.75, 4.5, 8.5]},
			"faces": {
				"north": {"uv": [7.5, 3, 7, 3.1875], "texture": "#0"},
				"east": {"uv": [7.625, 3, 7.5, 3.1875], "texture": "#0"},
				"south": {"uv": [8.125, 3, 7.625, 3.1875], "texture": "#0"},
				"west": {"uv": [7, 3, 6.875, 3.1875], "texture": "#0"},
				"up": {"uv": [7, 3, 7.5, 2.875], "texture": "#0"},
				"down": {"uv": [7.5, 2.875, 8, 3], "texture": "#0"}
			}
		},
		{
			"name": "spike_4",
			"from": [0.75, 5, 8.5],
			"to": [2.75, 6.5, 9.5],
			"rotation": {"angle": -22.5, "axis": "z", "origin": [2.75, 6.5, 9]},
			"faces": {
				"north": {"uv": [8.25, 3, 8.5, 3.1875], "texture": "#0"},
				"east": {"uv": [8.125, 3, 8.25, 3.1875], "texture": "#0"},
				"south": {"uv": [8.625, 3, 8.875, 3.1875], "texture": "#0"},
				"west": {"uv": [8.5, 3, 8.625, 3.1875], "texture": "#0"},
				"up": {"uv": [8.5, 3, 8.25, 2.875], "texture": "#0"},
				"down": {"uv": [8.75, 2.875, 8.5, 3], "texture": "#0"}
			}
		},
		{
			"name": "spike_5",
			"from": [13.25, 5, 8.5],
			"to": [15.25, 6.5, 9.5],
			"rotation": {"angle": 22.5, "axis": "z", "origin": [13.25, 6.5, 9]},
			"faces": {
				"north": {"uv": [8.5, 3, 8.25, 3.1875], "texture": "#0"},
				"east": {"uv": [8.625, 3, 8.5, 3.1875], "texture": "#0"},
				"south": {"uv": [8.875, 3, 8.625, 3.1875], "texture": "#0"},
				"west": {"uv": [8.25, 3, 8.125, 3.1875], "texture": "#0"},
				"up": {"uv": [8.25, 3, 8.5, 2.875], "texture": "#0"},
				"down": {"uv": [8.5, 2.875, 8.75, 3], "texture": "#0"}
			}
		}
	],
	"groups": [
		{
			"name": "segment_last",
			"origin": [8, 3, 0],
			"color": 0,
			"children": [0, 1, 2, 3, 4, 5, 6, 7, 8, 9]
		}
	],
	"display": {
		"head": {
			"scale": [2, 2, 2]
		}
	}
}
