{
	"credit": "Made with Blockbench",
	"texture_size": [64, 64],
	"textures": {
		"4": "mc_calamity:item/entity/drippler_main",
		"6": "mc_calamity:item/entity/drippler_blink",
		"3": "mc_calamity:item/entity/drippler_drips"
	},
	"elements": [
		{
			"name": "body",
			"from": [1.5, 5, 1.5],
			"to": [14.5, 18, 14.5],
			"rotation": {"angle": 0, "axis": "y", "origin": [8, 0, 8]},
			"faces": {
				"north": {"uv": [3.25, 3.25, 6.5, 6.5], "texture": "#4"},
				"east": {"uv": [0, 3.25, 3.25, 6.5], "texture": "#4"},
				"south": {"uv": [9.75, 3.25, 13, 6.5], "texture": "#4"},
				"west": {"uv": [6.5, 3.25, 9.75, 6.5], "texture": "#4"},
				"up": {"uv": [6.5, 3.25, 3.25, 0], "texture": "#4"},
				"down": {"uv": [9.75, 0, 6.5, 3.25], "texture": "#4"}
			}
		},
		{
			"name": "drips_0",
			"from": [2.5, 0, 2.5],
			"to": [13.5, 5, 13.5],
			"rotation": {"angle": 0, "axis": "y", "origin": [8, 0, 8]},
			"faces": {
				"north": {"uv": [5.5, 0, 11, 5], "texture": "#3"},
				"east": {"uv": [0, 0, 5.5, 5], "texture": "#3"},
				"south": {"uv": [5.5, 5, 11, 10], "texture": "#3"},
				"west": {"uv": [0, 5, 5.5, 10], "texture": "#3"}
			}
		},
		{
			"name": "eye_0_open",
			"from": [0.5, 14, 0.5],
			"to": [5.5, 19, 5.5],
			"rotation": {"angle": 0, "axis": "y", "origin": [8, 0, 8]},
			"faces": {
				"north": {"uv": [6.25, 7.75, 7.5, 9], "texture": "#4"},
				"east": {"uv": [5, 7.75, 6.25, 9], "texture": "#4"},
				"south": {"uv": [8.75, 7.75, 10, 9], "texture": "#4"},
				"west": {"uv": [7.5, 7.75, 8.75, 9], "texture": "#4"},
				"up": {"uv": [7.5, 7.75, 6.25, 6.5], "texture": "#4"},
				"down": {"uv": [8.75, 6.5, 7.5, 7.75], "texture": "#4"}
			}
		},
		{
			"name": "eye_1_open",
			"from": [0.5, 6, 0.5],
			"to": [4.5, 11, 4.5],
			"rotation": {"angle": 0, "axis": "y", "origin": [8, 0, 8]},
			"faces": {
				"north": {"uv": [11, 9.75, 12, 11], "texture": "#4"},
				"east": {"uv": [10, 9.75, 11, 11], "texture": "#4"},
				"south": {"uv": [13, 9.75, 14, 11], "texture": "#4"},
				"west": {"uv": [12, 9.75, 13, 11], "texture": "#4"},
				"up": {"uv": [12, 9.75, 11, 8.75], "texture": "#4"},
				"down": {"uv": [13, 8.75, 12, 9.75], "texture": "#4"}
			}
		},
		{
			"name": "eye_2_open",
			"from": [11.475, 11, 0.525],
			"to": [15.475, 16, 4.525],
			"rotation": {"angle": 0, "axis": "y", "origin": [13.475, 13.5, 2.525]},
			"faces": {
				"north": {"uv": [5, 11.5, 6, 12.75], "texture": "#4"},
				"east": {"uv": [6, 11.5, 7, 12.75], "texture": "#4"},
				"south": {"uv": [7, 11.5, 8, 12.75], "texture": "#4"},
				"west": {"uv": [8, 11.5, 9, 12.75], "texture": "#4"},
				"up": {"uv": [10, 12.5, 9, 11.5], "texture": "#4"},
				"down": {"uv": [1, 11.75, 0, 12.75], "texture": "#4"}
			}
		},
		{
			"name": "eye_3_open",
			"from": [11.5, 7, 11.5],
			"to": [15.5, 12, 15.5],
			"rotation": {"angle": 0, "axis": "y", "origin": [8, 0, 8]},
			"faces": {
				"north": {"uv": [11, 12, 12, 13.25], "texture": "#4"},
				"east": {"uv": [10, 12, 11, 13.25], "texture": "#4"},
				"south": {"uv": [13, 12, 14, 13.25], "texture": "#4"},
				"west": {"uv": [12, 12, 13, 13.25], "texture": "#4"},
				"up": {"uv": [12, 12, 11, 11], "texture": "#4"},
				"down": {"uv": [13, 11, 12, 12], "texture": "#4"}
			}
		},
		{
			"name": "eye_4_open",
			"from": [7.5, 4, 0.5],
			"to": [13.5, 9, 4.5],
			"rotation": {"angle": 0, "axis": "y", "origin": [8, 0, 8]},
			"faces": {
				"north": {"uv": [1, 10.5, 2.5, 11.75], "texture": "#4"},
				"east": {"uv": [0, 10.5, 1, 11.75], "texture": "#4"},
				"south": {"uv": [3.5, 10.5, 5, 11.75], "texture": "#4"},
				"west": {"uv": [2.5, 10.5, 3.5, 11.75], "texture": "#4"},
				"up": {"uv": [2.5, 10.5, 1, 9.5], "texture": "#4"},
				"down": {"uv": [4, 9.5, 2.5, 10.5], "texture": "#4"}
			}
		},
		{
			"name": "eye_5_open",
			"from": [0.5, 4, 8.5],
			"to": [4.5, 8, 13.5],
			"rotation": {"angle": 0, "axis": "y", "origin": [14, 0, 16]},
			"faces": {
				"north": {"uv": [11.25, 7.75, 12.25, 8.75], "texture": "#4"},
				"east": {"uv": [10, 7.75, 11.25, 8.75], "texture": "#4"},
				"south": {"uv": [13.5, 7.75, 14.5, 8.75], "texture": "#4"},
				"west": {"uv": [12.25, 7.75, 13.5, 8.75], "texture": "#4"},
				"up": {"uv": [12.25, 7.75, 11.25, 6.5], "texture": "#4"},
				"down": {"uv": [13.25, 6.5, 12.25, 7.75], "texture": "#4"}
			}
		},
		{
			"name": "eye_6_open",
			"from": [10.5, 14, 10.5],
			"to": [15.5, 19, 15.5],
			"rotation": {"angle": 0, "axis": "y", "origin": [8, 0, 8]},
			"faces": {
				"north": {"uv": [6.25, 10.25, 7.5, 11.5], "texture": "#4"},
				"east": {"uv": [5, 10.25, 6.25, 11.5], "texture": "#4"},
				"south": {"uv": [8.75, 10.25, 10, 11.5], "texture": "#4"},
				"west": {"uv": [7.5, 10.25, 8.75, 11.5], "texture": "#4"},
				"up": {"uv": [7.5, 10.25, 6.25, 9], "texture": "#4"},
				"down": {"uv": [8.75, 9, 7.5, 10.25], "texture": "#4"}
			}
		},
		{
			"name": "eye_7_open",
			"from": [0.5, 10, 10.5],
			"to": [5.5, 17, 15.5],
			"rotation": {"angle": 0, "axis": "y", "origin": [8, -3, 18]},
			"faces": {
				"north": {"uv": [1.25, 7.75, 2.5, 9.5], "texture": "#4"},
				"east": {"uv": [0, 7.75, 1.25, 9.5], "texture": "#4"},
				"south": {"uv": [3.75, 7.75, 5, 9.5], "texture": "#4"},
				"west": {"uv": [2.5, 7.75, 3.75, 9.5], "texture": "#4"},
				"up": {"uv": [2.5, 7.75, 1.25, 6.5], "texture": "#4"},
				"down": {"uv": [3.75, 6.5, 2.5, 7.75], "texture": "#4"}
			}
		},
		{
			"name": "eye_7_closed",
			"from": [0.5, 10, 10.5],
			"to": [5.5, 17, 15.5],
			"rotation": {"angle": 0, "axis": "y", "origin": [8, -3, 18]},
			"faces": {
				"south": {"uv": [0, 0, 2.5, 3.43519], "texture": "#6"},
				"west": {"uv": [2.5, 0, 5, 3.43519], "texture": "#6"}
			}
		},
		{
			"name": "eye_6_closed",
			"from": [10.5, 14, 10.5],
			"to": [15.5, 19, 15.5],
			"rotation": {"angle": 0, "axis": "y", "origin": [8, 0, 8]},
			"faces": {
				"east": {"uv": [3, 3.43519, 5.5, 5.88889], "texture": "#6"},
				"south": {"uv": [5, 0, 7.5, 2.4537], "texture": "#6"},
				"west": {"uv": [5.5, 2.4537, 8, 4.90741], "texture": "#6"},
				"up": {"uv": [8, 7.36111, 5.5, 4.90741], "texture": "#6"},
				"down": {"uv": [2.5, 5.88889, 0, 8.34259], "texture": "#6"}
			}
		},
		{
			"name": "eye_5_closed",
			"from": [0.5, 4, 8.5],
			"to": [4.5, 8, 13.5],
			"rotation": {"angle": 0, "axis": "y", "origin": [14, 0, 16]},
			"faces": {
				"south": {"uv": [10.5, 4.41667, 12.5, 6.37963], "texture": "#6"},
				"west": {"uv": [8, 4.41667, 10.5, 6.37963], "texture": "#6"},
				"down": {"uv": [2, 8.34259, 0, 10.7963], "texture": "#6"}
			}
		},
		{
			"name": "eye_4_closed",
			"from": [7.5, 4, 0.5],
			"to": [13.5, 9, 4.5],
			"rotation": {"angle": 0, "axis": "y", "origin": [8, 0, 8]},
			"faces": {
				"north": {"uv": [0, 3.43519, 3, 5.88889], "texture": "#6"},
				"down": {"uv": [11, 2.4537, 8, 4.41667], "texture": "#6"}
			}
		},
		{
			"name": "eye_3_closed",
			"from": [11.5, 7, 11.5],
			"to": [15.5, 12, 15.5],
			"rotation": {"angle": 0, "axis": "y", "origin": [8, 0, 8]},
			"faces": {
				"north": {"uv": [2, 8.34259, 4, 10.7963], "texture": "#6"},
				"east": {"uv": [10, 0, 12, 2.4537], "texture": "#6"},
				"south": {"uv": [4, 9.81481, 6, 12.26852], "texture": "#6"}
			}
		},
		{
			"name": "eye_2_closed",
			"from": [11.5, 11, 0.5],
			"to": [15.5, 16, 4.5],
			"rotation": {"angle": 0, "axis": "y", "origin": [8, 0, 8]},
			"faces": {
				"north": {"uv": [6, 9.81481, 8, 12.26852], "texture": "#6"},
				"east": {"uv": [10, 6.37963, 12, 8.83333], "texture": "#6"},
				"west": {"uv": [8, 9.81481, 10, 12.26852], "texture": "#6"},
				"down": {"uv": [13, 2.4537, 11, 4.41667], "texture": "#6"}
			}
		},
		{
			"name": "eye_1_closed",
			"from": [0.5, 6, 0.5],
			"to": [4.5, 11, 4.5],
			"rotation": {"angle": 0, "axis": "y", "origin": [8, 0, 8]},
			"faces": {
				"north": {"uv": [10, 8.83333, 12, 11.28704], "texture": "#6"},
				"east": {"uv": [0, 10.7963, 2, 13.25], "texture": "#6"},
				"west": {"uv": [2, 10.7963, 4, 13.25], "texture": "#6"}
			}
		},
		{
			"name": "eye_0_closed",
			"from": [0.5, 14, 0.5],
			"to": [5.5, 19, 5.5],
			"rotation": {"angle": 0, "axis": "y", "origin": [8, 0, 8]},
			"faces": {
				"north": {"uv": [2.5, 5.88889, 5, 8.34259], "texture": "#6"},
				"west": {"uv": [7.5, 0, 10, 2.4537], "texture": "#6"},
				"up": {"uv": [7.5, 9.81481, 5, 7.36111], "texture": "#6"},
				"down": {"uv": [10, 7.36111, 7.5, 9.81481], "texture": "#6"}
			}
		}
	],
	"groups": [
		{
			"name": "drippler",
			"origin": [8, 0, 8],
			"color": 0,
			"children": [
				0,
				{
					"name": "drips",
					"origin": [8, 0, 8],
					"color": 0,
					"children": [
						{
							"name": "drips_0",
							"origin": [8, 5, 8],
							"color": 0,
							"children": [1]
						}
					]
				},
				{
					"name": "eyes",
					"origin": [8, 0, 8],
					"color": 0,
					"children": [
						{
							"name": "eye_0_open",
							"origin": [8, 0, 8],
							"color": 0,
							"children": [2]
						},
						{
							"name": "eye_1_open",
							"origin": [8, 0, 8],
							"color": 0,
							"children": [3]
						},
						{
							"name": "eye_2_open",
							"origin": [8, 0, 8],
							"color": 0,
							"children": [4]
						},
						{
							"name": "eye_3_open",
							"origin": [8, 0, 8],
							"color": 0,
							"children": [5]
						},
						{
							"name": "eye_4_open",
							"origin": [8, 0, 8],
							"color": 0,
							"children": [6]
						},
						{
							"name": "eye_5_open",
							"origin": [8, 0, 8],
							"color": 0,
							"children": [7]
						},
						{
							"name": "eye_6_open",
							"origin": [8, 0, 8],
							"color": 0,
							"children": [8]
						},
						{
							"name": "eye_7_open",
							"origin": [8, 0, 8],
							"color": 0,
							"children": [9]
						}
					]
				}
			]
		},
		{
			"name": "bone",
			"origin": [8, 0, 8],
			"color": 0,
			"children": [10, 11, 12, 13, 14, 15, 16, 17]
		}
	]
}
