{
	"credit": "Made by Skart2000",
	"textures": {
		"finch": "mc_calamity:item/entity/finch"
	},
	"elements": [
		{
			"name": "finch",
			"from": [6, 3.1, 5],
			"to": [10, 7.1, 10],
			"faces": {
				"north": {"uv": [5, 0, 9, 4], "texture": "#finch"},
				"east": {"uv": [5, 0, 0, 4], "texture": "#finch"},
				"south": {"uv": [9, 0, 13, 4], "texture": "#finch"},
				"west": {"uv": [0, 0, 5, 4], "texture": "#finch"},
				"up": {"uv": [0, 4, 5, 8], "rotation": 90, "texture": "#finch"},
				"down": {"uv": [5, 4, 10, 8], "rotation": 90, "texture": "#finch"}
			}
		},
		{
			"name": "left_wing",
			"from": [5, 3.1, 7],
			"to": [6, 6.1, 11],
			"faces": {
				"north": {"uv": [10, 10, 13, 11], "rotation": 90, "texture": "#finch"},
				"east": {"uv": [10, 4, 14, 7], "texture": "#finch"},
				"south": {"uv": [10, 9, 13, 10], "rotation": 90, "texture": "#finch"},
				"west": {"uv": [14, 4, 10, 7], "texture": "#finch"},
				"up": {"uv": [14, 7, 10, 8], "rotation": 90, "texture": "#finch"},
				"down": {"uv": [14, 8, 10, 9], "rotation": 90, "texture": "#finch"}
			}
		},
		{
			"name": "right_wing",
			"from": [10, 3.1, 7],
			"to": [11, 6.1, 11],
			"faces": {
				"north": {"uv": [10, 11, 13, 10], "rotation": 90, "texture": "#finch"},
				"east": {"uv": [10, 4, 14, 7], "texture": "#finch"},
				"south": {"uv": [10, 10, 13, 9], "rotation": 90, "texture": "#finch"},
				"west": {"uv": [14, 4, 10, 7], "texture": "#finch"},
				"up": {"uv": [14, 8, 10, 7], "rotation": 90, "texture": "#finch"},
				"down": {"uv": [14, 9, 10, 8], "rotation": 90, "texture": "#finch"}
			}
		},
		{
			"name": "legs_0",
			"from": [6.5, 2.1, 8],
			"to": [9.5, 3.1, 8],
			"faces": {
				"north": {"uv": [4, 8, 7, 9], "texture": "#finch"},
				"south": {"uv": [4, 8, 7, 9], "texture": "#finch"}
			}
		},
		{
			"name": "legs_1",
			"from": [5.5, 2.09908, 6.00038],
			"to": [10.5, 2.09908, 8.00038],
			"faces": {
				"up": {"uv": [4, 9, 9, 11], "rotation": 180, "texture": "#finch"},
				"down": {"uv": [4, 9, 9, 11], "texture": "#finch"}
			}
		},
		{
			"name": "beak",
			"from": [8, 4.6, 4],
			"to": [8, 5.6, 5],
			"faces": {
				"east": {"uv": [13, 0, 14, 1], "texture": "#finch"},
				"west": {"uv": [13, 0, 14, 1], "texture": "#finch"}
			}
		}
	],
	"display": {
		"thirdperson_righthand": {
			"rotation": [75, 45, 0],
			"translation": [0, 2.5, 2.5],
			"scale": [0.375, 0.375, 0.375]
		},
		"thirdperson_lefthand": {
			"rotation": [75, 45, 0],
			"translation": [0, 2.5, 2.5],
			"scale": [0.375, 0.375, 0.375]
		},
		"firstperson_righthand": {
			"rotation": [180, 45, 180],
			"translation": [0, 3, 0],
			"scale": [0.4, 0.4, 0.4]
		},
		"firstperson_lefthand": {
			"rotation": [180, 45, 180],
			"translation": [0, 3, 0],
			"scale": [0.4, 0.4, 0.4]
		},
		"ground": {
			"translation": [0, 3, 0],
			"scale": [0.25, 0.25, 0.25]
		},
		"gui": {
			"rotation": [30, 225, 0],
			"translation": [0, 4.25, 0],
			"scale": [0.8, 0.8, 0.8]
		},
		"head": {
			"translation": [0, 20.25, 0],
			"scale": [1.75, 1.75, 1.75]
		},
		"fixed": {
			"rotation": [-90, 0, 0],
			"translation": [0, 0, -6.25]
		}
	},
	"groups": [
		{
			"name": "finch",
			"origin": [8, 8, 8],
			"color": 0,
			"children": [0, 1, 2, 3, 4, 5]
		}
	]
}
