{"textures":{"0":"mc_calamity:item/entity/green_jellyfish"},"elements":[{"from":[8,0,8],"to":[8.000001,1e-06,8.000001],"faces":{"north":{"uv":[0.025,0.1375,0.225,0.2375],"texture":"#0","tintindex":0}}},{"from":[8,0,8],"to":[8.000001,1e-06,8.000001],"faces":{"north":{"uv":[0.275,0.1375,0.475,0.2375],"texture":"#0","tintindex":0}}},{"from":[8,0,8],"to":[8.000001,1e-06,8.000001],"faces":{"north":{"uv":[0.525,0.1375,0.725,0.2375],"texture":"#0","tintindex":0}}},{"from":[8,0,8],"to":[8.000001,1e-06,8.000001],"faces":{"north":{"uv":[0.775,0.1375,0.975,0.2375],"texture":"#0","tintindex":0}}},{"from":[8,0,8],"to":[8.000001,1e-06,8.000001],"faces":{"north":{"uv":[1.025,0.1375,1.225,0.2375],"texture":"#0","tintindex":0}}},{"from":[8,0,8],"to":[8.000001,1e-06,8.000001],"faces":{"north":{"uv":[1.275,0.1375,1.475,0.2375],"texture":"#0","tintindex":0}}},{"from":[8,0,8],"to":[8.000001,1e-06,8.000001],"faces":{"north":{"uv":[1.525,0.1375,1.725,0.2375],"texture":"#0","tintindex":0}}},{"from":[8,0,8],"to":[8.000001,1e-06,8.000001],"faces":{"north":{"uv":[1.775,0.1375,1.975,0.2375],"texture":"#0","tintindex":0}}},{"from":[8,0,8],"to":[8.000001,1e-06,8.000001],"faces":{"north":{"uv":[2.025,0.1375,2.225,0.2375],"texture":"#0","tintindex":0}}},{"from":[8,0,8],"to":[8.000001,1e-06,8.000001],"faces":{"north":{"uv":[2.275,0.1375,2.475,0.2375],"texture":"#0","tintindex":0}}},{"from":[8,0,8],"to":[8.000001,1e-06,8.000001],"faces":{"north":{"uv":[2.525,0.1375,2.725,0.2375],"texture":"#0","tintindex":0}}},{"from":[8,0,8],"to":[8.000001,1e-06,8.000001],"faces":{"north":{"uv":[2.775,0.1375,2.975,0.2375],"texture":"#0","tintindex":0}}},{"from":[8,0,8],"to":[8.000001,1e-06,8.000001],"faces":{"north":{"uv":[3.025,0.1375,3.225,0.2375],"texture":"#0","tintindex":0}}},{"from":[8,0,8],"to":[8.000001,1e-06,8.000001],"faces":{"north":{"uv":[3.275,0.1375,3.475,0.2375],"texture":"#0","tintindex":0}}},{"from":[8,0,8],"to":[8.000001,1e-06,8.000001],"faces":{"north":{"uv":[3.525,0.1375,3.725,0.2375],"texture":"#0","tintindex":0}}},{"from":[8,0,8],"to":[8.000001,1e-06,8.000001],"faces":{"north":{"uv":[3.775,0.1375,3.975,0.2375],"texture":"#0","tintindex":0}}},{"from":[8,0,8],"to":[8.000001,1e-06,8.000001],"faces":{"north":{"uv":[4.025,0.1375,4.225,0.2375],"texture":"#0","tintindex":0}}},{"from":[8,0,8],"to":[8.000001,1e-06,8.000001],"faces":{"north":{"uv":[4.275,0.1375,4.475,0.2375],"texture":"#0","tintindex":0}}},{"from":[8,0,8],"to":[8.000001,1e-06,8.000001],"faces":{"north":{"uv":[4.525,0.1375,4.725,0.2375],"texture":"#0","tintindex":0}}},{"from":[8,0,8],"to":[8.000001,1e-06,8.000001],"faces":{"north":{"uv":[4.775,0.1375,4.975,0.2375],"texture":"#0","tintindex":0}}},{"from":[8,0,8],"to":[8.000001,1e-06,8.000001],"faces":{"north":{"uv":[5.025,0.1375,5.225,0.2375],"texture":"#0","tintindex":0}}},{"from":[8,0,8],"to":[8.000001,1e-06,8.000001],"faces":{"north":{"uv":[5.275,0.1375,5.475,0.2375],"texture":"#0","tintindex":0}}},{"from":[8,0,8],"to":[8.000001,1e-06,8.000001],"faces":{"north":{"uv":[5.525,0.1375,5.725,0.2375],"texture":"#0","tintindex":0}}},{"from":[8,0,8],"to":[8.000001,1e-06,8.000001],"faces":{"north":{"uv":[5.775,0.1375,5.975,0.2375],"texture":"#0","tintindex":0}}},{"from":[8,0,8],"to":[8.000001,1e-06,8.000001],"faces":{"north":{"uv":[6.025,0.1375,6.225,0.2375],"texture":"#0","tintindex":0}}},{"from":[8,0,8],"to":[8.000001,1e-06,8.000001],"faces":{"north":{"uv":[6.275,0.1375,6.475,0.2375],"texture":"#0","tintindex":0}}},{"from":[8,0,8],"to":[8.000001,1e-06,8.000001],"faces":{"north":{"uv":[6.525,0.1375,6.725,0.2375],"texture":"#0","tintindex":0}}},{"from":[8,0,8],"to":[8.000001,1e-06,8.000001],"faces":{"north":{"uv":[6.775,0.1375,6.975,0.2375],"texture":"#0","tintindex":0}}},{"from":[8,0,8],"to":[8.000001,1e-06,8.000001],"faces":{"north":{"uv":[7.025,0.1375,7.225,0.2375],"texture":"#0","tintindex":0}}},{"from":[8,0,8],"to":[8.000001,1e-06,8.000001],"faces":{"north":{"uv":[7.275,0.1375,7.475,0.2375],"texture":"#0","tintindex":0}}},{"from":[8,0,8],"to":[8.000001,1e-06,8.000001],"faces":{"north":{"uv":[7.525,0.1375,7.725,0.2375],"texture":"#0","tintindex":0}}},{"from":[8,0,8],"to":[8.000001,1e-06,8.000001],"faces":{"north":{"uv":[7.775,0.1375,7.975,0.2375],"texture":"#0","tintindex":0}}},{"from":[8,0,8],"to":[8.000001,1e-06,8.000001],"faces":{"north":{"uv":[8.025,0.1375,8.225,0.2375],"texture":"#0","tintindex":0}}},{"from":[8,0,8],"to":[8.000001,1e-06,8.000001],"faces":{"north":{"uv":[8.275,0.1375,8.475,0.2375],"texture":"#0","tintindex":0}}},{"from":[8,0,8],"to":[8.000001,1e-06,8.000001],"faces":{"north":{"uv":[8.525,0.1375,8.725,0.2375],"texture":"#0","tintindex":0}}},{"from":[8,0,8],"to":[8.000001,1e-06,8.000001],"faces":{"north":{"uv":[8.775,0.1375,8.975,0.2375],"texture":"#0","tintindex":0}}},{"from":[8,0,8],"to":[8.000001,1e-06,8.000001],"faces":{"north":{"uv":[9.025,0.1375,9.225,0.2375],"texture":"#0","tintindex":0}}},{"from":[8,0,8],"to":[8.000001,1e-06,8.000001],"faces":{"north":{"uv":[9.275,0.1375,9.475,0.2375],"texture":"#0","tintindex":0}}},{"from":[8,0,8],"to":[8.000001,1e-06,8.000001],"faces":{"north":{"uv":[9.525,0.1375,9.725,0.2375],"texture":"#0","tintindex":0}}},{"from":[8,0,8],"to":[8.000001,1e-06,8.000001],"faces":{"north":{"uv":[9.775,0.1375,9.975,0.2375],"texture":"#0","tintindex":0}}},{"from":[8,0,8],"to":[8.000001,1e-06,8.000001],"faces":{"north":{"uv":[10.025,0.1375,10.225,0.2375],"texture":"#0","tintindex":0}}},{"from":[8,0,8],"to":[8.000001,1e-06,8.000001],"faces":{"north":{"uv":[10.275,0.1375,10.475,0.2375],"texture":"#0","tintindex":0}}},{"from":[8,0,8],"to":[8.000001,1e-06,8.000001],"faces":{"north":{"uv":[10.525,0.1375,10.725,0.2375],"texture":"#0","tintindex":0}}},{"from":[8,0,8],"to":[8.000001,1e-06,8.000001],"faces":{"north":{"uv":[10.775,0.1375,10.975,0.2375],"texture":"#0","tintindex":0}}},{"from":[8,0,8],"to":[8.000001,1e-06,8.000001],"faces":{"north":{"uv":[11.025,0.1375,11.225,0.2375],"texture":"#0","tintindex":0}}},{"from":[8,0,8],"to":[8.000001,1e-06,8.000001],"faces":{"north":{"uv":[11.275,0.1375,11.475,0.2375],"texture":"#0","tintindex":0}}},{"from":[8,0,8],"to":[8.000001,1e-06,8.000001],"faces":{"north":{"uv":[11.525,0.1375,11.725,0.2375],"texture":"#0","tintindex":0}}},{"from":[8,0,8],"to":[8.000001,1e-06,8.000001],"faces":{"north":{"uv":[11.775,0.1375,11.975,0.2375],"texture":"#0","tintindex":0}}},{"from":[8,0,8],"to":[8.000001,1e-06,8.000001],"faces":{"north":{"uv":[12.025,0.1375,12.225,0.2375],"texture":"#0","tintindex":0}}},{"from":[8,0,8],"to":[8.000001,1e-06,8.000001],"faces":{"north":{"uv":[12.275,0.1375,12.475,0.2375],"texture":"#0","tintindex":0}}},{"from":[8,0,8],"to":[8.000001,1e-06,8.000001],"faces":{"north":{"uv":[12.525,0.1375,12.725,0.2375],"texture":"#0","tintindex":0}}},{"from":[8,0,8],"to":[8.000001,1e-06,8.000001],"faces":{"north":{"uv":[12.775,0.1375,12.975,0.2375],"texture":"#0","tintindex":0}}},{"from":[8,0,8],"to":[8.000001,1e-06,8.000001],"faces":{"north":{"uv":[13.025,0.1375,13.225,0.2375],"texture":"#0","tintindex":0}}},{"from":[8,0,8],"to":[8.000001,1e-06,8.000001],"faces":{"north":{"uv":[13.275,0.1375,13.475,0.2375],"texture":"#0","tintindex":0}}},{"from":[8,0,8],"to":[8.000001,1e-06,8.000001],"faces":{"north":{"uv":[13.525,0.1375,13.725,0.2375],"texture":"#0","tintindex":0}}},{"from":[8,0,8],"to":[8.000001,1e-06,8.000001],"faces":{"north":{"uv":[13.775,0.1375,13.975,0.2375],"texture":"#0","tintindex":0}}},{"from":[8,0,8],"to":[8.000001,1e-06,8.000001],"faces":{"north":{"uv":[14.025,0.1375,14.225,0.2375],"texture":"#0","tintindex":0}}},{"from":[8,0,8],"to":[8.000001,1e-06,8.000001],"faces":{"north":{"uv":[14.275,0.1375,14.475,0.2375],"texture":"#0","tintindex":0}}},{"from":[8,0,8],"to":[8.000001,1e-06,8.000001],"faces":{"north":{"uv":[14.525,0.1375,14.725,0.2375],"texture":"#0","tintindex":0}}},{"from":[8,0,8],"to":[8.000001,1e-06,8.000001],"faces":{"north":{"uv":[14.775,0.1375,14.975,0.2375],"texture":"#0","tintindex":0}}},{"from":[8,0,8],"to":[8.000001,1e-06,8.000001],"faces":{"north":{"uv":[15.025,0.1375,15.225,0.2375],"texture":"#0","tintindex":0}}},{"from":[8,0,8],"to":[8.000001,1e-06,8.000001],"faces":{"north":{"uv":[15.275,0.1375,15.475,0.2375],"texture":"#0","tintindex":0}}},{"from":[8,0,8],"to":[8.000001,1e-06,8.000001],"faces":{"north":{"uv":[15.525,0.1375,15.725,0.2375],"texture":"#0","tintindex":0}}},{"from":[8,0,8],"to":[8.000001,1e-06,8.000001],"faces":{"north":{"uv":[15.775,0.1375,15.975,0.2375],"texture":"#0","tintindex":0}}},{"from":[8,0,8],"to":[8.000001,1e-06,8.000001],"faces":{"north":{"uv":[0.025,0.2625,0.225,0.3625],"texture":"#0","tintindex":0}}},{"from":[8,0,8],"to":[8.000001,1e-06,8.000001],"faces":{"north":{"uv":[0.275,0.2625,0.475,0.3625],"texture":"#0","tintindex":0}}},{"from":[8,0,8],"to":[8.000001,1e-06,8.000001],"faces":{"north":{"uv":[0.525,0.2625,0.725,0.3625],"texture":"#0","tintindex":0}}},{"from":[8,0,8],"to":[8.000001,1e-06,8.000001],"faces":{"north":{"uv":[0.775,0.2625,0.975,0.3625],"texture":"#0","tintindex":0}}},{"from":[8,0,8],"to":[8.000001,1e-06,8.000001],"faces":{"north":{"uv":[1.025,0.2625,1.225,0.3625],"texture":"#0","tintindex":0}}},{"from":[8,0,8],"to":[8.000001,1e-06,8.000001],"faces":{"north":{"uv":[1.275,0.2625,1.475,0.3625],"texture":"#0","tintindex":0}}},{"from":[8,0,8],"to":[8.000001,1e-06,8.000001],"faces":{"north":{"uv":[1.525,0.2625,1.725,0.3625],"texture":"#0","tintindex":0}}},{"from":[8,0,8],"to":[8.000001,1e-06,8.000001],"faces":{"north":{"uv":[1.775,0.2625,1.975,0.3625],"texture":"#0","tintindex":0}}},{"from":[8,0,8],"to":[8.000001,1e-06,8.000001],"faces":{"north":{"uv":[2.025,0.2625,2.225,0.3625],"texture":"#0","tintindex":0}}},{"from":[8,0,8],"to":[8.000001,1e-06,8.000001],"faces":{"north":{"uv":[2.275,0.2625,2.475,0.3625],"texture":"#0","tintindex":0}}},{"from":[8,0,8],"to":[8.000001,1e-06,8.000001],"faces":{"north":{"uv":[2.525,0.2625,2.725,0.3625],"texture":"#0","tintindex":0}}},{"from":[8,0,8],"to":[8.000001,1e-06,8.000001],"faces":{"north":{"uv":[2.775,0.2625,2.975,0.3625],"texture":"#0","tintindex":0}}},{"from":[8,0,8],"to":[8.000001,1e-06,8.000001],"faces":{"north":{"uv":[3.025,0.2625,3.225,0.3625],"texture":"#0","tintindex":0}}},{"from":[8,0,8],"to":[8.000001,1e-06,8.000001],"faces":{"north":{"uv":[3.275,0.2625,3.475,0.3625],"texture":"#0","tintindex":0}}},{"from":[8,0,8],"to":[8.000001,1e-06,8.000001],"faces":{"north":{"uv":[3.525,0.2625,3.725,0.3625],"texture":"#0","tintindex":0}}},{"from":[8,0,8],"to":[8.000001,1e-06,8.000001],"faces":{"north":{"uv":[3.775,0.2625,3.975,0.3625],"texture":"#0","tintindex":0}}},{"from":[8,0,8],"to":[8.000001,1e-06,8.000001],"faces":{"north":{"uv":[4.025,0.2625,4.225,0.3625],"texture":"#0","tintindex":0}}},{"from":[8,0,8],"to":[8.000001,1e-06,8.000001],"faces":{"north":{"uv":[4.275,0.2625,4.475,0.3625],"texture":"#0","tintindex":0}}},{"from":[8,0,8],"to":[8.000001,1e-06,8.000001],"faces":{"north":{"uv":[4.525,0.2625,4.725,0.3625],"texture":"#0","tintindex":0}}},{"from":[8,0,8],"to":[8.000001,1e-06,8.000001],"faces":{"north":{"uv":[4.775,0.2625,4.975,0.3625],"texture":"#0","tintindex":0}}}],"display":{"thirdperson_righthand":{"rotation":[85,0,0]},"thirdperson_lefthand":{"rotation":[85,0,0]}}}
