{
	"credit": "Made with Blockbench",
	"texture_size": [512, 512],
	"textures": {
		"0": "mc_calamity:item/entity/king_slime"
	},
	"elements": [
		{
			"name": "slime",
			"from": [0.125, 0, 0.125],
			"to": [15.875, 10.92, 15.875],
			"rotation": {"angle": 0, "axis": "y", "origin": [8, 0, 8]},
			"faces": {
				"north": {"uv": [2.34375, 2.34375, 4.6875, 3.96875], "texture": "#0"},
				"east": {"uv": [0, 2.34375, 2.34375, 3.96875], "texture": "#0"},
				"south": {"uv": [7.03125, 2.34375, 9.375, 3.96875], "texture": "#0"},
				"west": {"uv": [4.6875, 2.34375, 7.03125, 3.96875], "texture": "#0"},
				"up": {"uv": [4.6875, 2.34375, 2.34375, 0], "texture": "#0"},
				"down": {"uv": [7.03125, 0, 4.6875, 2.34375], "texture": "#0"}
			}
		}
	],
	"groups": [
		{
			"name": "slime",
			"origin": [8, 0, 8],
			"color": 0,
			"nbt": "{}",
			"children": [0]
		}
	]
}
