{
	"credit": "Made with Blockbench",
	"texture_size": [64, 64],
	"textures": {
		"0": "mc_calamity:item/entity/moray_eel"
	},
	"elements": [
		{
			"name": "body_0",
			"from": [6.5, 2.5, 0],
			"to": [9.5, 7.5, 6],
			"rotation": {"angle": 0, "axis": "y", "origin": [8, 5, 0]},
			"faces": {
				"north": {"uv": [9.5, 3, 11, 5.5], "texture": "#0"},
				"east": {"uv": [6.5, 3, 9.5, 5.5], "texture": "#0"},
				"south": {"uv": [14, 3, 15.5, 5.5], "texture": "#0"},
				"west": {"uv": [11, 3, 14, 5.5], "texture": "#0"},
				"up": {"uv": [11, 3, 9.5, 0], "texture": "#0"},
				"down": {"uv": [12.5, 0, 11, 3], "texture": "#0"}
			}
		},
		{
			"name": "top_fin_0",
			"from": [7.5, 7.5, 0],
			"to": [8.5, 9, 6],
			"rotation": {"angle": 0, "axis": "y", "origin": [8, 5, 0]},
			"faces": {
				"north": {"uv": [3, 13.25, 3.5, 14], "texture": "#0"},
				"east": {"uv": [0, 13.25, 3, 14], "texture": "#0"},
				"south": {"uv": [6.5, 13.25, 7, 14], "texture": "#0"},
				"west": {"uv": [3.5, 13.25, 6.5, 14], "texture": "#0"},
				"up": {"uv": [3.5, 13.25, 3, 10.25], "texture": "#0"},
				"down": {"uv": [4, 10.25, 3.5, 13.25], "texture": "#0"}
			}
		},
		{
			"name": "body_1",
			"from": [6.5, 2.5, 6],
			"to": [9.5, 7.5, 12],
			"rotation": {"angle": 0, "axis": "y", "origin": [8, 5, 6]},
			"faces": {
				"north": {"uv": [9.5, 3, 11, 5.5], "texture": "#0"},
				"east": {"uv": [6.5, 3, 9.5, 5.5], "texture": "#0"},
				"south": {"uv": [14, 3, 15.5, 5.5], "texture": "#0"},
				"west": {"uv": [11, 3, 14, 5.5], "texture": "#0"},
				"up": {"uv": [11, 3, 9.5, 0], "texture": "#0"},
				"down": {"uv": [12.5, 0, 11, 3], "texture": "#0"}
			}
		},
		{
			"name": "top_fin_1",
			"from": [7.5, 7.5, 6],
			"to": [8.5, 9, 12],
			"rotation": {"angle": 0, "axis": "y", "origin": [8, 5, 6]},
			"faces": {
				"north": {"uv": [3, 13.25, 3.5, 14], "texture": "#0"},
				"east": {"uv": [0, 13.25, 3, 14], "texture": "#0"},
				"south": {"uv": [6.5, 13.25, 7, 14], "texture": "#0"},
				"west": {"uv": [3.5, 13.25, 6.5, 14], "texture": "#0"},
				"up": {"uv": [3.5, 13.25, 3, 10.25], "texture": "#0"},
				"down": {"uv": [4, 10.25, 3.5, 13.25], "texture": "#0"}
			}
		},
		{
			"name": "body_2",
			"from": [7, 3, 12],
			"to": [9, 7, 16],
			"rotation": {"angle": 0, "axis": "y", "origin": [8, 5, 12]},
			"faces": {
				"north": {"uv": [6.5, 7.5, 7.5, 9.5], "texture": "#0"},
				"east": {"uv": [4.5, 7.5, 6.5, 9.5], "texture": "#0"},
				"south": {"uv": [9.5, 7.5, 10.5, 9.5], "texture": "#0"},
				"west": {"uv": [7.5, 7.5, 9.5, 9.5], "texture": "#0"},
				"up": {"uv": [7.5, 7.5, 6.5, 5.5], "texture": "#0"},
				"down": {"uv": [8.5, 5.5, 7.5, 7.5], "texture": "#0"}
			}
		},
		{
			"name": "top_fin_2",
			"from": [7.5, 2.5, 12],
			"to": [8.5, 8.5, 17.5],
			"rotation": {"angle": 0, "axis": "y", "origin": [8, 5, 12]},
			"faces": {
				"north": {"uv": [10.5, 9.5, 11, 12.5], "texture": "#0"},
				"east": {"uv": [7.75, 9.5, 10.5, 12.5], "texture": "#0"},
				"south": {"uv": [13.75, 9.5, 14.25, 12.5], "texture": "#0"},
				"west": {"uv": [11, 9.5, 13.75, 12.5], "texture": "#0"},
				"up": {"uv": [11, 9.5, 10.5, 6.75], "texture": "#0"},
				"down": {"uv": [11.5, 6.75, 11, 9.5], "texture": "#0"}
			}
		},
		{
			"name": "top_fin_3",
			"from": [7.5, 4, 17.5],
			"to": [8.5, 7, 19.5],
			"rotation": {"angle": 0, "axis": "y", "origin": [8, 5, 12]},
			"faces": {
				"north": {"uv": [8, 13.5, 8.5, 15], "texture": "#0"},
				"east": {"uv": [7, 13.5, 8, 15], "texture": "#0"},
				"south": {"uv": [9.5, 13.5, 10, 15], "texture": "#0"},
				"west": {"uv": [8.5, 13.5, 9.5, 15], "texture": "#0"},
				"up": {"uv": [8.5, 13.5, 8, 12.5], "texture": "#0"},
				"down": {"uv": [9, 12.5, 8.5, 13.5], "texture": "#0"}
			}
		},
		{
			"name": "head_0",
			"from": [6.75, 2.5, -4],
			"to": [9.25, 7.5, 0],
			"rotation": {"angle": 0, "axis": "y", "origin": [8, 5, 0]},
			"faces": {
				"north": {"uv": [2, 2, 3.25, 4.5], "texture": "#0"},
				"east": {"uv": [0, 2, 2, 4.5], "texture": "#0"},
				"south": {"uv": [5.25, 2, 6.5, 4.5], "texture": "#0"},
				"west": {"uv": [3.25, 2, 5.25, 4.5], "texture": "#0"},
				"up": {"uv": [3.25, 2, 2, 0], "texture": "#0"},
				"down": {"uv": [4.5, 0, 3.25, 2], "texture": "#0"}
			}
		},
		{
			"name": "head_1",
			"from": [6.75, 4, -7],
			"to": [9.25, 6, -4],
			"rotation": {"angle": 0, "axis": "y", "origin": [8, 5, 0]},
			"faces": {
				"north": {"uv": [1.5, 6, 2.75, 7], "texture": "#0"},
				"east": {"uv": [0, 6, 1.5, 7], "texture": "#0"},
				"south": {"uv": [4.25, 6, 5.5, 7], "texture": "#0"},
				"west": {"uv": [2.75, 6, 4.25, 7], "texture": "#0"},
				"up": {"uv": [2.75, 6, 1.5, 4.5], "texture": "#0"},
				"down": {"uv": [4, 4.5, 2.75, 6], "texture": "#0"}
			}
		},
		{
			"name": "top_fin_head",
			"from": [7.5, 7.5, -2],
			"to": [8.5, 8.5, 0],
			"rotation": {"angle": 0, "axis": "y", "origin": [8, 5, 0]},
			"faces": {
				"north": {"uv": [1, 9.75, 1.5, 10.25], "texture": "#0"},
				"east": {"uv": [0, 9.75, 1, 10.25], "texture": "#0"},
				"south": {"uv": [2.5, 9.75, 3, 10.25], "texture": "#0"},
				"west": {"uv": [1.5, 9.75, 2.5, 10.25], "texture": "#0"},
				"up": {"uv": [1.5, 9.75, 1, 8.75], "texture": "#0"},
				"down": {"uv": [2, 8.75, 1.5, 9.75], "texture": "#0"}
			}
		},
		{
			"name": "jaw",
			"from": [7, 2.75, -6.5],
			"to": [9, 3.75, -4],
			"rotation": {"angle": -22.5, "axis": "x", "origin": [8, 3.5, -4]},
			"faces": {
				"north": {"uv": [1.25, 8.25, 2.25, 8.75], "texture": "#0"},
				"east": {"uv": [0, 8.25, 1.25, 8.75], "texture": "#0"},
				"south": {"uv": [3.5, 8.25, 4.5, 8.75], "texture": "#0"},
				"west": {"uv": [2.25, 8.25, 3.5, 8.75], "texture": "#0"},
				"up": {"uv": [2.25, 8.25, 1.25, 7], "texture": "#0"},
				"down": {"uv": [3.25, 7, 2.25, 8.25], "texture": "#0"}
			}
		}
	],
	"groups": [
		{
			"name": "body_0",
			"origin": [8, 5, 0],
			"color": 0,
			"nbt": "{}",
			"children": [
				0,
				1,
				{
					"name": "body_1",
					"origin": [8, 2.5, 10],
					"color": 0,
					"nbt": "{}",
					"children": [
						2,
						3,
						{
							"name": "body_2",
							"origin": [8, 2.5, 16],
							"color": 0,
							"nbt": "{}",
							"children": [4, 5, 6]
						}
					]
				},
				{
					"name": "head",
					"origin": [8, 2.5, 4],
					"color": 0,
					"nbt": "{}",
					"children": [
						7,
						8,
						9,
						{
							"name": "jaw",
							"origin": [8, 1, 0],
							"color": 0,
							"nbt": "{}",
							"children": [10]
						}
					]
				}
			]
		}
	]
}
