{
  "model": {
    "type": "minecraft:select",
    "property": "minecraft:local_time",
    "pattern": "MM-dd",
    "cases": [
      {
        "when": [
          "12-24",
          "12-25",
          "12-26"
        ],
        "model": {
          "type": "minecraft:condition",
          "property": "minecraft:custom_model_data",
          "on_false": {
            "type": "minecraft:model",
            "model": "tcc:entity/iceologer/santa/head/normal"
          },
          "on_true": {
            "type": "minecraft:model",
            "model": "tcc:entity/iceologer/santa/head/hurt"
          }
        }
      }
    ],
    "fallback": {
      "type": "minecraft:condition",
      "property": "minecraft:custom_model_data",
      "on_false": {
        "type": "minecraft:composite",
        "models": [
          {
            "type": "minecraft:model",
            "model": "tcc:entity/iceologer/head/normal"
          },
          {
            "type": "minecraft:model",
            "model": "tcc:entity/iceologer/hood/normal"
          }
        ]
      },
      "on_true": {
        "type": "minecraft:composite",
        "models": [
          {
            "type": "minecraft:model",
            "model": "tcc:entity/iceologer/head/hurt"
          },
          {
            "type": "minecraft:model",
            "model": "tcc:entity/iceologer/hood/hurt"
          }
        ]
      }
    }
  }
}