{
	"credit": "Made with Blockbench",
	"texture_size": [32, 32],
	"textures": {
		"0": "minecraft:entity/arrow"
	},
	"elements": [
		{
			"from": [8, 5.5, 0],
			"to": [8, 10.5, 16],
			"rotation": {"angle": 0, "axis": "y", "origin": [7, 7.5, 16]},
			"faces": {
				"north": {"uv": [0, 0, 0, 2.5], "texture": "#0"},
				"east": {"uv": [0, 0, 8, 2.5], "texture": "#0"},
				"south": {"uv": [0, 0, 0, 2.5], "texture": "#0"},
				"west": {"uv": [8, 0, 0, 2.5], "texture": "#0"},
				"up": {"uv": [0, 16, 0, 0], "texture": "#0"},
				"down": {"uv": [0, 0, 0, 16], "texture": "#0"}
			}
		},
		{
			"from": [5.5, 5.5, 15],
			"to": [10.5, 10.5, 15],
			"rotation": {"angle": 0, "axis": "y", "origin": [6.5, 7.5, 31]},
			"faces": {
				"north": {"uv": [0, 2.5, 2.5, 5], "texture": "#0"},
				"south": {"uv": [0, 2.5, 2.5, 5], "texture": "#0"}
			}
		},
		{
			"from": [5.5, 8, 0],
			"to": [10.5, 8, 16],
			"rotation": {"angle": 0, "axis": "z", "origin": [8.5, 7, 16]},
			"faces": {
				"north": {"uv": [0, 0, 0, 2.5], "rotation": 90, "texture": "#0"},
				"east": {"uv": [0, 0, 0, 16], "rotation": 270, "texture": "#0"},
				"south": {"uv": [0, 0, 0, 2.5], "rotation": 270, "texture": "#0"},
				"west": {"uv": [0, 16, 0, 0], "rotation": 270, "texture": "#0"},
				"up": {"uv": [0, 0, 8, 2.5], "rotation": 270, "texture": "#0"},
				"down": {"uv": [8, 0, 0, 2.5], "rotation": 270, "texture": "#0"}
			}
		}
	]
}
