{
	"parent": "tcc:block/nether_reactor_core/off",
	"textures": {
		"overlay": "tcc:block/nether_reactor_core/on_overlay",
		"base": "tcc:block/nether_reactor_core/on_base",
		"particle": "tcc:block/nether_reactor_core/off"
	},
	"elements": [
		{
			"from": [0, 0, 0],
			"to": [16, 16, 16],
			"faces": {
				"north": {"uv": [0, 0, 16, 16], "texture": "#base"},
				"east": {"uv": [0, 0, 16, 16], "texture": "#base"},
				"south": {"uv": [0, 0, 16, 16], "texture": "#base"},
				"west": {"uv": [0, 0, 16, 16], "texture": "#base"},
				"up": {"uv": [0, 0, 16, 16], "texture": "#base"},
				"down": {"uv": [0, 0, 16, 16], "texture": "#base"}
			}
		},
		{
			"from": [0, 0, 0],
			"to": [16, 16, 16],
			"light_emission": 15,
			"faces": {
				"north": {"uv": [0, 0, 16, 16], "texture": "#overlay"},
				"east": {"uv": [0, 0, 16, 16], "texture": "#overlay"},
				"south": {"uv": [0, 0, 16, 16], "texture": "#overlay"},
				"west": {"uv": [0, 0, 16, 16], "texture": "#overlay"},
				"up": {"uv": [0, 0, 16, 16], "texture": "#overlay"},
				"down": {"uv": [0, 0, 16, 16], "texture": "#overlay"}
			}
		}
	]
}