{
	"credit": "Made with Blockbench",
	"parent": "minecraft:block/block",
	"texture_size": [256, 128],
	"textures": {
		"1": "#texture"
	},
	"elements": [
		{
			"from": [4, 7, 6],
			"to": [12, 15, 14],
			"rotation": {"angle": 0, "axis": "y", "origin": [8, 11, 10]},
			"faces": {
				"north": {"uv": [2, 4, 4, 8], "texture": "#1"},
				"east": {"uv": [0, 4, 2, 8], "texture": "#1"},
				"south": {"uv": [6, 4, 8, 8], "texture": "#1"},
				"west": {"uv": [4, 4, 6, 8], "texture": "#1"},
				"up": {"uv": [2, 0, 4, 4], "rotation": 180, "texture": "#1"},
				"down": {"uv": [4, 0, 6, 4], "texture": "#1"}
			}
		},
		{
			"name": "overlay",
			"from": [3.75, 6.75, 5.75],
			"to": [12.25, 15.25, 14.25],
			"rotation": {"angle": 0, "axis": "y", "origin": [8, 11, 10]},
			"faces": {
				"north": {"uv": [10, 4, 12, 8], "texture": "#1"},
				"east": {"uv": [8, 4, 10, 8], "texture": "#1"},
				"south": {"uv": [14, 4, 16, 8], "texture": "#1"},
				"west": {"uv": [12, 4, 14, 8], "texture": "#1"},
				"up": {"uv": [10, 0, 12, 4], "rotation": 180, "texture": "#1"},
				"down": {"uv": [12, 0, 14, 4], "texture": "#1"}
			}
		},
		{
			"from": [5, 0, 8],
			"to": [11, 7, 12],
			"rotation": {"angle": 0, "axis": "z", "origin": [4, -1, 6]},
			"faces": {
				"north": {"uv": [3.375, 8.75, 4.25, 11.25], "texture": "#1"},
				"east": {"uv": [3, 8.75, 3.375, 11.25], "texture": "#1"},
				"south": {"uv": [4.625, 8.75, 5.5, 11.25], "texture": "#1"},
				"west": {"uv": [4.25, 8.75, 4.625, 11.25], "texture": "#1"},
				"up": {"uv": [3.375, 8, 4.25, 8.75], "rotation": 180, "texture": "#1"},
				"down": {"uv": [4.25, 8, 5.125, 8.75], "rotation": 180, "texture": "#1"}
			}
		},
		{
			"name": "overlay",
			"from": [4.75, -0.25, 7.75],
			"to": [11.25, 7.25, 12.25],
			"rotation": {"angle": 0, "axis": "z", "origin": [4, -1, 6]},
			"faces": {
				"north": {"uv": [5.875, 8.75, 6.75, 11.25], "texture": "#1"},
				"east": {"uv": [5.5, 8.75, 5.875, 11.25], "texture": "#1"},
				"south": {"uv": [7.125, 8.75, 8, 11.25], "texture": "#1"},
				"west": {"uv": [6.75, 8.75, 7.125, 11.25], "texture": "#1"},
				"up": {"uv": [5.875, 8, 6.75, 8.75], "rotation": 180, "texture": "#1"},
				"down": {"uv": [6.75, 8, 7.625, 8.75], "rotation": 180, "texture": "#1"}
			}
		},
		{
			"from": [10, 1, 8.5],
			"to": [13, 7, 11.5],
			"rotation": {"angle": 22.5, "axis": "z", "origin": [11, 7, 10]},
			"faces": {
				"north": {"uv": [0.375, 8.75, 0.75, 10.75], "texture": "#1"},
				"east": {"uv": [0, 8.75, 0.375, 10.75], "texture": "#1"},
				"south": {"uv": [1.125, 8.75, 1.5, 10.75], "texture": "#1"},
				"west": {"uv": [0.75, 8.75, 1.125, 10.75], "texture": "#1"},
				"up": {"uv": [0.375, 8, 0.75, 8.75], "texture": "#1"},
				"down": {"uv": [0.75, 8, 1.125, 8.75], "texture": "#1"}
			}
		},
		{
			"name": "overlay",
			"from": [9.75, 0.75, 8.25],
			"to": [13.25, 7.25, 11.75],
			"rotation": {"angle": 22.5, "axis": "z", "origin": [11, 7, 10]},
			"faces": {
				"north": {"uv": [1.875, 8.75, 2.25, 10.75], "texture": "#1"},
				"east": {"uv": [1.5, 8.75, 1.875, 10.75], "texture": "#1"},
				"south": {"uv": [2.625, 8.75, 3, 10.75], "texture": "#1"},
				"west": {"uv": [2.25, 8.75, 2.625, 10.75], "texture": "#1"},
				"up": {"uv": [1.875, 8, 2.25, 8.75], "texture": "#1"},
				"down": {"uv": [2.25, 8, 2.625, 8.75], "texture": "#1"}
			}
		},
		{
			"from": [3, 1, 8.5],
			"to": [6, 7, 11.5],
			"rotation": {"angle": -22.5, "axis": "z", "origin": [5, 7, 10]},
			"faces": {
				"north": {"uv": [8.375, 8.75, 8.75, 10.75], "texture": "#1"},
				"east": {"uv": [8, 8.75, 8.375, 10.75], "texture": "#1"},
				"south": {"uv": [9.125, 8.75, 9.5, 10.75], "texture": "#1"},
				"west": {"uv": [8.75, 8.75, 9.125, 10.75], "texture": "#1"},
				"up": {"uv": [8.375, 8, 8.75, 8.75], "texture": "#1"},
				"down": {"uv": [8.75, 8, 9.125, 8.75], "texture": "#1"}
			}
		},
		{
			"name": "overlay",
			"from": [2.75, 0.75, 8.25],
			"to": [6.25, 7.25, 11.75],
			"rotation": {"angle": -22.5, "axis": "z", "origin": [5, 7, 10]},
			"faces": {
				"north": {"uv": [9.875, 8.75, 10.25, 10.75], "texture": "#1"},
				"east": {"uv": [9.5, 8.75, 9.875, 10.75], "texture": "#1"},
				"south": {"uv": [10.625, 8.75, 11, 10.75], "texture": "#1"},
				"west": {"uv": [10.25, 8.75, 10.625, 10.75], "texture": "#1"},
				"up": {"uv": [9.875, 8, 10.25, 8.75], "texture": "#1"},
				"down": {"uv": [10.25, 8, 10.625, 8.75], "texture": "#1"}
			}
		},
		{
			"from": [8, -0.25, 3],
			"to": [11, 2.75, 9],
			"rotation": {"angle": -22.5, "axis": "y", "origin": [9, 1.25, 9]},
			"faces": {
				"north": {"uv": [0.75, 10.75, 1.125, 11.5], "rotation": 180, "texture": "#1"},
				"east": {"uv": [0, 11.5, 0.375, 13.5], "rotation": 270, "texture": "#1"},
				"south": {"uv": [0.375, 10.75, 0.75, 11.5], "texture": "#1"},
				"west": {"uv": [0.75, 11.5, 1.125, 13.5], "rotation": 90, "texture": "#1"},
				"up": {"uv": [0.375, 11.5, 0.75, 13.5], "rotation": 180, "texture": "#1"},
				"down": {"uv": [1.125, 11.5, 1.5, 13.5], "texture": "#1"}
			}
		},
		{
			"name": "overlay",
			"from": [7.75, -0.5, 2.75],
			"to": [11.25, 3, 9.25],
			"rotation": {"angle": -22.5, "axis": "y", "origin": [9, 1.25, 9]},
			"faces": {
				"north": {"uv": [2.25, 10.75, 2.625, 11.5], "rotation": 90, "texture": "#1"},
				"east": {"uv": [1.5, 11.5, 1.875, 13.5], "rotation": 270, "texture": "#1"},
				"south": {"uv": [1.875, 10.75, 2.25, 11.5], "texture": "#1"},
				"west": {"uv": [2.25, 11.5, 2.625, 13.5], "rotation": 90, "texture": "#1"},
				"up": {"uv": [1.875, 11.5, 2.25, 13.5], "rotation": 180, "texture": "#1"},
				"down": {"uv": [2.625, 11.5, 3, 13.5], "texture": "#1"}
			}
		},
		{
			"from": [5, -0.25, 3],
			"to": [8, 2.75, 9],
			"rotation": {"angle": 22.5, "axis": "y", "origin": [7, 1.25, 9]},
			"faces": {
				"north": {"uv": [8.75, 10.75, 9.125, 11.5], "rotation": 180, "texture": "#1"},
				"east": {"uv": [8, 11.5, 8.375, 13.5], "rotation": 270, "texture": "#1"},
				"south": {"uv": [8.375, 10.75, 8.75, 11.5], "texture": "#1"},
				"west": {"uv": [8.75, 11.5, 9.125, 13.5], "rotation": 90, "texture": "#1"},
				"up": {"uv": [8.375, 11.5, 8.75, 13.5], "rotation": 180, "texture": "#1"},
				"down": {"uv": [9.125, 11.5, 9.5, 13.5], "texture": "#1"}
			}
		},
		{
			"name": "overlay",
			"from": [4.75, -0.5, 2.75],
			"to": [8.25, 3, 9.25],
			"rotation": {"angle": 22.5, "axis": "y", "origin": [7, 1.25, 9]},
			"faces": {
				"north": {"uv": [10.25, 10.75, 10.625, 11.5], "rotation": 180, "texture": "#1"},
				"east": {"uv": [9.5, 11.5, 9.875, 13.5], "rotation": 270, "texture": "#1"},
				"south": {"uv": [9.875, 10.75, 10.25, 11.5], "texture": "#1"},
				"west": {"uv": [10.25, 11.5, 10.625, 13.5], "rotation": 90, "texture": "#1"},
				"up": {"uv": [9.875, 11.5, 10.25, 13.5], "rotation": 180, "texture": "#1"},
				"down": {"uv": [10.625, 11.5, 11, 13.5], "texture": "#1"}
			}
		}
	],
	"display": {
		"ground": {
			"translation": [0, 3, 0],
			"scale": [0.5, 0.5, 0.5]
		},
		"gui": {
			"rotation": [30, 225, 0],
			"scale": [0.8, 0.8, 0.8]
		},
		"head": {
			"translation": [0, -16, 0],
			"scale": [2, 2, 2]
		}
	}
}
