{
  "model": {
    "type": "minecraft:select",
    "property": "minecraft:component",
    "component": "minecraft:axolotl/variant",
    "cases": [
      {
        "when": "lucy",
        "model": {
          "type": "minecraft:condition",
          "property": "minecraft:custom_model_data",
          "on_false": {
            "type": "minecraft:model",
            "model": "minecraft:item/axolotl_bucket"
          },
          "on_true": {
            "type": "minecraft:model",
            "model": "tcc:item/axolotl_bucket/leucistic_baby"
          }
        }
      },
      {
        "when": "wild",
        "model": {
          "type": "minecraft:condition",
          "property": "minecraft:custom_model_data",
          "on_false": {
            "type": "minecraft:model",
            "model": "tcc:item/axolotl_bucket/wild"
          },
          "on_true": {
            "type": "minecraft:model",
            "model": "tcc:item/axolotl_bucket/wild_baby"
          }
        }
      },
      {
        "when": "gold",
        "model": {
          "type": "minecraft:condition",
          "property": "minecraft:custom_model_data",
          "on_false": {
            "type": "minecraft:model",
            "model": "tcc:item/axolotl_bucket/gold"
          },
          "on_true": {
            "type": "minecraft:model",
            "model": "tcc:item/axolotl_bucket/gold_baby"
          }
        }
      },
      {
        "when": "cyan",
        "model": {
          "type": "minecraft:condition",
          "property": "minecraft:custom_model_data",
          "on_false": {
            "type": "minecraft:model",
            "model": "tcc:item/axolotl_bucket/cyan"
          },
          "on_true": {
            "type": "minecraft:model",
            "model": "tcc:item/axolotl_bucket/cyan_baby"
          }
        }
      },
      {
        "when": "blue",
        "model": {
          "type": "minecraft:condition",
          "property": "minecraft:custom_model_data",
          "on_false": {
            "type": "minecraft:model",
            "model": "tcc:item/axolotl_bucket/blue"
          },
          "on_true": {
            "type": "minecraft:model",
            "model": "tcc:item/axolotl_bucket/blue_baby"
          }
        }
      }
    ],
    "fallback": {
      "type": "minecraft:model",
      "model": "minecraft:item/axolotl_bucket"
    }
  }
}