{
  "model": {
    "type": "minecraft:select",
    "property": "minecraft:block_state",
    "block_state_property": "bites",
    "cases": [
      {
        "when": "0",
        "model": {
          "type": "minecraft:model",
          "model": "minecraft:item/cake"
        }
      },
      {
        "when": "1",
        "model": {
          "type": "minecraft:model",
          "model": "tcc:item/cake/one_bite"
        }
      },
      {
        "when": "2",
        "model": {
          "type": "minecraft:model",
          "model": "tcc:item/cake/two_bites"
        }
      },
      {
        "when": "3",
        "model": {
          "type": "minecraft:model",
          "model": "tcc:item/cake/three_bites"
        }
      },
      {
        "when": "4",
        "model": {
          "type": "minecraft:model",
          "model": "tcc:item/cake/four_bites"
        }
      },
      {
        "when": "5",
        "model": {
          "type": "minecraft:model",
          "model": "tcc:item/cake/five_bites"
        }
      },
      {
        "when": "6",
        "model": {
          "type": "minecraft:model",
          "model": "tcc:item/cake/six_bites"
        }
      }
    ],
    "fallback": {
      "type": "minecraft:model",
      "model": "minecraft:item/cake"
    }
  }
}