{
  "model": {
    "type": "minecraft:range_dispatch",
    "property": "minecraft:custom_model_data",
    "index": 0,
    "entries": [
      {
        "model": {
          "type": "minecraft:model",
          "model": "tcc:item/locket_of_learning/empty"
        },
        "threshold": 0.0
      },
      {
        "model": {
          "type": "minecraft:model",
          "model": "tcc:item/locket_of_learning/filled_1"
        },
        "threshold": 0.000001
      },
      {
        "model": {
          "type": "minecraft:model",
          "model": "tcc:item/locket_of_learning/filled_2"
        },
        "threshold": 0.25
      },
      {
        "model": {
          "type": "minecraft:model",
          "model": "tcc:item/locket_of_learning/filled_3"
        },
        "threshold": 0.5
      },
      {
        "model": {
          "type": "minecraft:model",
          "model": "tcc:item/locket_of_learning/filled_4"
        },
        "threshold": 0.75
      },
      {
        "model": {
          "type": "minecraft:model",
          "model": "tcc:item/locket_of_learning/filled_5"
        },
        "threshold": 1.0
      }
    ],
    "fallback": {
      "type": "minecraft:model",
      "model": "tcc:item/locket_of_learning/empty"
    }
  }
}