{
  "model": {
    "type": "minecraft:condition",
    "property": "minecraft:has_component",
    "component": "minecraft:lodestone_tracker",
    "on_true": {
      "type": "minecraft:range_dispatch",
      "property": "minecraft:compass",
      "target": "lodestone",
      "entries": [
        {
          "threshold": 0,
          "model": {
            "type": "minecraft:model",
            "model": "tcc:item/reactive_seeker/10"
          }
        },
        {
          "threshold": 0.0425,
          "model": {
            "type": "minecraft:model",
            "model": "tcc:item/reactive_seeker/09"
          }
        },
        {
          "threshold": 0.065,
          "model": {
            "type": "minecraft:model",
            "model": "tcc:item/reactive_seeker/08"
          }
        },
        {
          "threshold": 0.0875,
          "model": {
            "type": "minecraft:model",
            "model": "tcc:item/reactive_seeker/07"
          }
        },
        {
          "threshold": 0.11,
          "model": {
            "type": "minecraft:model",
            "model": "tcc:item/reactive_seeker/06"
          }
        },
        {
          "threshold": 0.1325,
          "model": {
            "type": "minecraft:model",
            "model": "tcc:item/reactive_seeker/05"
          }
        },
        {
          "threshold": 0.155,
          "model": {
            "type": "minecraft:model",
            "model": "tcc:item/reactive_seeker/04"
          }
        },
        {
          "threshold": 0.1775,
          "model": {
            "type": "minecraft:model",
            "model": "tcc:item/reactive_seeker/03"
          }
        },
        {
          "threshold": 0.2,
          "model": {
            "type": "minecraft:model",
            "model": "tcc:item/reactive_seeker/02"
          }
        },
        {
          "threshold": 0.2225,
          "model": {
            "type": "minecraft:model",
            "model": "tcc:item/reactive_seeker/01"
          }
        },
        {
          "threshold": 0.7775,
          "model": {
            "type": "minecraft:model",
            "model": "tcc:item/reactive_seeker/02"
          }
        },
        {
          "threshold": 0.8,
          "model": {
            "type": "minecraft:model",
            "model": "tcc:item/reactive_seeker/03"
          }
        },
        {
          "threshold": 0.8225,
          "model": {
            "type": "minecraft:model",
            "model": "tcc:item/reactive_seeker/04"
          }
        },
        {
          "threshold": 0.845,
          "model": {
            "type": "minecraft:model",
            "model": "tcc:item/reactive_seeker/05"
          }
        },
        {
          "threshold": 0.8675,
          "model": {
            "type": "minecraft:model",
            "model": "tcc:item/reactive_seeker/06"
          }
        },
        {
          "threshold": 0.89,
          "model": {
            "type": "minecraft:model",
            "model": "tcc:item/reactive_seeker/07"
          }
        },
        {
          "threshold": 0.9125,
          "model": {
            "type": "minecraft:model",
            "model": "tcc:item/reactive_seeker/08"
          }
        },
        {
          "threshold": 0.935,
          "model": {
            "type": "minecraft:model",
            "model": "tcc:item/reactive_seeker/09"
          }
        },
        {
          "threshold": 0.9575,
          "model": {
            "type": "minecraft:model",
            "model": "tcc:item/reactive_seeker/10"
          }
        }
      ],
      "fallback": {
        "type": "minecraft:model",
        "model": "tcc:item/reactive_seeker/unset"
      }
    },
    "on_false": {
      "type": "minecraft:model",
      "model": "tcc:item/reactive_seeker/unset"
    }
  }
}