{
  "model": {
    "type": "minecraft:condition",
    "property": "minecraft:has_component",
    "component": "minecraft:lodestone_tracker",
    "on_true": {
      "type": "minecraft:range_dispatch",
      "property": "minecraft:compass",
      "target": "lodestone",
      "entries": [
        {
          "threshold": 0,
          "model": {
            "type": "minecraft:model",
            "model": "tcc:item/weeping_eye/08"
          }
        },
        {
          "threshold": 0.03125,
          "model": {
            "type": "minecraft:model",
            "model": "tcc:item/weeping_eye/09"
          }
        },
        {
          "threshold": 0.09375,
          "model": {
            "type": "minecraft:model",
            "model": "tcc:item/weeping_eye/10"
          }
        },
        {
          "threshold": 0.15625,
          "model": {
            "type": "minecraft:model",
            "model": "tcc:item/weeping_eye/11"
          }
        },
        {
          "threshold": 0.21875,
          "model": {
            "type": "minecraft:model",
            "model": "tcc:item/weeping_eye/12"
          }
        },
        {
          "threshold": 0.28125,
          "model": {
            "type": "minecraft:model",
            "model": "tcc:item/weeping_eye/13"
          }
        },
        {
          "threshold": 0.34375,
          "model": {
            "type": "minecraft:model",
            "model": "tcc:item/weeping_eye/14"
          }
        },
        {
          "threshold": 0.40625,
          "model": {
            "type": "minecraft:model",
            "model": "tcc:item/weeping_eye/15"
          }
        },
        {
          "threshold": 0.46875,
          "model": {
            "type": "minecraft:model",
            "model": "tcc:item/weeping_eye/00"
          }
        },
        {
          "threshold": 0.53125,
          "model": {
            "type": "minecraft:model",
            "model": "tcc:item/weeping_eye/01"
          }
        },
        {
          "threshold": 0.59375,
          "model": {
            "type": "minecraft:model",
            "model": "tcc:item/weeping_eye/02"
          }
        },
        {
          "threshold": 0.65625,
          "model": {
            "type": "minecraft:model",
            "model": "tcc:item/weeping_eye/03"
          }
        },
        {
          "threshold": 0.71875,
          "model": {
            "type": "minecraft:model",
            "model": "tcc:item/weeping_eye/04"
          }
        },
        {
          "threshold": 0.78125,
          "model": {
            "type": "minecraft:model",
            "model": "tcc:item/weeping_eye/05"
          }
        },
        {
          "threshold": 0.84375,
          "model": {
            "type": "minecraft:model",
            "model": "tcc:item/weeping_eye/06"
          }
        },
        {
          "threshold": 0.90625,
          "model": {
            "type": "minecraft:model",
            "model": "tcc:item/weeping_eye/07"
          }
        },
        {
          "threshold": 0.96875,
          "model": {
            "type": "minecraft:model",
            "model": "tcc:item/weeping_eye/08"
          }
        }
      ],
      "fallback": {
        "type": "minecraft:model",
        "model": "tcc:item/weeping_eye/unset"
      }
    },
    "on_false": {
      "type": "minecraft:model",
      "model": "tcc:item/weeping_eye/unset"
    }
  }
}