{
	"credit": "Made with Blockbench",
	"texture_size": [32, 32],
	"textures": {
		"0": "mc_calamity:item/entity/antlion_larva"
	},
	"elements": [
		{
			"name": "body_0",
			"from": [5.5, 1, 6],
			"to": [10.5, 6, 12],
			"rotation": {"angle": 0, "axis": "y", "origin": [8, 0, 9]},
			"faces": {
				"north": {"uv": [8, 4, 10.5, 6.5], "texture": "#0"},
				"east": {"uv": [5, 4, 8, 6.5], "texture": "#0"},
				"south": {"uv": [13.5, 4, 16, 6.5], "texture": "#0"},
				"west": {"uv": [10.5, 4, 13.5, 6.5], "texture": "#0"},
				"up": {"uv": [10.5, 4, 8, 1], "texture": "#0"},
				"down": {"uv": [13, 1, 10.5, 4], "texture": "#0"}
			}
		},
		{
			"name": "body_1",
			"from": [6.5, 2, 12],
			"to": [9.5, 5, 14],
			"rotation": {"angle": 0, "axis": "y", "origin": [8, 0, 9]},
			"faces": {
				"north": {"uv": [1, 5, 2.5, 6.5], "texture": "#0"},
				"east": {"uv": [0, 5, 1, 6.5], "texture": "#0"},
				"south": {"uv": [3.5, 5, 5, 6.5], "texture": "#0"},
				"west": {"uv": [2.5, 5, 3.5, 6.5], "texture": "#0"},
				"up": {"uv": [2.5, 5, 1, 4], "texture": "#0"},
				"down": {"uv": [4, 4, 2.5, 5], "texture": "#0"}
			}
		},
		{
			"name": "leg_right_2",
			"from": [10.5, 2, 10],
			"to": [13.5, 2, 11],
			"rotation": {"angle": -45, "axis": "z", "origin": [10.5, 2, 9]},
			"faces": {
				"north": {"uv": [7.5, 0.5, 6, 0.5], "texture": "#0"},
				"east": {"uv": [8, 0.5, 7.5, 0.5], "texture": "#0"},
				"south": {"uv": [9.5, 0.5, 8, 0.5], "texture": "#0"},
				"west": {"uv": [6, 0.5, 5.5, 0.5], "texture": "#0"},
				"up": {"uv": [6, 0.5, 7.5, 0], "texture": "#0"},
				"down": {"uv": [7.5, 0, 9, 0.5], "texture": "#0"}
			}
		},
		{
			"name": "leg_right_1",
			"from": [10.5, 2, 8],
			"to": [13.5, 2, 9],
			"rotation": {"angle": -45, "axis": "z", "origin": [10.5, 2, 9]},
			"faces": {
				"north": {"uv": [7.5, 1, 6, 1], "texture": "#0"},
				"east": {"uv": [8, 1, 7.5, 1], "texture": "#0"},
				"south": {"uv": [9.5, 1, 8, 1], "texture": "#0"},
				"west": {"uv": [6, 1, 5.5, 1], "texture": "#0"},
				"up": {"uv": [6, 1, 7.5, 0.5], "texture": "#0"},
				"down": {"uv": [7.5, 0.5, 9, 1], "texture": "#0"}
			}
		},
		{
			"name": "leg_right_0",
			"from": [10.5, 2, 6],
			"to": [13.5, 2, 7],
			"rotation": {"angle": -45, "axis": "z", "origin": [10.5, 2, 9]},
			"faces": {
				"north": {"uv": [7.5, 0.5, 6, 0.5], "texture": "#0"},
				"east": {"uv": [8, 0.5, 7.5, 0.5], "texture": "#0"},
				"south": {"uv": [9.5, 0.5, 8, 0.5], "texture": "#0"},
				"west": {"uv": [6, 0.5, 5.5, 0.5], "texture": "#0"},
				"up": {"uv": [6, 0.5, 7.5, 0], "texture": "#0"},
				"down": {"uv": [7.5, 0, 9, 0.5], "texture": "#0"}
			}
		},
		{
			"name": "leg_left_2",
			"from": [2.5, 2, 10],
			"to": [5.5, 2, 11],
			"rotation": {"angle": 45, "axis": "z", "origin": [5.5, 2, 9]},
			"faces": {
				"north": {"uv": [6, 0.5, 7.5, 0.5], "texture": "#0"},
				"east": {"uv": [5.5, 0.5, 6, 0.5], "texture": "#0"},
				"south": {"uv": [8, 0.5, 9.5, 0.5], "texture": "#0"},
				"west": {"uv": [7.5, 0.5, 8, 0.5], "texture": "#0"},
				"up": {"uv": [7.5, 0.5, 6, 0], "texture": "#0"},
				"down": {"uv": [9, 0, 7.5, 0.5], "texture": "#0"}
			}
		},
		{
			"name": "leg_left_1",
			"from": [2.5, 2, 8],
			"to": [5.5, 2, 9],
			"rotation": {"angle": 45, "axis": "z", "origin": [5.5, 2, 9]},
			"faces": {
				"north": {"uv": [6, 1, 7.5, 1], "texture": "#0"},
				"east": {"uv": [5.5, 1, 6, 1], "texture": "#0"},
				"south": {"uv": [8, 1, 9.5, 1], "texture": "#0"},
				"west": {"uv": [7.5, 1, 8, 1], "texture": "#0"},
				"up": {"uv": [7.5, 1, 6, 0.5], "texture": "#0"},
				"down": {"uv": [9, 0.5, 7.5, 1], "texture": "#0"}
			}
		},
		{
			"name": "leg_left_0",
			"from": [2.5, 2, 6],
			"to": [5.5, 2, 7],
			"rotation": {"angle": 45, "axis": "z", "origin": [5.5, 2, 9]},
			"faces": {
				"north": {"uv": [6, 0.5, 7.5, 0.5], "texture": "#0"},
				"east": {"uv": [5.5, 0.5, 6, 0.5], "texture": "#0"},
				"south": {"uv": [8, 0.5, 9.5, 0.5], "texture": "#0"},
				"west": {"uv": [7.5, 0.5, 8, 0.5], "texture": "#0"},
				"up": {"uv": [7.5, 0.5, 6, 0], "texture": "#0"},
				"down": {"uv": [9, 0, 7.5, 0.5], "texture": "#0"}
			}
		},
		{
			"name": "head",
			"from": [6, 1, 2],
			"to": [10, 5, 6],
			"rotation": {"angle": 0, "axis": "y", "origin": [8, 0, 9]},
			"faces": {
				"north": {"uv": [2, 2, 4, 4], "texture": "#0"},
				"east": {"uv": [0, 2, 2, 4], "texture": "#0"},
				"south": {"uv": [6, 2, 8, 4], "texture": "#0"},
				"west": {"uv": [4, 2, 6, 4], "texture": "#0"},
				"up": {"uv": [4, 2, 2, 0], "texture": "#0"},
				"down": {"uv": [6, 0, 4, 2], "texture": "#0"}
			}
		},
		{
			"name": "jaw_left",
			"from": [6, 2, 0],
			"to": [8, 2, 2],
			"rotation": {"angle": 22.5, "axis": "y", "origin": [7, 0, 2]},
			"faces": {
				"north": {"uv": [0, 1, 1, 1], "texture": "#0"},
				"east": {"uv": [-1, 1, 0, 1], "texture": "#0"},
				"south": {"uv": [2, 1, 3, 1], "texture": "#0"},
				"west": {"uv": [1, 1, 2, 1], "texture": "#0"},
				"up": {"uv": [1, 1, 0, 0], "texture": "#0"},
				"down": {"uv": [2, 0, 1, 1], "texture": "#0"}
			}
		},
		{
			"name": "jaw_right",
			"from": [8, 2, 0],
			"to": [10, 2, 2],
			"rotation": {"angle": -22.5, "axis": "y", "origin": [9, 0, 2]},
			"faces": {
				"north": {"uv": [1, 1, 0, 1], "texture": "#0"},
				"east": {"uv": [2, 1, 1, 1], "texture": "#0"},
				"south": {"uv": [3, 1, 2, 1], "texture": "#0"},
				"west": {"uv": [0, 1, -1, 1], "texture": "#0"},
				"up": {"uv": [0, 1, 1, 0], "texture": "#0"},
				"down": {"uv": [1, 0, 2, 1], "texture": "#0"}
			}
		}
	],
	"groups": [
		{
			"name": "body",
			"origin": [8, 3, 9],
			"color": 0,
			"nbt": "{}",
			"children": [
				0,
				1,
				{
					"name": "right_legs",
					"origin": [8, 8, 8],
					"color": 0,
					"nbt": "{}",
					"children": [
						{
							"name": "leg_right_2",
							"origin": [10.5, 2, 10.5],
							"color": 0,
							"nbt": "{}",
							"children": [2]
						},
						{
							"name": "leg_right_1",
							"origin": [10.5, 2, 8.5],
							"color": 0,
							"nbt": "{}",
							"children": [3]
						},
						{
							"name": "leg_right_0",
							"origin": [10.5, 2, 6.5],
							"color": 0,
							"nbt": "{}",
							"children": [4]
						}
					]
				},
				{
					"name": "left_legs",
					"origin": [8, 8, 8],
					"color": 0,
					"nbt": "{}",
					"children": [
						{
							"name": "leg_left_2",
							"origin": [5.5, 2, 10.5],
							"color": 0,
							"nbt": "{}",
							"children": [5]
						},
						{
							"name": "leg_left_1",
							"origin": [5.5, 2, 8.5],
							"color": 0,
							"nbt": "{}",
							"children": [6]
						},
						{
							"name": "leg_left_0",
							"origin": [5.5, 2, 6.5],
							"color": 0,
							"nbt": "{}",
							"children": [7]
						}
					]
				},
				{
					"name": "head",
					"origin": [8, 3, 6],
					"color": 0,
					"nbt": "{}",
					"children": [
						8,
						{
							"name": "jaw_left",
							"origin": [6.5, 2, 2],
							"color": 0,
							"nbt": "{}",
							"children": [9]
						},
						{
							"name": "jaw_right",
							"origin": [9.5, 2, 2],
							"color": 0,
							"nbt": "{}",
							"children": [10]
						}
					]
				}
			]
		}
	]
}
