{
	"credit": "Made with Blockbench",
	"texture_size": [64, 64],
	"textures": {
		"0": "mc_calamity:item/entity/bomb_fish",
		"particle": "mc_calamity:item/entity/bomb_fish"
	},
	"elements": [
		{
			"from": [4, 4, 4],
			"to": [12, 12, 12],
			"rotation": {"angle": 0, "axis": "y", "origin": [7, 7, 7]},
			"faces": {
				"north": {"uv": [2, 2, 4, 4], "texture": "#0"},
				"east": {"uv": [0, 2, 2, 4], "texture": "#0"},
				"south": {"uv": [6, 2, 8, 4], "texture": "#0"},
				"west": {"uv": [4, 2, 6, 4], "texture": "#0"},
				"up": {"uv": [4, 2, 2, 0], "texture": "#0"},
				"down": {"uv": [6, 0, 4, 2], "texture": "#0"}
			}
		},
		{
			"from": [8, 12, 7],
			"to": [8, 14, 10],
			"rotation": {"angle": 0, "axis": "y", "origin": [7, 15, 7]},
			"faces": {
				"north": {"uv": [0.75, 5.75, 0.75, 6.25], "texture": "#0"},
				"east": {"uv": [0, 5.75, 0.75, 6.25], "texture": "#0"},
				"south": {"uv": [1.5, 5.75, 1.5, 6.25], "texture": "#0"},
				"west": {"uv": [0.75, 5.75, 1.5, 6.25], "texture": "#0"},
				"up": {"uv": [0.75, 5.75, 0.75, 5], "texture": "#0"},
				"down": {"uv": [0.75, 5, 0.75, 5.75], "texture": "#0"}
			}
		},
		{
			"from": [8, 2, 7],
			"to": [8, 4, 10],
			"rotation": {"angle": 0, "axis": "y", "origin": [7, 1, 7]},
			"faces": {
				"north": {"uv": [0.75, 6.25, 0.75, 5.75], "texture": "#0"},
				"east": {"uv": [0, 6.25, 0.75, 5.75], "texture": "#0"},
				"south": {"uv": [1.5, 6.25, 1.5, 5.75], "texture": "#0"},
				"west": {"uv": [0.75, 6.25, 1.5, 5.75], "texture": "#0"},
				"up": {"uv": [0.75, 5.75, 0.75, 5], "texture": "#0"},
				"down": {"uv": [0.75, 5, 0.75, 5.75], "texture": "#0"}
			}
		},
		{
			"from": [8, 5, 12],
			"to": [8, 11, 15],
			"rotation": {"angle": 0, "axis": "y", "origin": [7, 10, 12]},
			"faces": {
				"north": {"uv": [5.25, 5.25, 5.25, 6.75], "texture": "#0"},
				"east": {"uv": [4.5, 5.25, 5.25, 6.75], "texture": "#0"},
				"south": {"uv": [6, 5.25, 6, 6.75], "texture": "#0"},
				"west": {"uv": [5.25, 5.25, 6, 6.75], "texture": "#0"},
				"up": {"uv": [5.25, 5.25, 5.25, 4.5], "texture": "#0"},
				"down": {"uv": [5.25, 4.5, 5.25, 5.25], "texture": "#0"}
			}
		},
		{
			"from": [2, 9, 6],
			"to": [4, 9, 8],
			"rotation": {"angle": 0, "axis": "y", "origin": [3, 12, 9]},
			"faces": {
				"north": {"uv": [7, 5, 7.5, 5], "texture": "#0"},
				"east": {"uv": [6.5, 5, 7, 5], "texture": "#0"},
				"south": {"uv": [8, 5, 8.5, 5], "texture": "#0"},
				"west": {"uv": [7.5, 5, 8, 5], "texture": "#0"},
				"up": {"uv": [7.5, 5, 7, 4.5], "texture": "#0"},
				"down": {"uv": [8, 4.5, 7.5, 5], "texture": "#0"}
			}
		},
		{
			"from": [12, 9, 6],
			"to": [14, 9, 8],
			"rotation": {"angle": 0, "axis": "y", "origin": [13, 12, 9]},
			"faces": {
				"north": {"uv": [7.5, 5, 7, 5], "texture": "#0"},
				"east": {"uv": [8, 5, 7.5, 5], "texture": "#0"},
				"south": {"uv": [8.5, 5, 8, 5], "texture": "#0"},
				"west": {"uv": [7, 5, 6.5, 5], "texture": "#0"},
				"up": {"uv": [7, 5, 7.5, 4.5], "texture": "#0"},
				"down": {"uv": [7.5, 4.5, 8, 5], "texture": "#0"}
			}
		},
		{
			"from": [3, 4, 4],
			"to": [4, 12, 4],
			"rotation": {"angle": -45, "axis": "y", "origin": [4, 8, 4]},
			"faces": {
				"north": {"uv": [0, 6.25, 0.25, 8.25], "texture": "#0"},
				"east": {"uv": [0, 6.25, 0, 8.25], "texture": "#0"},
				"south": {"uv": [0, 6.25, 0.25, 8.25], "texture": "#0"},
				"west": {"uv": [0.25, 6.25, 0.25, 8.25], "texture": "#0"},
				"up": {"uv": [0.25, 6.25, 0, 6.25], "texture": "#0"},
				"down": {"uv": [0.5, 6.25, 0.25, 6.25], "texture": "#0"}
			}
		},
		{
			"from": [12, 4, 4],
			"to": [13, 12, 4],
			"rotation": {"angle": 45, "axis": "y", "origin": [12, 8, 4]},
			"faces": {
				"north": {"uv": [1, 6.25, 1.25, 8.25], "texture": "#0"},
				"east": {"uv": [1, 6.25, 1, 8.25], "texture": "#0"},
				"south": {"uv": [1, 6.25, 1.25, 8.25], "texture": "#0"},
				"west": {"uv": [1.25, 6.25, 1.25, 8.25], "texture": "#0"},
				"up": {"uv": [1.25, 6.25, 1, 6.25], "texture": "#0"},
				"down": {"uv": [1.5, 6.25, 1.25, 6.25], "texture": "#0"}
			}
		},
		{
			"from": [4, 12, 4],
			"to": [12, 13, 4],
			"rotation": {"angle": -45, "axis": "x", "origin": [8, 12, 4]},
			"faces": {
				"north": {"uv": [4.5, 4, 6.5, 4.25], "texture": "#0"},
				"east": {"uv": [4.5, 4, 4.5, 4.25], "texture": "#0"},
				"south": {"uv": [6.5, 4, 4.5, 4.25], "texture": "#0"},
				"west": {"uv": [6.5, 4, 6.5, 4.25], "texture": "#0"},
				"up": {"uv": [6.5, 4, 4.5, 4], "texture": "#0"},
				"down": {"uv": [8.5, 4, 6.5, 4], "texture": "#0"}
			}
		},
		{
			"from": [3, 4, 12],
			"to": [4, 12, 12],
			"rotation": {"angle": 45, "axis": "y", "origin": [4, 8, 12]},
			"faces": {
				"north": {"uv": [2.25, 5, 2.5, 7], "texture": "#0"},
				"east": {"uv": [2, 5, 2, 7], "texture": "#0"},
				"south": {"uv": [2.25, 5, 2.5, 7], "texture": "#0"},
				"west": {"uv": [2.25, 5, 2.25, 7], "texture": "#0"},
				"up": {"uv": [2.25, 5, 2, 5], "texture": "#0"},
				"down": {"uv": [2.5, 5, 2.25, 5], "texture": "#0"}
			}
		},
		{
			"from": [12, 4, 12],
			"to": [13, 12, 12],
			"rotation": {"angle": -45, "axis": "y", "origin": [12, 8, 12]},
			"faces": {
				"north": {"uv": [3.25, 5, 3.5, 7], "texture": "#0"},
				"east": {"uv": [3, 5, 3, 7], "texture": "#0"},
				"south": {"uv": [3.25, 5, 3.5, 7], "texture": "#0"},
				"west": {"uv": [3.25, 5, 3.25, 7], "texture": "#0"},
				"up": {"uv": [3.25, 5, 3, 5], "texture": "#0"},
				"down": {"uv": [3.5, 5, 3.25, 5], "texture": "#0"}
			}
		},
		{
			"from": [4, 12, 12],
			"to": [12, 13, 12],
			"rotation": {"angle": 45, "axis": "x", "origin": [8, 12, 12]},
			"faces": {
				"north": {"uv": [4, 4, 2, 4.25], "texture": "#0"},
				"east": {"uv": [0, 4, 0, 4.25], "texture": "#0"},
				"south": {"uv": [2, 4, 4, 4.25], "texture": "#0"},
				"west": {"uv": [2, 4, 2, 4.25], "texture": "#0"},
				"up": {"uv": [2, 4, 0, 4], "texture": "#0"},
				"down": {"uv": [4, 4, 2, 4], "texture": "#0"}
			}
		},
		{
			"from": [4, 3, 12],
			"to": [12, 4, 12],
			"rotation": {"angle": -45, "axis": "x", "origin": [8, 4, 12]},
			"faces": {
				"north": {"uv": [4, 4.5, 2, 4.75], "texture": "#0"},
				"east": {"uv": [0, 4.5, 0, 4.75], "texture": "#0"},
				"south": {"uv": [2, 4.5, 4, 4.75], "texture": "#0"},
				"west": {"uv": [2, 4.5, 2, 4.75], "texture": "#0"},
				"up": {"uv": [2, 4.5, 0, 4.5], "texture": "#0"},
				"down": {"uv": [4, 4.5, 2, 4.5], "texture": "#0"}
			}
		}
	],
	"groups": [
		0,
		1,
		2,
		3,
		4,
		5,
		{
			"name": "spines",
			"origin": [8, 4, 4],
			"color": 0,
			"children": [6, 7, 8]
		},
		{
			"name": "backspines",
			"origin": [8, 4, 4],
			"color": 0,
			"children": [9, 10, 11, 12]
		}
	]
}
