{
	"credit": "by Roger_Swifer_Cleaner",
	"texture_size": [32, 32],
	"textures": {
		"1": "mc_calamity:item/entity/brittle_star",
		"particle": "mc_calamity:item/entity/brittle_star"
	},
	"elements": [
		{
			"from": [4.5, 6, 4.5],
			"to": [11.5, 11, 11.5],
			"rotation": {"angle": 0, "axis": "y", "origin": [0, 7, 0]},
			"faces": {
				"north": {"uv": [3.5, 3.5, 7, 6], "texture": "#1"},
				"east": {"uv": [0, 3.5, 3.5, 6], "texture": "#1"},
				"south": {"uv": [10.5, 3.5, 14, 6], "texture": "#1"},
				"west": {"uv": [7, 3.5, 10.5, 6], "texture": "#1"},
				"up": {"uv": [7, 3.5, 3.5, 0], "texture": "#1"},
				"down": {"uv": [10.5, 0, 7, 3.5], "texture": "#1"}
			}
		},
		{
			"from": [6, 7.5, 10],
			"to": [10, 9.5, 16],
			"rotation": {"angle": 0, "axis": "y", "origin": [8, 7.5, 8]},
			"faces": {
				"north": {"uv": [3, 9, 5, 10], "texture": "#1"},
				"east": {"uv": [0, 9, 3, 10], "texture": "#1"},
				"south": {"uv": [8, 9, 10, 10], "texture": "#1"},
				"west": {"uv": [5, 9, 8, 10], "texture": "#1"},
				"up": {"uv": [5, 9, 3, 6], "texture": "#1"},
				"down": {"uv": [7, 6, 5, 9], "texture": "#1"}
			}
		},
		{
			"from": [10, 7.5, 6],
			"to": [16, 9.5, 10],
			"rotation": {"angle": -22.5, "axis": "y", "origin": [8, 7.5, 8]},
			"faces": {
				"north": {"uv": [0, 9, 3, 10], "texture": "#1"},
				"east": {"uv": [8, 9, 10, 10], "texture": "#1"},
				"south": {"uv": [5, 9, 8, 10], "texture": "#1"},
				"west": {"uv": [3, 9, 5, 10], "texture": "#1"},
				"up": {"uv": [5, 9, 3, 6], "rotation": 270, "texture": "#1"},
				"down": {"uv": [7, 6, 5, 9], "rotation": 90, "texture": "#1"}
			}
		},
		{
			"from": [10, 7.5, 6],
			"to": [16, 9.5, 10],
			"rotation": {"angle": 45, "axis": "y", "origin": [8, 7.5, 8]},
			"faces": {
				"north": {"uv": [0, 9, 3, 10], "texture": "#1"},
				"east": {"uv": [8, 9, 10, 10], "texture": "#1"},
				"south": {"uv": [5, 9, 8, 10], "texture": "#1"},
				"west": {"uv": [3, 9, 5, 10], "texture": "#1"},
				"up": {"uv": [5, 9, 3, 6], "rotation": 270, "texture": "#1"},
				"down": {"uv": [7, 6, 5, 9], "rotation": 90, "texture": "#1"}
			}
		},
		{
			"from": [6, 7.5, 0],
			"to": [10, 9.5, 6],
			"rotation": {"angle": 45, "axis": "y", "origin": [8, 7.5, 8]},
			"faces": {
				"north": {"uv": [8, 9, 10, 10], "texture": "#1"},
				"east": {"uv": [5, 9, 8, 10], "texture": "#1"},
				"south": {"uv": [3, 9, 5, 10], "texture": "#1"},
				"west": {"uv": [0, 9, 3, 10], "texture": "#1"},
				"up": {"uv": [5, 9, 3, 6], "rotation": 180, "texture": "#1"},
				"down": {"uv": [7, 6, 5, 9], "rotation": 180, "texture": "#1"}
			}
		},
		{
			"from": [0, 7.5, 6],
			"to": [6, 9.5, 10],
			"rotation": {"angle": 22.5, "axis": "y", "origin": [8, 7.5, 8]},
			"faces": {
				"north": {"uv": [5, 9, 8, 10], "texture": "#1"},
				"east": {"uv": [3, 9, 5, 10], "texture": "#1"},
				"south": {"uv": [0, 9, 3, 10], "texture": "#1"},
				"west": {"uv": [8, 9, 10, 10], "texture": "#1"},
				"up": {"uv": [5, 9, 3, 6], "rotation": 90, "texture": "#1"},
				"down": {"uv": [7, 6, 5, 9], "rotation": 270, "texture": "#1"}
			}
		}
	],
	"display": {
		"head": {
			"rotation": [-89, 0, 90],
			"translation": [0, -5, 0]
		}
	}
}
