{
	"credit": "Made with Blockbench",
	"texture_size": [128, 64],
	"textures": {
		"0": "mc_calamity:item/entity/clam"
	},
	"elements": [
		{
			"name": "bottom_clam_0",
			"from": [5, 2, -8],
			"to": [11, 9, 8],
			"rotation": {"angle": 0, "axis": "y", "origin": [8, 2, 0]},
			"faces": {
				"north": {"uv": [2, 4, 2.75, 5.75], "texture": "#0"},
				"east": {"uv": [0, 4, 2, 5.75], "texture": "#0"},
				"south": {"uv": [4.75, 4, 5.5, 5.75], "texture": "#0"},
				"west": {"uv": [2.75, 4, 4.75, 5.75], "texture": "#0"},
				"up": {"uv": [2.75, 4, 2, 0], "texture": "#0"},
				"down": {"uv": [3.5, 0, 2.75, 4], "texture": "#0"}
			}
		},
		{
			"name": "bottom_clam_1",
			"from": [2, 3, -7],
			"to": [5, 7, 8],
			"rotation": {"angle": 0, "axis": "y", "origin": [8, 2, 0]},
			"faces": {
				"north": {"uv": [7.375, 3.75, 7.75, 4.75], "texture": "#0"},
				"east": {"uv": [5.5, 3.75, 7.375, 4.75], "texture": "#0"},
				"south": {"uv": [9.625, 3.75, 10, 4.75], "texture": "#0"},
				"west": {"uv": [7.75, 3.75, 9.625, 4.75], "texture": "#0"},
				"up": {"uv": [7.75, 3.75, 7.375, 0], "texture": "#0"},
				"down": {"uv": [8.125, 0, 7.75, 3.75], "texture": "#0"}
			}
		},
		{
			"name": "bottom_clam_2",
			"from": [11, 3, -7],
			"to": [14, 7, 8],
			"rotation": {"angle": 0, "axis": "y", "origin": [8, 2, 0]},
			"faces": {
				"north": {"uv": [7.75, 3.75, 7.375, 4.75], "texture": "#0"},
				"east": {"uv": [9.625, 3.75, 7.75, 4.75], "texture": "#0"},
				"south": {"uv": [10, 3.75, 9.625, 4.75], "texture": "#0"},
				"west": {"uv": [7.375, 3.75, 5.5, 4.75], "texture": "#0"},
				"up": {"uv": [7.375, 3.75, 7.75, 0], "texture": "#0"},
				"down": {"uv": [7.75, 0, 8.125, 3.75], "texture": "#0"}
			}
		},
		{
			"name": "bottom_clam_3",
			"from": [-2, 2, -5],
			"to": [2, 8, 8],
			"rotation": {"angle": 0, "axis": "y", "origin": [8, 2, 0]},
			"faces": {
				"north": {"uv": [11.625, 3.25, 12.125, 4.75], "texture": "#0"},
				"east": {"uv": [10, 3.25, 11.625, 4.75], "texture": "#0"},
				"south": {"uv": [13.75, 3.25, 14.25, 4.75], "texture": "#0"},
				"west": {"uv": [12.125, 3.25, 13.75, 4.75], "texture": "#0"},
				"up": {"uv": [12.125, 3.25, 11.625, 0], "texture": "#0"},
				"down": {"uv": [12.625, 0, 12.125, 3.25], "texture": "#0"}
			}
		},
		{
			"name": "bottom_clam_4",
			"from": [14, 2, -5],
			"to": [18, 8, 8],
			"rotation": {"angle": 0, "axis": "y", "origin": [8, 2, 0]},
			"faces": {
				"north": {"uv": [12.125, 3.25, 11.625, 4.75], "texture": "#0"},
				"east": {"uv": [13.75, 3.25, 12.125, 4.75], "texture": "#0"},
				"south": {"uv": [14.25, 3.25, 13.75, 4.75], "texture": "#0"},
				"west": {"uv": [11.625, 3.25, 10, 4.75], "texture": "#0"},
				"up": {"uv": [11.625, 3.25, 12.125, 0], "texture": "#0"},
				"down": {"uv": [12.125, 0, 12.625, 3.25], "texture": "#0"}
			}
		}
	],
	"groups": [
		{
			"name": "clam",
			"origin": [8, 0, 8],
			"color": 0,
			"children": [
				{
					"name": "bottom",
					"origin": [8, 0, 8],
					"color": 0,
					"children": [0, 1, 2, 3, 4]
				}
			]
		}
	]
}
