{
	"credit": "Made with Blockbench",
	"texture_size": [128, 64],
	"textures": {
		"0": "mc_calamity:item/entity/clam"
	},
	"elements": [
		{
			"name": "top_clam_0",
			"from": [5, 9, -8],
			"to": [11, 13, 8],
			"rotation": {"angle": 0, "axis": "y", "origin": [8, 2, 0]},
			"faces": {
				"north": {"uv": [2, 9.75, 2.75, 10.75], "texture": "#0"},
				"east": {"uv": [0, 9.75, 2, 10.75], "texture": "#0"},
				"south": {"uv": [4.75, 9.75, 5.5, 10.75], "texture": "#0"},
				"west": {"uv": [2.75, 9.75, 4.75, 10.75], "texture": "#0"},
				"up": {"uv": [2.75, 9.75, 2, 5.75], "texture": "#0"},
				"down": {"uv": [3.5, 5.75, 2.75, 9.75], "texture": "#0"}
			}
		},
		{
			"name": "top_clam_1",
			"from": [2, 7, -7],
			"to": [5, 11, 8],
			"rotation": {"angle": 0, "axis": "y", "origin": [8, 2, 0]},
			"faces": {
				"north": {"uv": [5.5, 8.5, 5.875, 9.5], "texture": "#0"},
				"east": {"uv": [3.625, 8.5, 5.5, 9.5], "texture": "#0"},
				"south": {"uv": [7.75, 8.5, 8.125, 9.5], "texture": "#0"},
				"west": {"uv": [5.875, 8.5, 7.75, 9.5], "texture": "#0"},
				"up": {"uv": [5.875, 8.5, 5.5, 4.75], "texture": "#0"},
				"down": {"uv": [6.25, 4.75, 5.875, 8.5], "texture": "#0"}
			}
		},
		{
			"name": "top_clam_2",
			"from": [11, 7, -7],
			"to": [14, 11, 8],
			"rotation": {"angle": 0, "axis": "y", "origin": [8, 2, 0]},
			"faces": {
				"north": {"uv": [5.875, 8.5, 5.5, 9.5], "texture": "#0"},
				"east": {"uv": [7.75, 8.5, 5.875, 9.5], "texture": "#0"},
				"south": {"uv": [8.125, 8.5, 7.75, 9.5], "texture": "#0"},
				"west": {"uv": [5.5, 8.5, 3.625, 9.5], "texture": "#0"},
				"up": {"uv": [5.5, 8.5, 5.875, 4.75], "texture": "#0"},
				"down": {"uv": [5.875, 4.75, 6.25, 8.5], "texture": "#0"}
			}
		},
		{
			"name": "top_clam_3",
			"from": [-2, 8, -5],
			"to": [2, 12, 8],
			"rotation": {"angle": 0, "axis": "y", "origin": [8, 2, 0]},
			"faces": {
				"north": {"uv": [9.75, 8, 10.25, 9], "texture": "#0"},
				"east": {"uv": [8.125, 8, 9.75, 9], "texture": "#0"},
				"south": {"uv": [11.875, 8, 12.375, 9], "texture": "#0"},
				"west": {"uv": [10.25, 8, 11.875, 9], "texture": "#0"},
				"up": {"uv": [10.25, 8, 9.75, 4.75], "texture": "#0"},
				"down": {"uv": [10.75, 4.75, 10.25, 8], "texture": "#0"}
			}
		},
		{
			"name": "top_clam_4",
			"from": [14, 8, -5],
			"to": [18, 12, 8],
			"rotation": {"angle": 0, "axis": "y", "origin": [8, 2, 0]},
			"faces": {
				"north": {"uv": [10.25, 8, 9.75, 9], "texture": "#0"},
				"east": {"uv": [11.875, 8, 10.25, 9], "texture": "#0"},
				"south": {"uv": [12.375, 8, 11.875, 9], "texture": "#0"},
				"west": {"uv": [9.75, 8, 8.125, 9], "texture": "#0"},
				"up": {"uv": [9.75, 8, 10.25, 4.75], "texture": "#0"},
				"down": {"uv": [10.25, 4.75, 10.75, 8], "texture": "#0"}
			}
		}
	],
	"groups": [
		{
			"name": "clam",
			"origin": [8, 0, 8],
			"color": 0,
			"children": [
				{
					"name": "top",
					"origin": [8, 7, 16],
					"color": 0,
					"children": [0, 1, 2, 3, 4]
				}
			]
		}
	]
}
