{
	"credit": "Made with Blockbench",
	"texture_size": [32, 32],
	"textures": {
		"4": "mc_calamity:item/entity/deathstare_eye"
	},
	"elements": [
		{
			"from": [4, 4, 4],
			"to": [12, 12, 12],
			"faces": {
				"north": {"uv": [0, 8, 4, 12], "texture": "#4"},
				"east": {"uv": [4, 8, 8, 12], "texture": "#4"},
				"south": {"uv": [8, 8, 12, 12], "texture": "#4"},
				"west": {"uv": [10, 0, 14, 4], "texture": "#4"},
				"up": {"uv": [14, 8, 10, 4], "texture": "#4"},
				"down": {"uv": [4, 12, 0, 16], "texture": "#4"}
			}
		},
		{
			"from": [8, -4, 3],
			"to": [8, 4, 13],
			"rotation": {"angle": 0, "axis": "y", "origin": [8, 8, 8]},
			"faces": {
				"north": {"uv": [0, 0, 0, 4], "texture": "#4"},
				"east": {"uv": [0, 0, 5, 4], "texture": "#4"},
				"west": {"uv": [0, 4, 5, 8], "texture": "#4"}
			}
		},
		{
			"from": [3, -4, 8],
			"to": [13, 4, 8],
			"rotation": {"angle": 0, "axis": "y", "origin": [8, 8, 8]},
			"faces": {
				"north": {"uv": [5, 0, 10, 4], "texture": "#4"},
				"south": {"uv": [5, 4, 10, 8], "texture": "#4"},
				"west": {"uv": [0, 0, 0, 4], "texture": "#4"}
			}
		}
	]
}
