{
	"credit": "Made with Blockbench",
	"texture_size": [32, 32],
	"textures": {
		"0": "mc_calamity:item/entity/demon_eye",
		"particle": "mc_calamity:item/demon_eye"
	},
	"elements": [
		{
			"from": [4, 4, 4],
			"to": [12, 12, 12],
			"faces": {
				"north": {"uv": [0, 4, 4, 8], "texture": "#0"},
				"east": {"uv": [8.5, 4, 4.5, 0], "rotation": 90, "texture": "#0"},
				"south": {"uv": [4, 4, 8, 8], "texture": "#0"},
				"west": {"uv": [8.5, 4, 4.5, 0], "rotation": 270, "texture": "#0"},
				"up": {"uv": [8.5, 4, 4.5, 0], "texture": "#0"},
				"down": {"uv": [8.5, 4, 4.5, 0], "rotation": 180, "texture": "#0"}
			}
		},
		{
			"from": [6, 4, 12],
			"to": [6, 12, 21],
			"faces": {
				"east": {"uv": [4.5, 0, 0, 4], "texture": "#0"},
				"west": {"uv": [0, 0, 4.5, 4], "texture": "#0"},
				"down": {"uv": [0, 0, 0, 4.5], "texture": "#0"}
			}
		},
		{
			"from": [10, 4, 12],
			"to": [10, 12, 21],
			"faces": {
				"east": {"uv": [4.5, 0, 0, 4], "texture": "#0"},
				"west": {"uv": [0, 0, 4.5, 4], "texture": "#0"},
				"down": {"uv": [0, 0, 0, 4.5], "texture": "#0"}
			}
		},
		{
			"from": [4, 10, 12],
			"to": [12, 10, 21],
			"rotation": {"angle": 0, "axis": "y", "origin": [8, 8, 16.5]},
			"faces": {
				"east": {"uv": [0, 0, 0, 4.5], "rotation": 270, "texture": "#0"},
				"up": {"uv": [4.5, 0, 0, 4], "rotation": 270, "texture": "#0"},
				"down": {"uv": [0, 0, 4.5, 4], "rotation": 270, "texture": "#0"}
			}
		},
		{
			"from": [4, 6, 12],
			"to": [12, 6, 21],
			"rotation": {"angle": 0, "axis": "y", "origin": [8, 8, 16.5]},
			"faces": {
				"east": {"uv": [0, 0, 0, 4.5], "rotation": 270, "texture": "#0"},
				"up": {"uv": [4.5, 0, 0, 4], "rotation": 270, "texture": "#0"},
				"down": {"uv": [0, 0, 4.5, 4], "rotation": 270, "texture": "#0"}
			}
		}
	]
}
