{
	"credit": "Made with Blockbench",
	"texture_size": [256, 256],
	"textures": {
		"0": "mc_calamity:item/entity/desert_scourge"
	},
	"elements": [
		{
			"name": "segment",
			"from": [-0.25, -3, -1.5],
			"to": [16.25, 9.5, 16.5],
			"rotation": {"angle": 0, "axis": "y", "origin": [8, -2, -1]},
			"faces": {
				"north": {"uv": [2.25, 9.1875, 4.3125, 10.75], "texture": "#0"},
				"east": {"uv": [0, 9.1875, 2.25, 10.75], "texture": "#0"},
				"south": {"uv": [6.5625, 9.1875, 8.625, 10.75], "texture": "#0"},
				"west": {"uv": [4.3125, 9.1875, 6.5625, 10.75], "texture": "#0"},
				"up": {"uv": [4.3125, 9.1875, 2.25, 6.9375], "texture": "#0"},
				"down": {"uv": [6.375, 6.9375, 4.3125, 9.1875], "texture": "#0"}
			}
		},
		{
			"name": "spike_base_0",
			"from": [-0.75, 7.5, 6.5],
			"to": [2.25, 10.5, 9.5],
			"rotation": {"angle": 0, "axis": "y", "origin": [7, -1, 7]},
			"faces": {
				"north": {"uv": [0.375, 3.625, 0.75, 4], "texture": "#0"},
				"east": {"uv": [0, 3.625, 0.375, 4], "texture": "#0"},
				"south": {"uv": [1.125, 3.625, 1.5, 4], "texture": "#0"},
				"west": {"uv": [0.75, 3.625, 1.125, 4], "texture": "#0"},
				"up": {"uv": [0.75, 3.625, 0.375, 3.25], "texture": "#0"},
				"down": {"uv": [1.125, 3.25, 0.75, 3.625], "texture": "#0"}
			}
		},
		{
			"name": "spike_base_1",
			"from": [13.75, 7.5, 6.5],
			"to": [16.75, 10.5, 9.5],
			"rotation": {"angle": 0, "axis": "y", "origin": [9, -1, 7]},
			"faces": {
				"north": {"uv": [0.75, 3.625, 0.375, 4], "texture": "#0"},
				"east": {"uv": [1.125, 3.625, 0.75, 4], "texture": "#0"},
				"south": {"uv": [1.5, 3.625, 1.125, 4], "texture": "#0"},
				"west": {"uv": [0.375, 3.625, 0, 4], "texture": "#0"},
				"up": {"uv": [0.375, 3.625, 0.75, 3.25], "texture": "#0"},
				"down": {"uv": [0.75, 3.25, 1.125, 3.625], "texture": "#0"}
			}
		},
		{
			"name": "spike_0",
			"from": [-4.25, 8, 7.5],
			"to": [1.25, 10, 9.5],
			"rotation": {"angle": 45, "axis": "y", "origin": [0.25, 9, 8.5]},
			"faces": {
				"north": {"uv": [6.3125, 4.5, 7, 4.75], "texture": "#0"},
				"east": {"uv": [6.0625, 4.5, 6.3125, 4.75], "texture": "#0"},
				"south": {"uv": [7.25, 4.5, 7.9375, 4.75], "texture": "#0"},
				"west": {"uv": [7, 4.5, 7.25, 4.75], "texture": "#0"},
				"up": {"uv": [7, 4.5, 6.3125, 4.25], "texture": "#0"},
				"down": {"uv": [7.6875, 4.25, 7, 4.5], "texture": "#0"}
			}
		},
		{
			"name": "spike_1",
			"from": [14.75, 8, 7.5],
			"to": [20.25, 10, 9.5],
			"rotation": {"angle": -45, "axis": "y", "origin": [15.75, 9, 8.5]},
			"faces": {
				"north": {"uv": [7, 4.5, 6.3125, 4.75], "texture": "#0"},
				"east": {"uv": [7.25, 4.5, 7, 4.75], "texture": "#0"},
				"south": {"uv": [7.9375, 4.5, 7.25, 4.75], "texture": "#0"},
				"west": {"uv": [6.3125, 4.5, 6.0625, 4.75], "texture": "#0"},
				"up": {"uv": [6.3125, 4.5, 7, 4.25], "texture": "#0"},
				"down": {"uv": [7, 4.25, 7.6875, 4.5], "texture": "#0"}
			}
		},
		{
			"name": "spike_2",
			"from": [-5.25, 5.5, 5],
			"to": [0.25, 7, 6],
			"rotation": {"angle": 22.5, "axis": "y", "origin": [0.25, 7, 5]},
			"faces": {
				"north": {"uv": [6.125, 4.875, 6.8125, 5.0625], "texture": "#0"},
				"east": {"uv": [6, 4.875, 6.125, 5.0625], "texture": "#0"},
				"south": {"uv": [6.9375, 4.875, 7.625, 5.0625], "texture": "#0"},
				"west": {"uv": [6.8125, 4.875, 6.9375, 5.0625], "texture": "#0"},
				"up": {"uv": [6.8125, 4.875, 6.125, 4.75], "texture": "#0"},
				"down": {"uv": [7.5, 4.75, 6.8125, 4.875], "texture": "#0"}
			}
		},
		{
			"name": "spike_3",
			"from": [15.75, 5.5, 5],
			"to": [21.25, 7, 6],
			"rotation": {"angle": -22.5, "axis": "y", "origin": [15.75, 7, 5]},
			"faces": {
				"north": {"uv": [6.8125, 4.875, 6.125, 5.0625], "texture": "#0"},
				"east": {"uv": [6.9375, 4.875, 6.8125, 5.0625], "texture": "#0"},
				"south": {"uv": [7.625, 4.875, 6.9375, 5.0625], "texture": "#0"},
				"west": {"uv": [6.125, 4.875, 6, 5.0625], "texture": "#0"},
				"up": {"uv": [6.125, 4.875, 6.8125, 4.75], "texture": "#0"},
				"down": {"uv": [6.8125, 4.75, 7.5, 4.875], "texture": "#0"}
			}
		},
		{
			"name": "spike_4",
			"from": [-1.25, 8, 5],
			"to": [0.75, 9.5, 6],
			"rotation": {"angle": -22.5, "axis": "z", "origin": [0.75, 9.5, 5.5]},
			"faces": {
				"north": {"uv": [6.125, 5.1875, 6.375, 5.375], "texture": "#0"},
				"east": {"uv": [6, 5.1875, 6.125, 5.375], "texture": "#0"},
				"south": {"uv": [6.5, 5.1875, 6.75, 5.375], "texture": "#0"},
				"west": {"uv": [6.375, 5.1875, 6.5, 5.375], "texture": "#0"},
				"up": {"uv": [6.375, 5.1875, 6.125, 5.0625], "texture": "#0"},
				"down": {"uv": [6.625, 5.0625, 6.375, 5.1875], "texture": "#0"}
			}
		},
		{
			"name": "spike_5",
			"from": [15.25, 8, 5],
			"to": [17.25, 9.5, 6],
			"rotation": {"angle": 22.5, "axis": "z", "origin": [15.25, 9.5, 5.5]},
			"faces": {
				"north": {"uv": [6.375, 5.1875, 6.125, 5.375], "texture": "#0"},
				"east": {"uv": [6.5, 5.1875, 6.375, 5.375], "texture": "#0"},
				"south": {"uv": [6.75, 5.1875, 6.5, 5.375], "texture": "#0"},
				"west": {"uv": [6.125, 5.1875, 6, 5.375], "texture": "#0"},
				"up": {"uv": [6.125, 5.1875, 6.375, 5.0625], "texture": "#0"},
				"down": {"uv": [6.375, 5.0625, 6.625, 5.1875], "texture": "#0"}
			}
		},
		{
			"name": "spike_base_2",
			"from": [-0.75, 7.5, 14.5],
			"to": [2.25, 10.5, 17.5],
			"rotation": {"angle": 0, "axis": "y", "origin": [7, -1, 15]},
			"faces": {
				"north": {"uv": [0.375, 3.625, 0.75, 4], "texture": "#0"},
				"east": {"uv": [0, 3.625, 0.375, 4], "texture": "#0"},
				"south": {"uv": [1.125, 3.625, 1.5, 4], "texture": "#0"},
				"west": {"uv": [0.75, 3.625, 1.125, 4], "texture": "#0"},
				"up": {"uv": [0.75, 3.625, 0.375, 3.25], "texture": "#0"},
				"down": {"uv": [1.125, 3.25, 0.75, 3.625], "texture": "#0"}
			}
		},
		{
			"name": "spike_base_3",
			"from": [13.75, 7.5, 14.5],
			"to": [16.75, 10.5, 17.5],
			"rotation": {"angle": 0, "axis": "y", "origin": [9, -1, 15]},
			"faces": {
				"north": {"uv": [0.75, 3.625, 0.375, 4], "texture": "#0"},
				"east": {"uv": [1.125, 3.625, 0.75, 4], "texture": "#0"},
				"south": {"uv": [1.5, 3.625, 1.125, 4], "texture": "#0"},
				"west": {"uv": [0.375, 3.625, 0, 4], "texture": "#0"},
				"up": {"uv": [0.375, 3.625, 0.75, 3.25], "texture": "#0"},
				"down": {"uv": [0.75, 3.25, 1.125, 3.625], "texture": "#0"}
			}
		},
		{
			"name": "spike_6",
			"from": [-4.25, 8, 15.5],
			"to": [1.25, 10, 17.5],
			"rotation": {"angle": 45, "axis": "y", "origin": [0.25, 9, 16.5]},
			"faces": {
				"north": {"uv": [6.3125, 4.5, 7, 4.75], "texture": "#0"},
				"east": {"uv": [6.0625, 4.5, 6.3125, 4.75], "texture": "#0"},
				"south": {"uv": [7.25, 4.5, 7.9375, 4.75], "texture": "#0"},
				"west": {"uv": [7, 4.5, 7.25, 4.75], "texture": "#0"},
				"up": {"uv": [7, 4.5, 6.3125, 4.25], "texture": "#0"},
				"down": {"uv": [7.6875, 4.25, 7, 4.5], "texture": "#0"}
			}
		},
		{
			"name": "spike_7",
			"from": [14.75, 8, 15.5],
			"to": [20.25, 10, 17.5],
			"rotation": {"angle": -45, "axis": "y", "origin": [15.75, 9, 16.5]},
			"faces": {
				"north": {"uv": [7, 4.5, 6.3125, 4.75], "texture": "#0"},
				"east": {"uv": [7.25, 4.5, 7, 4.75], "texture": "#0"},
				"south": {"uv": [7.9375, 4.5, 7.25, 4.75], "texture": "#0"},
				"west": {"uv": [6.3125, 4.5, 6.0625, 4.75], "texture": "#0"},
				"up": {"uv": [6.3125, 4.5, 7, 4.25], "texture": "#0"},
				"down": {"uv": [7, 4.25, 7.6875, 4.5], "texture": "#0"}
			}
		},
		{
			"name": "spike_8",
			"from": [-5.25, 5.5, 13],
			"to": [0.25, 7, 14],
			"rotation": {"angle": 22.5, "axis": "y", "origin": [0.25, 7, 13]},
			"faces": {
				"north": {"uv": [6.125, 4.875, 6.8125, 5.0625], "texture": "#0"},
				"east": {"uv": [6, 4.875, 6.125, 5.0625], "texture": "#0"},
				"south": {"uv": [6.9375, 4.875, 7.625, 5.0625], "texture": "#0"},
				"west": {"uv": [6.8125, 4.875, 6.9375, 5.0625], "texture": "#0"},
				"up": {"uv": [6.8125, 4.875, 6.125, 4.75], "texture": "#0"},
				"down": {"uv": [7.5, 4.75, 6.8125, 4.875], "texture": "#0"}
			}
		},
		{
			"name": "spike_9",
			"from": [15.75, 5.5, 13],
			"to": [21.25, 7, 14],
			"rotation": {"angle": -22.5, "axis": "y", "origin": [15.75, 7, 13]},
			"faces": {
				"north": {"uv": [6.8125, 4.875, 6.125, 5.0625], "texture": "#0"},
				"east": {"uv": [6.9375, 4.875, 6.8125, 5.0625], "texture": "#0"},
				"south": {"uv": [7.625, 4.875, 6.9375, 5.0625], "texture": "#0"},
				"west": {"uv": [6.125, 4.875, 6, 5.0625], "texture": "#0"},
				"up": {"uv": [6.125, 4.875, 6.8125, 4.75], "texture": "#0"},
				"down": {"uv": [6.8125, 4.75, 7.5, 4.875], "texture": "#0"}
			}
		},
		{
			"name": "spike_10",
			"from": [-1.25, 8, 13],
			"to": [0.75, 9.5, 14],
			"rotation": {"angle": -22.5, "axis": "z", "origin": [0.75, 9.5, 13.5]},
			"faces": {
				"north": {"uv": [6.125, 5.1875, 6.375, 5.375], "texture": "#0"},
				"east": {"uv": [6, 5.1875, 6.125, 5.375], "texture": "#0"},
				"south": {"uv": [6.5, 5.1875, 6.75, 5.375], "texture": "#0"},
				"west": {"uv": [6.375, 5.1875, 6.5, 5.375], "texture": "#0"},
				"up": {"uv": [6.375, 5.1875, 6.125, 5.0625], "texture": "#0"},
				"down": {"uv": [6.625, 5.0625, 6.375, 5.1875], "texture": "#0"}
			}
		},
		{
			"name": "spike_11",
			"from": [15.25, 8, 13],
			"to": [17.25, 9.5, 14],
			"rotation": {"angle": 22.5, "axis": "z", "origin": [15.25, 9.5, 13.5]},
			"faces": {
				"north": {"uv": [6.375, 5.1875, 6.125, 5.375], "texture": "#0"},
				"east": {"uv": [6.5, 5.1875, 6.375, 5.375], "texture": "#0"},
				"south": {"uv": [6.75, 5.1875, 6.5, 5.375], "texture": "#0"},
				"west": {"uv": [6.125, 5.1875, 6, 5.375], "texture": "#0"},
				"up": {"uv": [6.125, 5.1875, 6.375, 5.0625], "texture": "#0"},
				"down": {"uv": [6.375, 5.0625, 6.625, 5.1875], "texture": "#0"}
			}
		}
	],
	"groups": [
		{
			"name": "segment_0",
			"origin": [8, 6.25, 1],
			"color": 0,
			"children": [0, 1, 2, 3, 4, 5, 6, 7, 8, 9, 10, 11, 12, 13, 14, 15, 16]
		}
	],
	"display": {
		"head": {
			"scale": [3.6, 3.6, 3.6]
		}
	}
}
