{
	"credit": "Made with Blockbench",
	"texture_size": [256, 256],
	"textures": {
		"0": "mc_calamity:item/entity/desert_scourge"
	},
	"elements": [
		{
			"name": "segment",
			"from": [0.25, -3, -0.5],
			"to": [15.75, 9.5, 16.5],
			"rotation": {"angle": 0, "axis": "y", "origin": [8, -2, 0]},
			"faces": {
				"north": {"uv": [2.125, 5.375, 4.0625, 6.9375], "texture": "#0"},
				"east": {"uv": [0, 5.375, 2.125, 6.9375], "texture": "#0"},
				"south": {"uv": [6.1875, 5.375, 8.125, 6.9375], "texture": "#0"},
				"west": {"uv": [4.0625, 5.375, 6.1875, 6.9375], "texture": "#0"},
				"up": {"uv": [4.0625, 5.375, 2.125, 3.25], "texture": "#0"},
				"down": {"uv": [6, 3.25, 4.0625, 5.375], "texture": "#0"}
			}
		},
		{
			"name": "spike_0",
			"from": [-10.25, 3.5, 0],
			"to": [0.25, 8, 3],
			"rotation": {"angle": 0, "axis": "y", "origin": [0.25, 5.5, 0]},
			"faces": {
				"north": {"uv": [6.375, 3.6875, 7.6875, 4.25], "texture": "#0"},
				"east": {"uv": [6, 3.6875, 6.375, 4.25], "texture": "#0"},
				"south": {"uv": [8.0625, 3.6875, 9.375, 4.25], "texture": "#0"},
				"west": {"uv": [7.6875, 3.6875, 8.0625, 4.25], "texture": "#0"},
				"up": {"uv": [7.6875, 3.6875, 6.375, 3.3125], "texture": "#0"},
				"down": {"uv": [9, 3.3125, 7.6875, 3.6875], "texture": "#0"}
			}
		},
		{
			"name": "spike_1",
			"from": [15.75, 3.5, 0],
			"to": [26.25, 8, 3],
			"rotation": {"angle": 0, "axis": "y", "origin": [15.75, 5.5, 0]},
			"faces": {
				"north": {"uv": [7.6875, 3.6875, 6.375, 4.25], "texture": "#0"},
				"east": {"uv": [8.0625, 3.6875, 7.6875, 4.25], "texture": "#0"},
				"south": {"uv": [9.375, 3.6875, 8.0625, 4.25], "texture": "#0"},
				"west": {"uv": [6.375, 3.6875, 6, 4.25], "texture": "#0"},
				"up": {"uv": [6.375, 3.6875, 7.6875, 3.3125], "texture": "#0"},
				"down": {"uv": [7.6875, 3.3125, 9, 3.6875], "texture": "#0"}
			}
		},
		{
			"name": "spike_2",
			"from": [-10.25, 4, 2],
			"to": [0.25, 8.5, 5],
			"rotation": {"angle": 22.5, "axis": "y", "origin": [0.25, 6, 2]},
			"faces": {
				"north": {"uv": [6.375, 3.6875, 7.6875, 4.25], "texture": "#0"},
				"east": {"uv": [6, 3.6875, 6.375, 4.25], "texture": "#0"},
				"south": {"uv": [8.0625, 3.6875, 9.375, 4.25], "texture": "#0"},
				"west": {"uv": [7.6875, 3.6875, 8.0625, 4.25], "texture": "#0"},
				"up": {"uv": [7.6875, 3.6875, 6.375, 3.3125], "texture": "#0"},
				"down": {"uv": [9, 3.3125, 7.6875, 3.6875], "texture": "#0"}
			}
		},
		{
			"name": "spike_3",
			"from": [15.75, 4, 2],
			"to": [26.25, 8.5, 5],
			"rotation": {"angle": -22.5, "axis": "y", "origin": [15.75, 6, 2]},
			"faces": {
				"north": {"uv": [7.6875, 3.6875, 6.375, 4.25], "texture": "#0"},
				"east": {"uv": [8.0625, 3.6875, 7.6875, 4.25], "texture": "#0"},
				"south": {"uv": [9.375, 3.6875, 8.0625, 4.25], "texture": "#0"},
				"west": {"uv": [6.375, 3.6875, 6, 4.25], "texture": "#0"},
				"up": {"uv": [6.375, 3.6875, 7.6875, 3.3125], "texture": "#0"},
				"down": {"uv": [7.6875, 3.3125, 9, 3.6875], "texture": "#0"}
			}
		},
		{
			"name": "spike_4",
			"from": [6.25, 6, 7.5],
			"to": [9.75, 9.5, 16.5],
			"rotation": {"angle": -22.5, "axis": "x", "origin": [8, 9.5, 7.5]},
			"faces": {
				"north": {"uv": [14, 2.0625, 14.4375, 2.5], "texture": "#0"},
				"east": {"uv": [12.875, 2.0625, 14, 2.5], "texture": "#0"},
				"south": {"uv": [15.5625, 2.0625, 16, 2.5], "texture": "#0"},
				"west": {"uv": [14.4375, 2.0625, 15.5625, 2.5], "texture": "#0"},
				"up": {"uv": [14.4375, 2.0625, 14, 0.9375], "texture": "#0"},
				"down": {"uv": [14.875, 0.9375, 14.4375, 2.0625], "texture": "#0"}
			}
		},
		{
			"name": "spike_5",
			"from": [3.75, 7.5, 7.5],
			"to": [5.75, 9.5, 12],
			"rotation": {"angle": -22.5, "axis": "x", "origin": [5, 9.5, 7.5]},
			"faces": {
				"north": {"uv": [10, 3, 10.25, 3.25], "texture": "#0"},
				"east": {"uv": [9.4375, 3, 10, 3.25], "texture": "#0"},
				"south": {"uv": [10.8125, 3, 11.0625, 3.25], "texture": "#0"},
				"west": {"uv": [10.25, 3, 10.8125, 3.25], "texture": "#0"},
				"up": {"uv": [10.25, 3, 10, 2.4375], "texture": "#0"},
				"down": {"uv": [10.5, 2.4375, 10.25, 3], "texture": "#0"}
			}
		},
		{
			"name": "spike_6",
			"from": [10.25, 7.5, 7.5],
			"to": [12.25, 9.5, 12],
			"rotation": {"angle": -22.5, "axis": "x", "origin": [11, 9.5, 7.5]},
			"faces": {
				"north": {"uv": [10.25, 3, 10, 3.25], "texture": "#0"},
				"east": {"uv": [10.8125, 3, 10.25, 3.25], "texture": "#0"},
				"south": {"uv": [11.0625, 3, 10.8125, 3.25], "texture": "#0"},
				"west": {"uv": [10, 3, 9.4375, 3.25], "texture": "#0"},
				"up": {"uv": [10, 3, 10.25, 2.4375], "texture": "#0"},
				"down": {"uv": [10.25, 2.4375, 10.5, 3], "texture": "#0"}
			}
		},
		{
			"name": "spike_7",
			"from": [0.75, 7.5, 7],
			"to": [2.75, 9.5, 13],
			"rotation": {"angle": -22.5, "axis": "x", "origin": [2, 9.5, 7]},
			"faces": {
				"north": {"uv": [11.4375, 2.5, 11.6875, 2.75], "texture": "#0"},
				"east": {"uv": [10.6875, 2.5, 11.4375, 2.75], "texture": "#0"},
				"south": {"uv": [12.4375, 2.5, 12.6875, 2.75], "texture": "#0"},
				"west": {"uv": [11.6875, 2.5, 12.4375, 2.75], "texture": "#0"},
				"up": {"uv": [11.6875, 2.5, 11.4375, 1.75], "texture": "#0"},
				"down": {"uv": [11.9375, 1.75, 11.6875, 2.5], "texture": "#0"}
			}
		},
		{
			"name": "spike_8",
			"from": [13.25, 7.5, 7],
			"to": [15.25, 9.5, 13],
			"rotation": {"angle": -22.5, "axis": "x", "origin": [14, 9.5, 7]},
			"faces": {
				"north": {"uv": [11.6875, 2.5, 11.4375, 2.75], "texture": "#0"},
				"east": {"uv": [12.4375, 2.5, 11.6875, 2.75], "texture": "#0"},
				"south": {"uv": [12.6875, 2.5, 12.4375, 2.75], "texture": "#0"},
				"west": {"uv": [11.4375, 2.5, 10.6875, 2.75], "texture": "#0"},
				"up": {"uv": [11.4375, 2.5, 11.6875, 1.75], "texture": "#0"},
				"down": {"uv": [11.6875, 1.75, 11.9375, 2.5], "texture": "#0"}
			}
		},
		{
			"name": "spike_9",
			"from": [0.25, 6.5, 6.5],
			"to": [1.75, 8, 11],
			"rotation": {"angle": -22.5, "axis": "y", "origin": [0.25, 8, 6.5]},
			"faces": {
				"north": {"uv": [11.0625, 3.3125, 11.25, 3.5], "texture": "#0"},
				"east": {"uv": [10.5, 3.3125, 11.0625, 3.5], "texture": "#0"},
				"south": {"uv": [11.8125, 3.3125, 12, 3.5], "texture": "#0"},
				"west": {"uv": [11.25, 3.3125, 11.8125, 3.5], "texture": "#0"},
				"up": {"uv": [11.25, 3.3125, 11.0625, 2.75], "texture": "#0"},
				"down": {"uv": [11.4375, 2.75, 11.25, 3.3125], "texture": "#0"}
			}
		},
		{
			"name": "spike_10",
			"from": [0.25, 3.5, 6.5],
			"to": [1.75, 5, 11],
			"rotation": {"angle": -22.5, "axis": "y", "origin": [0.25, 5, 6.5]},
			"faces": {
				"north": {"uv": [11.0625, 3.3125, 11.25, 3.5], "texture": "#0"},
				"east": {"uv": [10.5, 3.3125, 11.0625, 3.5], "texture": "#0"},
				"south": {"uv": [11.8125, 3.3125, 12, 3.5], "texture": "#0"},
				"west": {"uv": [11.25, 3.3125, 11.8125, 3.5], "texture": "#0"},
				"up": {"uv": [11.25, 3.3125, 11.0625, 2.75], "texture": "#0"},
				"down": {"uv": [11.4375, 2.75, 11.25, 3.3125], "texture": "#0"}
			}
		},
		{
			"name": "spike_11",
			"from": [14.25, 6.5, 6.5],
			"to": [15.75, 8, 11],
			"rotation": {"angle": 22.5, "axis": "y", "origin": [15.75, 8, 6.5]},
			"faces": {
				"north": {"uv": [11.25, 3.3125, 11.0625, 3.5], "texture": "#0"},
				"east": {"uv": [11.8125, 3.3125, 11.25, 3.5], "texture": "#0"},
				"south": {"uv": [12, 3.3125, 11.8125, 3.5], "texture": "#0"},
				"west": {"uv": [11.0625, 3.3125, 10.5, 3.5], "texture": "#0"},
				"up": {"uv": [11.0625, 3.3125, 11.25, 2.75], "texture": "#0"},
				"down": {"uv": [11.25, 2.75, 11.4375, 3.3125], "texture": "#0"}
			}
		},
		{
			"name": "spike_12",
			"from": [14.25, 3.5, 6.5],
			"to": [15.75, 5, 11],
			"rotation": {"angle": 22.5, "axis": "y", "origin": [15.75, 5, 6.5]},
			"faces": {
				"north": {"uv": [11.25, 3.3125, 11.0625, 3.5], "texture": "#0"},
				"east": {"uv": [11.8125, 3.3125, 11.25, 3.5], "texture": "#0"},
				"south": {"uv": [12, 3.3125, 11.8125, 3.5], "texture": "#0"},
				"west": {"uv": [11.0625, 3.3125, 10.5, 3.5], "texture": "#0"},
				"up": {"uv": [11.0625, 3.3125, 11.25, 2.75], "texture": "#0"},
				"down": {"uv": [11.25, 2.75, 11.4375, 3.3125], "texture": "#0"}
			}
		},
		{
			"name": "spike_13",
			"from": [-4.25, 8, 15.5],
			"to": [1.25, 10, 17.5],
			"rotation": {"angle": 45, "axis": "y", "origin": [0.25, 9, 16.5]},
			"faces": {
				"north": {"uv": [6.3125, 4.5, 7, 4.75], "texture": "#0"},
				"east": {"uv": [6.0625, 4.5, 6.3125, 4.75], "texture": "#0"},
				"south": {"uv": [7.25, 4.5, 7.9375, 4.75], "texture": "#0"},
				"west": {"uv": [7, 4.5, 7.25, 4.75], "texture": "#0"},
				"up": {"uv": [7, 4.5, 6.3125, 4.25], "texture": "#0"},
				"down": {"uv": [7.6875, 4.25, 7, 4.5], "texture": "#0"}
			}
		},
		{
			"name": "spike_14",
			"from": [14.75, 8, 15.5],
			"to": [20.25, 10, 17.5],
			"rotation": {"angle": -45, "axis": "y", "origin": [15.75, 9, 16.5]},
			"faces": {
				"north": {"uv": [7, 4.5, 6.3125, 4.75], "texture": "#0"},
				"east": {"uv": [7.25, 4.5, 7, 4.75], "texture": "#0"},
				"south": {"uv": [7.9375, 4.5, 7.25, 4.75], "texture": "#0"},
				"west": {"uv": [6.3125, 4.5, 6.0625, 4.75], "texture": "#0"},
				"up": {"uv": [6.3125, 4.5, 7, 4.25], "texture": "#0"},
				"down": {"uv": [7, 4.25, 7.6875, 4.5], "texture": "#0"}
			}
		},
		{
			"name": "spike_15",
			"from": [-5.25, 5.5, 13],
			"to": [0.25, 7, 14],
			"rotation": {"angle": 22.5, "axis": "y", "origin": [0.25, 7, 13]},
			"faces": {
				"north": {"uv": [6.125, 4.875, 6.8125, 5.0625], "texture": "#0"},
				"east": {"uv": [6, 4.875, 6.125, 5.0625], "texture": "#0"},
				"south": {"uv": [6.9375, 4.875, 7.625, 5.0625], "texture": "#0"},
				"west": {"uv": [6.8125, 4.875, 6.9375, 5.0625], "texture": "#0"},
				"up": {"uv": [6.8125, 4.875, 6.125, 4.75], "texture": "#0"},
				"down": {"uv": [7.5, 4.75, 6.8125, 4.875], "texture": "#0"}
			}
		},
		{
			"name": "spike_16",
			"from": [15.75, 5.5, 13],
			"to": [21.25, 7, 14],
			"rotation": {"angle": -22.5, "axis": "y", "origin": [15.75, 7, 13]},
			"faces": {
				"north": {"uv": [6.8125, 4.875, 6.125, 5.0625], "texture": "#0"},
				"east": {"uv": [6.9375, 4.875, 6.8125, 5.0625], "texture": "#0"},
				"south": {"uv": [7.625, 4.875, 6.9375, 5.0625], "texture": "#0"},
				"west": {"uv": [6.125, 4.875, 6, 5.0625], "texture": "#0"},
				"up": {"uv": [6.125, 4.875, 6.8125, 4.75], "texture": "#0"},
				"down": {"uv": [6.8125, 4.75, 7.5, 4.875], "texture": "#0"}
			}
		},
		{
			"name": "spike_17",
			"from": [-1.25, 8, 13],
			"to": [0.75, 9.5, 14],
			"rotation": {"angle": -22.5, "axis": "z", "origin": [0.75, 9.5, 13.5]},
			"faces": {
				"north": {"uv": [6.125, 5.1875, 6.375, 5.375], "texture": "#0"},
				"east": {"uv": [6, 5.1875, 6.125, 5.375], "texture": "#0"},
				"south": {"uv": [6.5, 5.1875, 6.75, 5.375], "texture": "#0"},
				"west": {"uv": [6.375, 5.1875, 6.5, 5.375], "texture": "#0"},
				"up": {"uv": [6.375, 5.1875, 6.125, 5.0625], "texture": "#0"},
				"down": {"uv": [6.625, 5.0625, 6.375, 5.1875], "texture": "#0"}
			}
		},
		{
			"name": "spike_18",
			"from": [15.25, 8, 13],
			"to": [17.25, 9.5, 14],
			"rotation": {"angle": 22.5, "axis": "z", "origin": [15.25, 9.5, 13.5]},
			"faces": {
				"north": {"uv": [6.375, 5.1875, 6.125, 5.375], "texture": "#0"},
				"east": {"uv": [6.5, 5.1875, 6.375, 5.375], "texture": "#0"},
				"south": {"uv": [6.75, 5.1875, 6.5, 5.375], "texture": "#0"},
				"west": {"uv": [6.125, 5.1875, 6, 5.375], "texture": "#0"},
				"up": {"uv": [6.125, 5.1875, 6.375, 5.0625], "texture": "#0"},
				"down": {"uv": [6.375, 5.0625, 6.625, 5.1875], "texture": "#0"}
			}
		},
		{
			"name": "spike_base_0",
			"from": [-0.75, 7.5, 14.5],
			"to": [2.25, 10.5, 17.5],
			"rotation": {"angle": 0, "axis": "y", "origin": [7, -1, 15]},
			"faces": {
				"north": {"uv": [0.375, 3.625, 0.75, 4], "texture": "#0"},
				"east": {"uv": [0, 3.625, 0.375, 4], "texture": "#0"},
				"south": {"uv": [1.125, 3.625, 1.5, 4], "texture": "#0"},
				"west": {"uv": [0.75, 3.625, 1.125, 4], "texture": "#0"},
				"up": {"uv": [0.75, 3.625, 0.375, 3.25], "texture": "#0"},
				"down": {"uv": [1.125, 3.25, 0.75, 3.625], "texture": "#0"}
			}
		},
		{
			"name": "spike_base_1",
			"from": [13.75, 7.5, 14.5],
			"to": [16.75, 10.5, 17.5],
			"rotation": {"angle": 0, "axis": "y", "origin": [9, -1, 15]},
			"faces": {
				"north": {"uv": [0.75, 3.625, 0.375, 4], "texture": "#0"},
				"east": {"uv": [1.125, 3.625, 0.75, 4], "texture": "#0"},
				"south": {"uv": [1.5, 3.625, 1.125, 4], "texture": "#0"},
				"west": {"uv": [0.375, 3.625, 0, 4], "texture": "#0"},
				"up": {"uv": [0.375, 3.625, 0.75, 3.25], "texture": "#0"},
				"down": {"uv": [0.75, 3.25, 1.125, 3.625], "texture": "#0"}
			}
		}
	],
	"groups": [
		{
			"name": "segment_first",
			"origin": [8, 6.25, 2],
			"color": 0,
			"children": [0, 1, 2, 3, 4, 5, 6, 7, 8, 9, 10, 11, 12, 13, 14, 15, 16, 17, 18, 19, 20, 21]
		}
	],
	"display": {
		"head": {
			"scale": [3.6, 3.6, 3.6]
		}
	}
}
