{
	"credit": "Made with Blockbench",
	"texture_size": [256, 256],
	"textures": {
		"0": "mc_calamity:item/entity/desert_scourge"
	},
	"elements": [
		{
			"name": "segment_0",
			"from": [1.25, -1, -1.5],
			"to": [14.75, 7.5, 9.5],
			"rotation": {"angle": 0, "axis": "y", "origin": [8, 3.25, -1.5]},
			"faces": {
				"north": {"uv": [1.375, 12.125, 3.0625, 13.1875], "texture": "#0"},
				"east": {"uv": [0, 12.125, 1.375, 13.1875], "texture": "#0"},
				"south": {"uv": [4.4375, 12.125, 6.125, 13.1875], "texture": "#0"},
				"west": {"uv": [3.0625, 12.125, 4.4375, 13.1875], "texture": "#0"},
				"up": {"uv": [3.0625, 12.125, 1.375, 10.75], "texture": "#0"},
				"down": {"uv": [4.75, 10.75, 3.0625, 12.125], "texture": "#0"}
			}
		},
		{
			"name": "segment_1",
			"from": [3.75, 0, 9.5],
			"to": [12.25, 6.5, 17.5],
			"rotation": {"angle": 0, "axis": "y", "origin": [8, 3.25, -1.5]},
			"faces": {
				"north": {"uv": [1, 14.1875, 2.0625, 15], "texture": "#0"},
				"east": {"uv": [0, 14.1875, 1, 15], "texture": "#0"},
				"south": {"uv": [3.0625, 14.1875, 4.125, 15], "texture": "#0"},
				"west": {"uv": [2.0625, 14.1875, 3.0625, 15], "texture": "#0"},
				"up": {"uv": [2.0625, 14.1875, 1, 13.1875], "texture": "#0"},
				"down": {"uv": [3.125, 13.1875, 2.0625, 14.1875], "texture": "#0"}
			}
		},
		{
			"name": "spike_base_0",
			"from": [0.25, 5.5, 7.5],
			"to": [3.25, 8.5, 10.5],
			"rotation": {"angle": 0, "axis": "y", "origin": [8, -3, 8]},
			"faces": {
				"north": {"uv": [0.375, 3.625, 0.75, 4], "texture": "#0"},
				"east": {"uv": [0, 3.625, 0.375, 4], "texture": "#0"},
				"south": {"uv": [1.125, 3.625, 1.5, 4], "texture": "#0"},
				"west": {"uv": [0.75, 3.625, 1.125, 4], "texture": "#0"},
				"up": {"uv": [0.75, 3.625, 0.375, 3.25], "texture": "#0"},
				"down": {"uv": [1.125, 3.25, 0.75, 3.625], "texture": "#0"}
			}
		},
		{
			"name": "spike_base_1",
			"from": [12.75, 5.5, 7.5],
			"to": [15.75, 8.5, 10.5],
			"rotation": {"angle": 0, "axis": "y", "origin": [8, -3, 8]},
			"faces": {
				"north": {"uv": [0.75, 3.625, 0.375, 4], "texture": "#0"},
				"east": {"uv": [1.125, 3.625, 0.75, 4], "texture": "#0"},
				"south": {"uv": [1.5, 3.625, 1.125, 4], "texture": "#0"},
				"west": {"uv": [0.375, 3.625, 0, 4], "texture": "#0"},
				"up": {"uv": [0.375, 3.625, 0.75, 3.25], "texture": "#0"},
				"down": {"uv": [0.75, 3.25, 1.125, 3.625], "texture": "#0"}
			}
		},
		{
			"name": "spike_0",
			"from": [-3.25, 6, 8.5],
			"to": [2.25, 8, 10.5],
			"rotation": {"angle": 45, "axis": "y", "origin": [1.25, 7, 9.5]},
			"faces": {
				"north": {"uv": [6.3125, 4.5, 7, 4.75], "texture": "#0"},
				"east": {"uv": [6.0625, 4.5, 6.3125, 4.75], "texture": "#0"},
				"south": {"uv": [7.25, 4.5, 7.9375, 4.75], "texture": "#0"},
				"west": {"uv": [7, 4.5, 7.25, 4.75], "texture": "#0"},
				"up": {"uv": [7, 4.5, 6.3125, 4.25], "texture": "#0"},
				"down": {"uv": [7.6875, 4.25, 7, 4.5], "texture": "#0"}
			}
		},
		{
			"name": "spike_1",
			"from": [13.75, 6, 8.5],
			"to": [19.25, 8, 10.5],
			"rotation": {"angle": -45, "axis": "y", "origin": [14.75, 7, 9.5]},
			"faces": {
				"north": {"uv": [7, 4.5, 6.3125, 4.75], "texture": "#0"},
				"east": {"uv": [7.25, 4.5, 7, 4.75], "texture": "#0"},
				"south": {"uv": [7.9375, 4.5, 7.25, 4.75], "texture": "#0"},
				"west": {"uv": [6.3125, 4.5, 6.0625, 4.75], "texture": "#0"},
				"up": {"uv": [6.3125, 4.5, 7, 4.25], "texture": "#0"},
				"down": {"uv": [7, 4.25, 7.6875, 4.5], "texture": "#0"}
			}
		},
		{
			"name": "spike_2",
			"from": [-4.25, 3.5, 6],
			"to": [1.25, 5, 7],
			"rotation": {"angle": 22.5, "axis": "y", "origin": [1.25, 5, 6]},
			"faces": {
				"north": {"uv": [6.125, 4.875, 6.8125, 5.0625], "texture": "#0"},
				"east": {"uv": [6, 4.875, 6.125, 5.0625], "texture": "#0"},
				"south": {"uv": [6.9375, 4.875, 7.625, 5.0625], "texture": "#0"},
				"west": {"uv": [6.8125, 4.875, 6.9375, 5.0625], "texture": "#0"},
				"up": {"uv": [6.8125, 4.875, 6.125, 4.75], "texture": "#0"},
				"down": {"uv": [7.5, 4.75, 6.8125, 4.875], "texture": "#0"}
			}
		},
		{
			"name": "spike_3",
			"from": [14.75, 3.5, 6],
			"to": [20.25, 5, 7],
			"rotation": {"angle": -22.5, "axis": "y", "origin": [14.75, 5, 6]},
			"faces": {
				"north": {"uv": [6.8125, 4.875, 6.125, 5.0625], "texture": "#0"},
				"east": {"uv": [6.9375, 4.875, 6.8125, 5.0625], "texture": "#0"},
				"south": {"uv": [7.625, 4.875, 6.9375, 5.0625], "texture": "#0"},
				"west": {"uv": [6.125, 4.875, 6, 5.0625], "texture": "#0"},
				"up": {"uv": [6.125, 4.875, 6.8125, 4.75], "texture": "#0"},
				"down": {"uv": [6.8125, 4.75, 7.5, 4.875], "texture": "#0"}
			}
		},
		{
			"name": "spike_4",
			"from": [-0.25, 6, 6],
			"to": [1.75, 7.5, 7],
			"rotation": {"angle": -22.5, "axis": "z", "origin": [1.75, 7.5, 6.5]},
			"faces": {
				"north": {"uv": [6.125, 5.1875, 6.375, 5.375], "texture": "#0"},
				"east": {"uv": [6, 5.1875, 6.125, 5.375], "texture": "#0"},
				"south": {"uv": [6.5, 5.1875, 6.75, 5.375], "texture": "#0"},
				"west": {"uv": [6.375, 5.1875, 6.5, 5.375], "texture": "#0"},
				"up": {"uv": [6.375, 5.1875, 6.125, 5.0625], "texture": "#0"},
				"down": {"uv": [6.625, 5.0625, 6.375, 5.1875], "texture": "#0"}
			}
		},
		{
			"name": "spike_5",
			"from": [14.25, 6, 6],
			"to": [16.25, 7.5, 7],
			"rotation": {"angle": 22.5, "axis": "z", "origin": [14.25, 7.5, 6.5]},
			"faces": {
				"north": {"uv": [6.375, 5.1875, 6.125, 5.375], "texture": "#0"},
				"east": {"uv": [6.5, 5.1875, 6.375, 5.375], "texture": "#0"},
				"south": {"uv": [6.75, 5.1875, 6.5, 5.375], "texture": "#0"},
				"west": {"uv": [6.125, 5.1875, 6, 5.375], "texture": "#0"},
				"up": {"uv": [6.125, 5.1875, 6.375, 5.0625], "texture": "#0"},
				"down": {"uv": [6.375, 5.0625, 6.625, 5.1875], "texture": "#0"}
			}
		}
	],
	"groups": [
		{
			"name": "segment_last",
			"origin": [8, 6.25, 1],
			"color": 0,
			"children": [0, 1, 2, 3, 4, 5, 6, 7, 8, 9]
		}
	],
	"display": {
		"head": {
			"scale": [3.6, 3.6, 3.6]
		}
	}
}
