{
	"credit": "Made with Blockbench",
	"texture_size": [256, 256],
	"textures": {
		"0": "mc_calamity:item/entity/devourer_of_gods"
	},
	"elements": [
		{
			"from": [2.75, 0, 4],
			"to": [13.25, 9, 15.5],
			"rotation": {"angle": 0, "axis": "y", "origin": [8, 0, 9]},
			"faces": {
				"north": {"uv": [1.4375, 4.4375, 2.75, 5.5625], "texture": "#0"},
				"east": {"uv": [0, 4.4375, 1.4375, 5.5625], "texture": "#0"},
				"south": {"uv": [4.1875, 4.4375, 5.5, 5.5625], "texture": "#0"},
				"west": {"uv": [2.75, 4.4375, 4.1875, 5.5625], "texture": "#0"},
				"up": {"uv": [2.75, 4.4375, 1.4375, 3], "texture": "#0"},
				"down": {"uv": [4.0625, 3, 2.75, 4.4375], "texture": "#0"}
			}
		},
		{
			"from": [12.75, 2.5, 9.5],
			"to": [14.25, 6.5, 15.5],
			"rotation": {"angle": 45, "axis": "y", "origin": [13.25, 4.5, 11]},
			"faces": {
				"north": {"uv": [4.5, 7.4375, 4.6875, 7.9375], "texture": "#0"},
				"east": {"uv": [3.75, 7.4375, 4.5, 7.9375], "texture": "#0"},
				"south": {"uv": [5.4375, 7.4375, 5.625, 7.9375], "texture": "#0"},
				"west": {"uv": [4.6875, 7.4375, 5.4375, 7.9375], "texture": "#0"},
				"up": {"uv": [4.6875, 7.4375, 4.5, 6.6875], "texture": "#0"},
				"down": {"uv": [4.875, 6.6875, 4.6875, 7.4375], "texture": "#0"}
			}
		},
		{
			"from": [11.75, 3, 9.5],
			"to": [12.75, 6, 14.5],
			"rotation": {"angle": 45, "axis": "y", "origin": [13.25, 4.5, 11]},
			"faces": {
				"north": {"uv": [4.6875, 3.75, 4.8125, 4.125], "texture": "#0"},
				"east": {"uv": [4.0625, 3.75, 4.6875, 4.125], "texture": "#0"},
				"south": {"uv": [5.4375, 3.75, 5.5625, 4.125], "texture": "#0"},
				"west": {"uv": [4.8125, 3.75, 5.4375, 4.125], "texture": "#0"},
				"up": {"uv": [4.8125, 3.75, 4.6875, 3.125], "texture": "#0"},
				"down": {"uv": [4.9375, 3.125, 4.8125, 3.75], "texture": "#0"}
			}
		},
		{
			"from": [1.75, 2.5, 9.5],
			"to": [3.25, 6.5, 15.5],
			"rotation": {"angle": -45, "axis": "y", "origin": [2.75, 4.5, 11]},
			"faces": {
				"north": {"uv": [4.6875, 7.4375, 4.5, 7.9375], "texture": "#0"},
				"east": {"uv": [5.4375, 7.4375, 4.6875, 7.9375], "texture": "#0"},
				"south": {"uv": [5.625, 7.4375, 5.4375, 7.9375], "texture": "#0"},
				"west": {"uv": [4.5, 7.4375, 3.75, 7.9375], "texture": "#0"},
				"up": {"uv": [4.5, 7.4375, 4.6875, 6.6875], "texture": "#0"},
				"down": {"uv": [4.6875, 6.6875, 4.875, 7.4375], "texture": "#0"}
			}
		},
		{
			"from": [3.25, 3, 9.5],
			"to": [4.25, 6, 14.5],
			"rotation": {"angle": -45, "axis": "y", "origin": [2.75, 4.5, 11]},
			"faces": {
				"north": {"uv": [4.8125, 3.75, 4.6875, 4.125], "texture": "#0"},
				"east": {"uv": [5.4375, 3.75, 4.8125, 4.125], "texture": "#0"},
				"south": {"uv": [5.5625, 3.75, 5.4375, 4.125], "texture": "#0"},
				"west": {"uv": [4.6875, 3.75, 4.0625, 4.125], "texture": "#0"},
				"up": {"uv": [4.6875, 3.75, 4.8125, 3.125], "texture": "#0"},
				"down": {"uv": [4.8125, 3.125, 4.9375, 3.75], "texture": "#0"}
			}
		},
		{
			"from": [13.25, 1.5, -5.5],
			"to": [15.75, 7.5, 6],
			"rotation": {"angle": 0, "axis": "y", "origin": [8, 0, 9]},
			"faces": {
				"north": {"uv": [6.375, 3, 6.6875, 3.75], "texture": "#0"},
				"east": {"uv": [4.9375, 3, 6.375, 3.75], "texture": "#0"},
				"south": {"uv": [8.125, 3, 8.4375, 3.75], "texture": "#0"},
				"west": {"uv": [6.6875, 3, 8.125, 3.75], "texture": "#0"},
				"up": {"uv": [6.6875, 3, 6.375, 1.5625], "texture": "#0"},
				"down": {"uv": [7, 1.5625, 6.6875, 3], "texture": "#0"}
			}
		},
		{
			"from": [15.25, 1.5, -10.5],
			"to": [17.25, 7.5, -5.5],
			"rotation": {"angle": 0, "axis": "y", "origin": [8, 0, 9]},
			"faces": {
				"north": {"uv": [0.625, 0.625, 0.875, 1.375], "texture": "#0"},
				"east": {"uv": [0, 0.625, 0.625, 1.375], "texture": "#0"},
				"south": {"uv": [1.5, 0.625, 1.75, 1.375], "texture": "#0"},
				"west": {"uv": [0.875, 0.625, 1.5, 1.375], "texture": "#0"},
				"up": {"uv": [0.875, 0.625, 0.625, 0], "texture": "#0"},
				"down": {"uv": [1.125, 0, 0.875, 0.625], "texture": "#0"}
			}
		},
		{
			"from": [11.75, 2.5, -12.5],
			"to": [15.25, 6.5, -10],
			"rotation": {"angle": 0, "axis": "y", "origin": [8, 0, 9]},
			"faces": {
				"north": {"uv": [2.3125, 5.875, 2.75, 6.375], "texture": "#0"},
				"east": {"uv": [2, 5.875, 2.3125, 6.375], "texture": "#0"},
				"south": {"uv": [3.0625, 5.875, 3.5, 6.375], "texture": "#0"},
				"west": {"uv": [2.75, 5.875, 3.0625, 6.375], "texture": "#0"},
				"up": {"uv": [2.75, 5.875, 2.3125, 5.5625], "texture": "#0"},
				"down": {"uv": [3.1875, 5.5625, 2.75, 5.875], "texture": "#0"}
			}
		},
		{
			"from": [14.75, 2.5, -13],
			"to": [15.75, 6.5, -11.5],
			"rotation": {"angle": 0, "axis": "y", "origin": [8, 0, 9]},
			"faces": {
				"north": {"uv": [4.25, 3.1875, 4.375, 3.6875], "texture": "#0"},
				"east": {"uv": [4.0625, 3.1875, 4.25, 3.6875], "texture": "#0"},
				"south": {"uv": [4.5625, 3.1875, 4.6875, 3.6875], "texture": "#0"},
				"west": {"uv": [4.375, 3.1875, 4.5625, 3.6875], "texture": "#0"},
				"up": {"uv": [4.375, 3.1875, 4.25, 3], "texture": "#0"},
				"down": {"uv": [4.5, 3, 4.375, 3.1875], "texture": "#0"}
			}
		},
		{
			"from": [8.75, 2.5, -12],
			"to": [11.75, 6.5, -10],
			"rotation": {"angle": -45, "axis": "y", "origin": [11.75, 6.5, -10]},
			"faces": {
				"north": {"uv": [8.375, 4, 8.75, 4.5], "texture": "#0"},
				"east": {"uv": [8.125, 4, 8.375, 4.5], "texture": "#0"},
				"south": {"uv": [9, 4, 9.375, 4.5], "texture": "#0"},
				"west": {"uv": [8.75, 4, 9, 4.5], "texture": "#0"},
				"up": {"uv": [8.75, 4, 8.375, 3.75], "texture": "#0"},
				"down": {"uv": [9.125, 3.75, 8.75, 4], "texture": "#0"}
			}
		},
		{
			"from": [12.62059, 4.5, -6.98296],
			"to": [15.62059, 5.5, -5.98296],
			"rotation": {"angle": -22.5, "axis": "y", "origin": [15.25, 4.5, -6]},
			"faces": {
				"north": {"uv": [4.1875, 4.25, 4.5625, 4.375], "texture": "#0"},
				"east": {"uv": [4.0625, 4.25, 4.1875, 4.375], "texture": "#0"},
				"south": {"uv": [4.6875, 4.25, 5.0625, 4.375], "texture": "#0"},
				"west": {"uv": [4.5625, 4.25, 4.6875, 4.375], "texture": "#0"},
				"up": {"uv": [4.5625, 4.25, 4.1875, 4.125], "texture": "#0"},
				"down": {"uv": [4.9375, 4.125, 4.5625, 4.25], "texture": "#0"}
			}
		},
		{
			"from": [13.00882, 4, -8.03407],
			"to": [15.50882, 5, -7.03407],
			"rotation": {"angle": -22.5, "axis": "y", "origin": [15.25, 4.5, -7]},
			"faces": {
				"north": {"uv": [7.0625, 6.8125, 7.375, 6.9375], "texture": "#0"},
				"east": {"uv": [6.9375, 6.8125, 7.0625, 6.9375], "texture": "#0"},
				"south": {"uv": [7.5, 6.8125, 7.8125, 6.9375], "texture": "#0"},
				"west": {"uv": [7.375, 6.8125, 7.5, 6.9375], "texture": "#0"},
				"up": {"uv": [7.375, 6.8125, 7.0625, 6.6875], "texture": "#0"},
				"down": {"uv": [7.6875, 6.6875, 7.375, 6.8125], "texture": "#0"}
			}
		},
		{
			"from": [13.35084, 3.5, -9.09438],
			"to": [15.85084, 4.5, -8.09438],
			"rotation": {"angle": -22.5, "axis": "y", "origin": [15.25, 4, -8]},
			"faces": {
				"north": {"uv": [6.3125, 3.875, 6.625, 4], "texture": "#0"},
				"east": {"uv": [6.1875, 3.875, 6.3125, 4], "texture": "#0"},
				"south": {"uv": [6.75, 3.875, 7.0625, 4], "texture": "#0"},
				"west": {"uv": [6.625, 3.875, 6.75, 4], "texture": "#0"},
				"up": {"uv": [6.625, 3.875, 6.3125, 3.75], "texture": "#0"},
				"down": {"uv": [6.9375, 3.75, 6.625, 3.875], "texture": "#0"}
			}
		},
		{
			"from": [17.25, 3, -13.5],
			"to": [18.25, 6, -10.5],
			"rotation": {"angle": 0, "axis": "y", "origin": [8, 0, 9]},
			"faces": {
				"north": {"uv": [0.375, 8.5625, 0.5, 8.9375], "texture": "#0"},
				"east": {"uv": [0, 8.5625, 0.375, 8.9375], "texture": "#0"},
				"south": {"uv": [0.875, 8.5625, 1, 8.9375], "texture": "#0"},
				"west": {"uv": [0.5, 8.5625, 0.875, 8.9375], "texture": "#0"},
				"up": {"uv": [0.5, 8.5625, 0.375, 8.1875], "texture": "#0"},
				"down": {"uv": [0.625, 8.1875, 0.5, 8.5625], "texture": "#0"}
			}
		},
		{
			"from": [14.75, 4, -13],
			"to": [16.25, 5, -9.5],
			"rotation": {"angle": -45, "axis": "y", "origin": [16.25, 4.5, -10.5]},
			"faces": {
				"north": {"uv": [7.0625, 4.1875, 7.25, 4.3125], "texture": "#0"},
				"east": {"uv": [6.625, 4.1875, 7.0625, 4.3125], "texture": "#0"},
				"south": {"uv": [7.6875, 4.1875, 7.875, 4.3125], "texture": "#0"},
				"west": {"uv": [7.25, 4.1875, 7.6875, 4.3125], "texture": "#0"},
				"up": {"uv": [7.25, 4.1875, 7.0625, 3.75], "texture": "#0"},
				"down": {"uv": [7.4375, 3.75, 7.25, 4.1875], "texture": "#0"}
			}
		},
		{
			"from": [16.25, 4, -12],
			"to": [16.75, 5, -10.5],
			"rotation": {"angle": -45, "axis": "y", "origin": [16.25, 4.5, -10.5]},
			"faces": {
				"north": {"uv": [1.0625, 3.1875, 1.125, 3.3125], "texture": "#0"},
				"east": {"uv": [0.875, 3.1875, 1.0625, 3.3125], "texture": "#0"},
				"south": {"uv": [1.3125, 3.1875, 1.375, 3.3125], "texture": "#0"},
				"west": {"uv": [1.125, 3.1875, 1.3125, 3.3125], "texture": "#0"},
				"up": {"uv": [1.125, 3.1875, 1.0625, 3], "texture": "#0"},
				"down": {"uv": [1.1875, 3, 1.125, 3.1875], "texture": "#0"}
			}
		},
		{
			"from": [17.25, 3, -10.5],
			"to": [18.25, 6, -8.5],
			"rotation": {"angle": -45, "axis": "y", "origin": [18.25, 7.5, -10.5]},
			"faces": {
				"north": {"uv": [4.75, 0.25, 4.875, 0.625], "texture": "#0"},
				"east": {"uv": [4.5, 0.25, 4.75, 0.625], "texture": "#0"},
				"south": {"uv": [5.125, 0.25, 5.25, 0.625], "texture": "#0"},
				"west": {"uv": [4.875, 0.25, 5.125, 0.625], "texture": "#0"},
				"up": {"uv": [4.875, 0.25, 4.75, 0], "texture": "#0"},
				"down": {"uv": [5, 0, 4.875, 0.25], "texture": "#0"}
			}
		},
		{
			"from": [15.75, 3, -5.5],
			"to": [18.75, 6, -3],
			"rotation": {"angle": 0, "axis": "y", "origin": [8, 0, 9]},
			"faces": {
				"north": {"uv": [6.0625, 0.3125, 6.4375, 0.6875], "texture": "#0"},
				"east": {"uv": [5.75, 0.3125, 6.0625, 0.6875], "texture": "#0"},
				"south": {"uv": [6.75, 0.3125, 7.125, 0.6875], "texture": "#0"},
				"west": {"uv": [6.4375, 0.3125, 6.75, 0.6875], "texture": "#0"},
				"up": {"uv": [6.4375, 0.3125, 6.0625, 0], "texture": "#0"},
				"down": {"uv": [6.8125, 0, 6.4375, 0.3125], "texture": "#0"}
			}
		},
		{
			"from": [17.75, 3, -9],
			"to": [19.25, 6, -5.5],
			"rotation": {"angle": -45, "axis": "y", "origin": [17.75, 5, -5.5]},
			"faces": {
				"north": {"uv": [3.75, 8.375, 3.9375, 8.75], "texture": "#0"},
				"east": {"uv": [3.3125, 8.375, 3.75, 8.75], "texture": "#0"},
				"south": {"uv": [4.375, 8.375, 4.5625, 8.75], "texture": "#0"},
				"west": {"uv": [3.9375, 8.375, 4.375, 8.75], "texture": "#0"},
				"up": {"uv": [3.9375, 8.375, 3.75, 7.9375], "texture": "#0"},
				"down": {"uv": [4.125, 7.9375, 3.9375, 8.375], "texture": "#0"}
			}
		},
		{
			"from": [15.75, 3, -3],
			"to": [18.75, 6, 2.5],
			"rotation": {"angle": -45, "axis": "y", "origin": [18.75, 6, -3]},
			"faces": {
				"north": {"uv": [7.1875, 0.6875, 7.5625, 1.0625], "texture": "#0"},
				"east": {"uv": [6.5, 0.6875, 7.1875, 1.0625], "texture": "#0"},
				"south": {"uv": [8.25, 0.6875, 8.625, 1.0625], "texture": "#0"},
				"west": {"uv": [7.5625, 0.6875, 8.25, 1.0625], "texture": "#0"},
				"up": {"uv": [7.5625, 0.6875, 7.1875, 0], "texture": "#0"},
				"down": {"uv": [7.9375, 0, 7.5625, 0.6875], "texture": "#0"}
			}
		},
		{
			"from": [11.75, 2.5, -5.5],
			"to": [13.25, 6.5, -3.5],
			"rotation": {"angle": 0, "axis": "y", "origin": [8, 0, 9]},
			"faces": {
				"north": {"uv": [8.625, 1.0625, 8.8125, 1.5625], "texture": "#0"},
				"east": {"uv": [8.375, 1.0625, 8.625, 1.5625], "texture": "#0"},
				"south": {"uv": [9.0625, 1.0625, 9.25, 1.5625], "texture": "#0"},
				"west": {"uv": [8.8125, 1.0625, 9.0625, 1.5625], "texture": "#0"},
				"up": {"uv": [8.8125, 1.0625, 8.625, 0.8125], "texture": "#0"},
				"down": {"uv": [9, 0.8125, 8.8125, 1.0625], "texture": "#0"}
			}
		},
		{
			"from": [9.25, 2.5, -5],
			"to": [11.75, 6.5, -3.5],
			"rotation": {"angle": -45, "axis": "y", "origin": [11.75, 5.5, -3.5]},
			"faces": {
				"north": {"uv": [1.1875, 8.375, 1.5, 8.875], "texture": "#0"},
				"east": {"uv": [1, 8.375, 1.1875, 8.875], "texture": "#0"},
				"south": {"uv": [1.6875, 8.375, 2, 8.875], "texture": "#0"},
				"west": {"uv": [1.5, 8.375, 1.6875, 8.875], "texture": "#0"},
				"up": {"uv": [1.5, 8.375, 1.1875, 8.1875], "texture": "#0"},
				"down": {"uv": [1.8125, 8.1875, 1.5, 8.375], "texture": "#0"}
			}
		},
		{
			"from": [9.25, 5.5, -1.5],
			"to": [13.25, 7, 0],
			"rotation": {"angle": -22.5, "axis": "y", "origin": [13.25, 6, 0]},
			"faces": {
				"north": {"uv": [8.125, 0.1875, 8.625, 0.375], "texture": "#0"},
				"east": {"uv": [7.9375, 0.1875, 8.125, 0.375], "texture": "#0"},
				"south": {"uv": [8.8125, 0.1875, 9.3125, 0.375], "texture": "#0"},
				"west": {"uv": [8.625, 0.1875, 8.8125, 0.375], "texture": "#0"},
				"up": {"uv": [8.625, 0.1875, 8.125, 0], "texture": "#0"},
				"down": {"uv": [9.125, 0, 8.625, 0.1875], "texture": "#0"}
			}
		},
		{
			"from": [8.75, 3.25, 0.5],
			"to": [14.25, 4.75, 2],
			"rotation": {"angle": -22.5, "axis": "y", "origin": [13.25, 5.5, 0]},
			"faces": {
				"north": {"uv": [0.1875, 1.5625, 0.875, 1.75], "texture": "#0"},
				"east": {"uv": [0, 1.5625, 0.1875, 1.75], "texture": "#0"},
				"south": {"uv": [1.0625, 1.5625, 1.75, 1.75], "texture": "#0"},
				"west": {"uv": [0.875, 1.5625, 1.0625, 1.75], "texture": "#0"},
				"up": {"uv": [0.875, 1.5625, 0.1875, 1.375], "texture": "#0"},
				"down": {"uv": [1.5625, 1.375, 0.875, 1.5625], "texture": "#0"}
			}
		},
		{
			"from": [10.25, 4, 2.5],
			"to": [15.25, 5.5, 4],
			"rotation": {"angle": -22.5, "axis": "y", "origin": [13.25, 6, 0]},
			"faces": {
				"north": {"uv": [4.6875, 1.5625, 5.3125, 1.75], "texture": "#0"},
				"east": {"uv": [4.5, 1.5625, 4.6875, 1.75], "texture": "#0"},
				"south": {"uv": [5.5, 1.5625, 6.125, 1.75], "texture": "#0"},
				"west": {"uv": [5.3125, 1.5625, 5.5, 1.75], "texture": "#0"},
				"up": {"uv": [5.3125, 1.5625, 4.6875, 1.375], "texture": "#0"},
				"down": {"uv": [5.9375, 1.375, 5.3125, 1.5625], "texture": "#0"}
			}
		},
		{
			"from": [14.25, 1.5, 6],
			"to": [15.75, 7.5, 9],
			"rotation": {"angle": 22.5, "axis": "y", "origin": [14.25, 7.5, 6]},
			"faces": {
				"north": {"uv": [3, 7.5625, 3.1875, 8.3125], "texture": "#0"},
				"east": {"uv": [2.625, 7.5625, 3, 8.3125], "texture": "#0"},
				"south": {"uv": [3.5625, 7.5625, 3.75, 8.3125], "texture": "#0"},
				"west": {"uv": [3.1875, 7.5625, 3.5625, 8.3125], "texture": "#0"},
				"up": {"uv": [3.1875, 7.5625, 3, 7.1875], "texture": "#0"},
				"down": {"uv": [3.375, 7.1875, 3.1875, 7.5625], "texture": "#0"}
			}
		},
		{
			"from": [0.25, 1.5, -5.5],
			"to": [2.75, 7.5, 6],
			"rotation": {"angle": 0, "axis": "y", "origin": [8, 0, 9]},
			"faces": {
				"north": {"uv": [6.6875, 3, 6.375, 3.75], "texture": "#0"},
				"east": {"uv": [8.125, 3, 6.6875, 3.75], "texture": "#0"},
				"south": {"uv": [8.4375, 3, 8.125, 3.75], "texture": "#0"},
				"west": {"uv": [6.375, 3, 4.9375, 3.75], "texture": "#0"},
				"up": {"uv": [6.375, 3, 6.6875, 1.5625], "texture": "#0"},
				"down": {"uv": [6.6875, 1.5625, 7, 3], "texture": "#0"}
			}
		},
		{
			"from": [-1.25, 1.5, -10.5],
			"to": [0.75, 7.5, -5.5],
			"rotation": {"angle": 0, "axis": "y", "origin": [8, 0, 9]},
			"faces": {
				"north": {"uv": [0.875, 0.625, 0.625, 1.375], "texture": "#0"},
				"east": {"uv": [1.5, 0.625, 0.875, 1.375], "texture": "#0"},
				"south": {"uv": [1.75, 0.625, 1.5, 1.375], "texture": "#0"},
				"west": {"uv": [0.625, 0.625, 0, 1.375], "texture": "#0"},
				"up": {"uv": [0.625, 0.625, 0.875, 0], "texture": "#0"},
				"down": {"uv": [0.875, 0, 1.125, 0.625], "texture": "#0"}
			}
		},
		{
			"from": [0.75, 2.5, -12.5],
			"to": [4.25, 6.5, -10],
			"rotation": {"angle": 0, "axis": "y", "origin": [8, 0, 9]},
			"faces": {
				"north": {"uv": [2.75, 5.875, 2.3125, 6.375], "texture": "#0"},
				"east": {"uv": [3.0625, 5.875, 2.75, 6.375], "texture": "#0"},
				"south": {"uv": [3.5, 5.875, 3.0625, 6.375], "texture": "#0"},
				"west": {"uv": [2.3125, 5.875, 2, 6.375], "texture": "#0"},
				"up": {"uv": [2.3125, 5.875, 2.75, 5.5625], "texture": "#0"},
				"down": {"uv": [2.75, 5.5625, 3.1875, 5.875], "texture": "#0"}
			}
		},
		{
			"from": [0.25, 2.5, -13],
			"to": [1.25, 6.5, -11.5],
			"rotation": {"angle": 0, "axis": "y", "origin": [8, 0, 9]},
			"faces": {
				"north": {"uv": [4.375, 3.1875, 4.25, 3.6875], "texture": "#0"},
				"east": {"uv": [4.5625, 3.1875, 4.375, 3.6875], "texture": "#0"},
				"south": {"uv": [4.6875, 3.1875, 4.5625, 3.6875], "texture": "#0"},
				"west": {"uv": [4.25, 3.1875, 4.0625, 3.6875], "texture": "#0"},
				"up": {"uv": [4.25, 3.1875, 4.375, 3], "texture": "#0"},
				"down": {"uv": [4.375, 3, 4.5, 3.1875], "texture": "#0"}
			}
		},
		{
			"from": [4.25, 2.5, -12],
			"to": [7.25, 6.5, -10],
			"rotation": {"angle": 45, "axis": "y", "origin": [4.25, 6.5, -10]},
			"faces": {
				"north": {"uv": [8.75, 4, 8.375, 4.5], "texture": "#0"},
				"east": {"uv": [9, 4, 8.75, 4.5], "texture": "#0"},
				"south": {"uv": [9.375, 4, 9, 4.5], "texture": "#0"},
				"west": {"uv": [8.375, 4, 8.125, 4.5], "texture": "#0"},
				"up": {"uv": [8.375, 4, 8.75, 3.75], "texture": "#0"},
				"down": {"uv": [8.75, 3.75, 9.125, 4], "texture": "#0"}
			}
		},
		{
			"from": [0.37941, 4.5, -6.98296],
			"to": [3.37941, 5.5, -5.98296],
			"rotation": {"angle": 22.5, "axis": "y", "origin": [0.75, 4.5, -6]},
			"faces": {
				"north": {"uv": [4.5625, 4.25, 4.1875, 4.375], "texture": "#0"},
				"east": {"uv": [4.6875, 4.25, 4.5625, 4.375], "texture": "#0"},
				"south": {"uv": [5.0625, 4.25, 4.6875, 4.375], "texture": "#0"},
				"west": {"uv": [4.1875, 4.25, 4.0625, 4.375], "texture": "#0"},
				"up": {"uv": [4.1875, 4.25, 4.5625, 4.125], "texture": "#0"},
				"down": {"uv": [4.5625, 4.125, 4.9375, 4.25], "texture": "#0"}
			}
		},
		{
			"from": [0.49118, 4, -8.03407],
			"to": [2.99118, 5, -7.03407],
			"rotation": {"angle": 22.5, "axis": "y", "origin": [0.75, 4.5, -7]},
			"faces": {
				"north": {"uv": [7.375, 6.8125, 7.0625, 6.9375], "texture": "#0"},
				"east": {"uv": [7.5, 6.8125, 7.375, 6.9375], "texture": "#0"},
				"south": {"uv": [7.8125, 6.8125, 7.5, 6.9375], "texture": "#0"},
				"west": {"uv": [7.0625, 6.8125, 6.9375, 6.9375], "texture": "#0"},
				"up": {"uv": [7.0625, 6.8125, 7.375, 6.6875], "texture": "#0"},
				"down": {"uv": [7.375, 6.6875, 7.6875, 6.8125], "texture": "#0"}
			}
		},
		{
			"from": [0.14916, 3.5, -9.09438],
			"to": [2.64916, 4.5, -8.09438],
			"rotation": {"angle": 22.5, "axis": "y", "origin": [0.75, 4, -8]},
			"faces": {
				"north": {"uv": [6.625, 3.875, 6.3125, 4], "texture": "#0"},
				"east": {"uv": [6.75, 3.875, 6.625, 4], "texture": "#0"},
				"south": {"uv": [7.0625, 3.875, 6.75, 4], "texture": "#0"},
				"west": {"uv": [6.3125, 3.875, 6.1875, 4], "texture": "#0"},
				"up": {"uv": [6.3125, 3.875, 6.625, 3.75], "texture": "#0"},
				"down": {"uv": [6.625, 3.75, 6.9375, 3.875], "texture": "#0"}
			}
		},
		{
			"from": [-2.25, 3, -13.5],
			"to": [-1.25, 6, -10.5],
			"rotation": {"angle": 0, "axis": "y", "origin": [8, 0, 9]},
			"faces": {
				"north": {"uv": [0.5, 8.5625, 0.375, 8.9375], "texture": "#0"},
				"east": {"uv": [0.875, 8.5625, 0.5, 8.9375], "texture": "#0"},
				"south": {"uv": [1, 8.5625, 0.875, 8.9375], "texture": "#0"},
				"west": {"uv": [0.375, 8.5625, 0, 8.9375], "texture": "#0"},
				"up": {"uv": [0.375, 8.5625, 0.5, 8.1875], "texture": "#0"},
				"down": {"uv": [0.5, 8.1875, 0.625, 8.5625], "texture": "#0"}
			}
		},
		{
			"from": [-0.25, 4, -13],
			"to": [1.25, 5, -9.5],
			"rotation": {"angle": 45, "axis": "y", "origin": [-0.25, 4.5, -10.5]},
			"faces": {
				"north": {"uv": [7.25, 4.1875, 7.0625, 4.3125], "texture": "#0"},
				"east": {"uv": [7.6875, 4.1875, 7.25, 4.3125], "texture": "#0"},
				"south": {"uv": [7.875, 4.1875, 7.6875, 4.3125], "texture": "#0"},
				"west": {"uv": [7.0625, 4.1875, 6.625, 4.3125], "texture": "#0"},
				"up": {"uv": [7.0625, 4.1875, 7.25, 3.75], "texture": "#0"},
				"down": {"uv": [7.25, 3.75, 7.4375, 4.1875], "texture": "#0"}
			}
		},
		{
			"from": [-0.75, 4, -12],
			"to": [-0.25, 5, -10.5],
			"rotation": {"angle": 45, "axis": "y", "origin": [-0.25, 4.5, -10.5]},
			"faces": {
				"north": {"uv": [1.125, 3.1875, 1.0625, 3.3125], "texture": "#0"},
				"east": {"uv": [1.3125, 3.1875, 1.125, 3.3125], "texture": "#0"},
				"south": {"uv": [1.375, 3.1875, 1.3125, 3.3125], "texture": "#0"},
				"west": {"uv": [1.0625, 3.1875, 0.875, 3.3125], "texture": "#0"},
				"up": {"uv": [1.0625, 3.1875, 1.125, 3], "texture": "#0"},
				"down": {"uv": [1.125, 3, 1.1875, 3.1875], "texture": "#0"}
			}
		},
		{
			"from": [-2.25, 3, -10.5],
			"to": [-1.25, 6, -8.5],
			"rotation": {"angle": 45, "axis": "y", "origin": [-2.25, 7.5, -10.5]},
			"faces": {
				"north": {"uv": [4.875, 0.25, 4.75, 0.625], "texture": "#0"},
				"east": {"uv": [5.125, 0.25, 4.875, 0.625], "texture": "#0"},
				"south": {"uv": [5.25, 0.25, 5.125, 0.625], "texture": "#0"},
				"west": {"uv": [4.75, 0.25, 4.5, 0.625], "texture": "#0"},
				"up": {"uv": [4.75, 0.25, 4.875, 0], "texture": "#0"},
				"down": {"uv": [4.875, 0, 5, 0.25], "texture": "#0"}
			}
		},
		{
			"from": [-2.75, 3, -5.5],
			"to": [0.25, 6, -3],
			"rotation": {"angle": 0, "axis": "y", "origin": [8, 0, 9]},
			"faces": {
				"north": {"uv": [6.4375, 0.3125, 6.0625, 0.6875], "texture": "#0"},
				"east": {"uv": [6.75, 0.3125, 6.4375, 0.6875], "texture": "#0"},
				"south": {"uv": [7.125, 0.3125, 6.75, 0.6875], "texture": "#0"},
				"west": {"uv": [6.0625, 0.3125, 5.75, 0.6875], "texture": "#0"},
				"up": {"uv": [6.0625, 0.3125, 6.4375, 0], "texture": "#0"},
				"down": {"uv": [6.4375, 0, 6.8125, 0.3125], "texture": "#0"}
			}
		},
		{
			"from": [-3.25, 3, -9],
			"to": [-1.75, 6, -5.5],
			"rotation": {"angle": 45, "axis": "y", "origin": [-1.75, 5, -5.5]},
			"faces": {
				"north": {"uv": [3.9375, 8.375, 3.75, 8.75], "texture": "#0"},
				"east": {"uv": [4.375, 8.375, 3.9375, 8.75], "texture": "#0"},
				"south": {"uv": [4.5625, 8.375, 4.375, 8.75], "texture": "#0"},
				"west": {"uv": [3.75, 8.375, 3.3125, 8.75], "texture": "#0"},
				"up": {"uv": [3.75, 8.375, 3.9375, 7.9375], "texture": "#0"},
				"down": {"uv": [3.9375, 7.9375, 4.125, 8.375], "texture": "#0"}
			}
		},
		{
			"from": [-2.75, 3, -3],
			"to": [0.25, 6, 2.5],
			"rotation": {"angle": 45, "axis": "y", "origin": [-2.75, 6, -3]},
			"faces": {
				"north": {"uv": [7.5625, 0.6875, 7.1875, 1.0625], "texture": "#0"},
				"east": {"uv": [8.25, 0.6875, 7.5625, 1.0625], "texture": "#0"},
				"south": {"uv": [8.625, 0.6875, 8.25, 1.0625], "texture": "#0"},
				"west": {"uv": [7.1875, 0.6875, 6.5, 1.0625], "texture": "#0"},
				"up": {"uv": [7.1875, 0.6875, 7.5625, 0], "texture": "#0"},
				"down": {"uv": [7.5625, 0, 7.9375, 0.6875], "texture": "#0"}
			}
		},
		{
			"from": [2.75, 2.5, -5.5],
			"to": [4.25, 6.5, -3.5],
			"rotation": {"angle": 0, "axis": "y", "origin": [8, 0, 9]},
			"faces": {
				"north": {"uv": [8.8125, 1.0625, 8.625, 1.5625], "texture": "#0"},
				"east": {"uv": [9.0625, 1.0625, 8.8125, 1.5625], "texture": "#0"},
				"south": {"uv": [9.25, 1.0625, 9.0625, 1.5625], "texture": "#0"},
				"west": {"uv": [8.625, 1.0625, 8.375, 1.5625], "texture": "#0"},
				"up": {"uv": [8.625, 1.0625, 8.8125, 0.8125], "texture": "#0"},
				"down": {"uv": [8.8125, 0.8125, 9, 1.0625], "texture": "#0"}
			}
		},
		{
			"from": [4.25, 2.5, -5],
			"to": [6.75, 6.5, -3.5],
			"rotation": {"angle": 45, "axis": "y", "origin": [4.25, 5.5, -3.5]},
			"faces": {
				"north": {"uv": [1.5, 8.375, 1.1875, 8.875], "texture": "#0"},
				"east": {"uv": [1.6875, 8.375, 1.5, 8.875], "texture": "#0"},
				"south": {"uv": [2, 8.375, 1.6875, 8.875], "texture": "#0"},
				"west": {"uv": [1.1875, 8.375, 1, 8.875], "texture": "#0"},
				"up": {"uv": [1.1875, 8.375, 1.5, 8.1875], "texture": "#0"},
				"down": {"uv": [1.5, 8.1875, 1.8125, 8.375], "texture": "#0"}
			}
		},
		{
			"from": [2.75, 5.5, -1.5],
			"to": [6.75, 7, 0],
			"rotation": {"angle": 22.5, "axis": "y", "origin": [2.75, 6, 0]},
			"faces": {
				"north": {"uv": [8.625, 0.1875, 8.125, 0.375], "texture": "#0"},
				"east": {"uv": [8.8125, 0.1875, 8.625, 0.375], "texture": "#0"},
				"south": {"uv": [9.3125, 0.1875, 8.8125, 0.375], "texture": "#0"},
				"west": {"uv": [8.125, 0.1875, 7.9375, 0.375], "texture": "#0"},
				"up": {"uv": [8.125, 0.1875, 8.625, 0], "texture": "#0"},
				"down": {"uv": [8.625, 0, 9.125, 0.1875], "texture": "#0"}
			}
		},
		{
			"from": [1.75, 3.25, 0.5],
			"to": [7.25, 4.75, 2],
			"rotation": {"angle": 22.5, "axis": "y", "origin": [2.75, 5.5, 0]},
			"faces": {
				"north": {"uv": [0.875, 1.5625, 0.1875, 1.75], "texture": "#0"},
				"east": {"uv": [1.0625, 1.5625, 0.875, 1.75], "texture": "#0"},
				"south": {"uv": [1.75, 1.5625, 1.0625, 1.75], "texture": "#0"},
				"west": {"uv": [0.1875, 1.5625, 0, 1.75], "texture": "#0"},
				"up": {"uv": [0.1875, 1.5625, 0.875, 1.375], "texture": "#0"},
				"down": {"uv": [0.875, 1.375, 1.5625, 1.5625], "texture": "#0"}
			}
		},
		{
			"from": [0.75, 4, 2.5],
			"to": [5.75, 5.5, 4],
			"rotation": {"angle": 22.5, "axis": "y", "origin": [2.75, 6, 0]},
			"faces": {
				"north": {"uv": [5.3125, 1.5625, 4.6875, 1.75], "texture": "#0"},
				"east": {"uv": [5.5, 1.5625, 5.3125, 1.75], "texture": "#0"},
				"south": {"uv": [6.125, 1.5625, 5.5, 1.75], "texture": "#0"},
				"west": {"uv": [4.6875, 1.5625, 4.5, 1.75], "texture": "#0"},
				"up": {"uv": [4.6875, 1.5625, 5.3125, 1.375], "texture": "#0"},
				"down": {"uv": [5.3125, 1.375, 5.9375, 1.5625], "texture": "#0"}
			}
		},
		{
			"from": [0.25, 1.5, 6],
			"to": [1.75, 7.5, 9],
			"rotation": {"angle": -22.5, "axis": "y", "origin": [1.75, 7.5, 6]},
			"faces": {
				"north": {"uv": [3.1875, 7.5625, 3, 8.3125], "texture": "#0"},
				"east": {"uv": [3.5625, 7.5625, 3.1875, 8.3125], "texture": "#0"},
				"south": {"uv": [3.75, 7.5625, 3.5625, 8.3125], "texture": "#0"},
				"west": {"uv": [3, 7.5625, 2.625, 8.3125], "texture": "#0"},
				"up": {"uv": [3, 7.5625, 3.1875, 7.1875], "texture": "#0"},
				"down": {"uv": [3.1875, 7.1875, 3.375, 7.5625], "texture": "#0"}
			}
		}
	],
	"display": {},
	"groups": [
		{
			"name": "devourer_of_gods",
			"origin": [8, 4, 9],
			"color": 0,
			"children": [
				{
					"name": "head",
					"origin": [8, 4, 15.5],
					"color": 0,
					"children": [
						0,
						1,
						2,
						3,
						4,
						{
							"name": "jaw_right",
							"origin": [13.25, 4.5, 4],
							"color": 0,
							"children": [5, 6, 7, 8, 9, 10, 11, 12, 13, 14, 15, 16, 17, 18, 19, 20, 21, 22, 23, 24, 25]
						},
						{
							"name": "jaw_left",
							"origin": [2.75, 4.5, 4],
							"color": 0,
							"children": [26, 27, 28, 29, 30, 31, 32, 33, 34, 35, 36, 37, 38, 39, 40, 41, 42, 43, 44, 45, 46]
						}
					]
				}
			]
		}
	],
	"display": {
		"head": {
			"scale": [4, 4, 4]
		}
	}
}
