{
	"credit": "Made with Blockbench",
	"texture_size": [256, 256],
	"textures": {
		"0": "mc_calamity:item/entity/devourer_of_gods"
	},
	"elements": [
		{
			"from": [2.75, 0, 0.625],
			"to": [13.25, 9, 10.625],
			"rotation": {"angle": 0, "axis": "y", "origin": [8, 0, -20.875]},
			"faces": {
				"north": {"uv": [5.5, 5.5625, 6.8125, 6.6875], "texture": "#0"},
				"east": {"uv": [4.25, 5.5625, 5.5, 6.6875], "texture": "#0"},
				"south": {"uv": [8.0625, 5.5625, 9.375, 6.6875], "texture": "#0"},
				"west": {"uv": [6.8125, 5.5625, 8.0625, 6.6875], "texture": "#0"},
				"up": {"uv": [6.8125, 5.5625, 5.5, 4.3125], "texture": "#0"},
				"down": {"uv": [8.125, 4.3125, 6.8125, 5.5625], "texture": "#0"}
			}
		},
		{
			"from": [11.25, 1, 8.125],
			"to": [13.25, 8, 11.125],
			"rotation": {"angle": 45, "axis": "y", "origin": [13.25, 4.5, 8.125]},
			"faces": {
				"north": {"uv": [0.375, 3.375, 0.625, 4.25], "texture": "#0"},
				"east": {"uv": [0, 3.375, 0.375, 4.25], "texture": "#0"},
				"south": {"uv": [1, 3.375, 1.25, 4.25], "texture": "#0"},
				"west": {"uv": [0.625, 3.375, 1, 4.25], "texture": "#0"},
				"up": {"uv": [0.625, 3.375, 0.375, 3], "texture": "#0"},
				"down": {"uv": [0.875, 3, 0.625, 3.375], "texture": "#0"}
			}
		},
		{
			"from": [13.75, 1, 10.125],
			"to": [15.75, 8, 16.125],
			"rotation": {"angle": 0, "axis": "y", "origin": [13.25, 4.5, 8.125]},
			"faces": {
				"north": {"uv": [0.75, 6.3125, 1, 7.1875], "texture": "#0"},
				"east": {"uv": [0, 6.3125, 0.75, 7.1875], "texture": "#0"},
				"south": {"uv": [1.75, 6.3125, 2, 7.1875], "texture": "#0"},
				"west": {"uv": [1, 6.3125, 1.75, 7.1875], "texture": "#0"},
				"up": {"uv": [1, 6.3125, 0.75, 5.5625], "texture": "#0"},
				"down": {"uv": [1.25, 5.5625, 1, 6.3125], "texture": "#0"}
			}
		},
		{
			"from": [11.75, 2, 10.125],
			"to": [13.75, 7, 16.125],
			"rotation": {"angle": 0, "axis": "y", "origin": [13.25, 4.5, 8.125]},
			"faces": {
				"north": {"uv": [5.25, 0.75, 5.5, 1.375], "texture": "#0"},
				"east": {"uv": [4.5, 0.75, 5.25, 1.375], "texture": "#0"},
				"south": {"uv": [6.25, 0.75, 6.5, 1.375], "texture": "#0"},
				"west": {"uv": [5.5, 0.75, 6.25, 1.375], "texture": "#0"},
				"up": {"uv": [5.5, 0.75, 5.25, 0], "texture": "#0"},
				"down": {"uv": [5.75, 0, 5.5, 0.75], "texture": "#0"}
			}
		},
		{
			"from": [11.75, 3, 16.125],
			"to": [12.75, 6, 18.625],
			"rotation": {"angle": 0, "axis": "y", "origin": [11.75, 4.5, 16.125]},
			"faces": {
				"north": {"uv": [8.75, 3.3125, 8.875, 3.6875], "texture": "#0"},
				"east": {"uv": [8.4375, 3.3125, 8.75, 3.6875], "texture": "#0"},
				"south": {"uv": [9.1875, 3.3125, 9.3125, 3.6875], "texture": "#0"},
				"west": {"uv": [8.875, 3.3125, 9.1875, 3.6875], "texture": "#0"},
				"up": {"uv": [8.875, 3.3125, 8.75, 3], "texture": "#0"},
				"down": {"uv": [9, 3, 8.875, 3.3125], "texture": "#0"}
			}
		},
		{
			"from": [10.75, 2, 13.125],
			"to": [11.75, 7, 16.125],
			"rotation": {"angle": 0, "axis": "y", "origin": [13.25, 4.5, 8.125]},
			"faces": {
				"north": {"uv": [6.75, 8.375, 6.875, 9], "texture": "#0"},
				"east": {"uv": [6.375, 8.375, 6.75, 9], "texture": "#0"},
				"south": {"uv": [7.25, 8.375, 7.375, 9], "texture": "#0"},
				"west": {"uv": [6.875, 8.375, 7.25, 9], "texture": "#0"},
				"up": {"uv": [6.875, 8.375, 6.75, 8], "texture": "#0"},
				"down": {"uv": [7, 8, 6.875, 8.375], "texture": "#0"}
			}
		},
		{
			"from": [10.75, 2.5, 15.625],
			"to": [11.75, 6.5, 19.625],
			"rotation": {"angle": -22.5, "axis": "y", "origin": [10.75, 4.5, 16.125]},
			"faces": {
				"north": {"uv": [1.875, 7.6875, 2, 8.1875], "texture": "#0"},
				"east": {"uv": [1.375, 7.6875, 1.875, 8.1875], "texture": "#0"},
				"south": {"uv": [2.5, 7.6875, 2.625, 8.1875], "texture": "#0"},
				"west": {"uv": [2, 7.6875, 2.5, 8.1875], "texture": "#0"},
				"up": {"uv": [2, 7.6875, 1.875, 7.1875], "texture": "#0"},
				"down": {"uv": [2.125, 7.1875, 2, 7.6875], "texture": "#0"}
			}
		},
		{
			"from": [13.75, 1, 16.125],
			"to": [15.75, 8, 18.125],
			"rotation": {"angle": 45, "axis": "y", "origin": [13.75, 4.5, 16.125]},
			"faces": {
				"north": {"uv": [5.625, 8, 5.875, 8.875], "texture": "#0"},
				"east": {"uv": [5.375, 8, 5.625, 8.875], "texture": "#0"},
				"south": {"uv": [6.125, 8, 6.375, 8.875], "texture": "#0"},
				"west": {"uv": [5.875, 8, 6.125, 8.875], "texture": "#0"},
				"up": {"uv": [5.875, 8, 5.625, 7.75], "texture": "#0"},
				"down": {"uv": [6.125, 7.75, 5.875, 8], "texture": "#0"}
			}
		},
		{
			"from": [13.25, 2, 1.625],
			"to": [14.75, 7, 6.625],
			"rotation": {"angle": 0, "axis": "y", "origin": [8, 0, -20.875]},
			"faces": {
				"north": {"uv": [7.625, 1.6875, 7.8125, 2.3125], "texture": "#0"},
				"east": {"uv": [7, 1.6875, 7.625, 2.3125], "texture": "#0"},
				"south": {"uv": [8.4375, 1.6875, 8.625, 2.3125], "texture": "#0"},
				"west": {"uv": [7.8125, 1.6875, 8.4375, 2.3125], "texture": "#0"},
				"up": {"uv": [7.8125, 1.6875, 7.625, 1.0625], "texture": "#0"},
				"down": {"uv": [8, 1.0625, 7.8125, 1.6875], "texture": "#0"}
			}
		},
		{
			"from": [13.25, 2, -0.875],
			"to": [15.25, 7, 1.625],
			"rotation": {"angle": -45, "axis": "y", "origin": [13.25, 4.5, 1.625]},
			"faces": {
				"north": {"uv": [8.1875, 7, 8.4375, 7.625], "texture": "#0"},
				"east": {"uv": [7.875, 7, 8.1875, 7.625], "texture": "#0"},
				"south": {"uv": [8.75, 7, 9, 7.625], "texture": "#0"},
				"west": {"uv": [8.4375, 7, 8.75, 7.625], "texture": "#0"},
				"up": {"uv": [8.4375, 7, 8.1875, 6.6875], "texture": "#0"},
				"down": {"uv": [8.6875, 6.6875, 8.4375, 7], "texture": "#0"}
			}
		},
		{
			"from": [13.25, 2, 6.625],
			"to": [14.75, 7, 9.125],
			"rotation": {"angle": 45, "axis": "y", "origin": [13.25, 4.5, 6.625]},
			"faces": {
				"north": {"uv": [8.4375, 4.8125, 8.625, 5.4375], "texture": "#0"},
				"east": {"uv": [8.125, 4.8125, 8.4375, 5.4375], "texture": "#0"},
				"south": {"uv": [8.9375, 4.8125, 9.125, 5.4375], "texture": "#0"},
				"west": {"uv": [8.625, 4.8125, 8.9375, 5.4375], "texture": "#0"},
				"up": {"uv": [8.625, 4.8125, 8.4375, 4.5], "texture": "#0"},
				"down": {"uv": [8.8125, 4.5, 8.625, 4.8125], "texture": "#0"}
			}
		},
		{
			"from": [10.75, 9, 7.625],
			"to": [12.75, 10, 9.625],
			"rotation": {"angle": 0, "axis": "y", "origin": [8, 0, -20.875]},
			"faces": {
				"north": {"uv": [1.125, 7.4375, 1.375, 7.5625], "texture": "#0"},
				"east": {"uv": [0.875, 7.4375, 1.125, 7.5625], "texture": "#0"},
				"south": {"uv": [1.625, 7.4375, 1.875, 7.5625], "texture": "#0"},
				"west": {"uv": [1.375, 7.4375, 1.625, 7.5625], "texture": "#0"},
				"up": {"uv": [1.375, 7.4375, 1.125, 7.1875], "texture": "#0"},
				"down": {"uv": [1.625, 7.1875, 1.375, 7.4375], "texture": "#0"}
			}
		},
		{
			"from": [8.25, 3, 13.125],
			"to": [10.75, 6, 18.625],
			"rotation": {"angle": 0, "axis": "y", "origin": [8, 0, -20.875]},
			"faces": {
				"north": {"uv": [6.3125, 7.375, 6.625, 7.75], "texture": "#0"},
				"east": {"uv": [5.625, 7.375, 6.3125, 7.75], "texture": "#0"},
				"south": {"uv": [7.3125, 7.375, 7.625, 7.75], "texture": "#0"},
				"west": {"uv": [6.625, 7.375, 7.3125, 7.75], "texture": "#0"},
				"up": {"uv": [6.625, 7.375, 6.3125, 6.6875], "texture": "#0"},
				"down": {"uv": [6.9375, 6.6875, 6.625, 7.375], "texture": "#0"}
			}
		},
		{
			"from": [5.25, 3, 13.125],
			"to": [7.75, 6, 18.625],
			"rotation": {"angle": 0, "axis": "y", "origin": [8, 0, -20.875]},
			"faces": {
				"north": {"uv": [6.625, 7.375, 6.3125, 7.75], "texture": "#0"},
				"east": {"uv": [7.3125, 7.375, 6.625, 7.75], "texture": "#0"},
				"south": {"uv": [7.625, 7.375, 7.3125, 7.75], "texture": "#0"},
				"west": {"uv": [6.3125, 7.375, 5.625, 7.75], "texture": "#0"},
				"up": {"uv": [6.3125, 7.375, 6.625, 6.6875], "texture": "#0"},
				"down": {"uv": [6.625, 6.6875, 6.9375, 7.375], "texture": "#0"}
			}
		},
		{
			"from": [3.25, 9, 7.625],
			"to": [5.25, 10, 9.625],
			"rotation": {"angle": 0, "axis": "y", "origin": [8, 0, -20.875]},
			"faces": {
				"north": {"uv": [1.375, 7.4375, 1.125, 7.5625], "texture": "#0"},
				"east": {"uv": [1.625, 7.4375, 1.375, 7.5625], "texture": "#0"},
				"south": {"uv": [1.875, 7.4375, 1.625, 7.5625], "texture": "#0"},
				"west": {"uv": [1.125, 7.4375, 0.875, 7.5625], "texture": "#0"},
				"up": {"uv": [1.125, 7.4375, 1.375, 7.1875], "texture": "#0"},
				"down": {"uv": [1.375, 7.1875, 1.625, 7.4375], "texture": "#0"}
			}
		},
		{
			"from": [1.25, 2, 1.625],
			"to": [2.75, 7, 6.625],
			"rotation": {"angle": 0, "axis": "y", "origin": [8, 0, -20.875]},
			"faces": {
				"north": {"uv": [7.8125, 1.6875, 7.625, 2.3125], "texture": "#0"},
				"east": {"uv": [8.4375, 1.6875, 7.8125, 2.3125], "texture": "#0"},
				"south": {"uv": [8.625, 1.6875, 8.4375, 2.3125], "texture": "#0"},
				"west": {"uv": [7.625, 1.6875, 7, 2.3125], "texture": "#0"},
				"up": {"uv": [7.625, 1.6875, 7.8125, 1.0625], "texture": "#0"},
				"down": {"uv": [7.8125, 1.0625, 8, 1.6875], "texture": "#0"}
			}
		},
		{
			"from": [1.25, 2, 6.625],
			"to": [2.75, 7, 9.125],
			"rotation": {"angle": -45, "axis": "y", "origin": [2.75, 4.5, 6.625]},
			"faces": {
				"north": {"uv": [8.625, 4.8125, 8.4375, 5.4375], "texture": "#0"},
				"east": {"uv": [8.9375, 4.8125, 8.625, 5.4375], "texture": "#0"},
				"south": {"uv": [9.125, 4.8125, 8.9375, 5.4375], "texture": "#0"},
				"west": {"uv": [8.4375, 4.8125, 8.125, 5.4375], "texture": "#0"},
				"up": {"uv": [8.4375, 4.8125, 8.625, 4.5], "texture": "#0"},
				"down": {"uv": [8.625, 4.5, 8.8125, 4.8125], "texture": "#0"}
			}
		},
		{
			"from": [0.75, 2, -0.875],
			"to": [2.75, 7, 1.625],
			"rotation": {"angle": 45, "axis": "y", "origin": [2.75, 4.5, 1.625]},
			"faces": {
				"north": {"uv": [8.4375, 7, 8.1875, 7.625], "texture": "#0"},
				"east": {"uv": [8.75, 7, 8.4375, 7.625], "texture": "#0"},
				"south": {"uv": [9, 7, 8.75, 7.625], "texture": "#0"},
				"west": {"uv": [8.1875, 7, 7.875, 7.625], "texture": "#0"},
				"up": {"uv": [8.1875, 7, 8.4375, 6.6875], "texture": "#0"},
				"down": {"uv": [8.4375, 6.6875, 8.6875, 7], "texture": "#0"}
			}
		},
		{
			"from": [2.75, 1, 8.125],
			"to": [4.75, 8, 11.125],
			"rotation": {"angle": -45, "axis": "y", "origin": [2.75, 4.5, 8.125]},
			"faces": {
				"north": {"uv": [0.625, 3.375, 0.375, 4.25], "texture": "#0"},
				"east": {"uv": [1, 3.375, 0.625, 4.25], "texture": "#0"},
				"south": {"uv": [1.25, 3.375, 1, 4.25], "texture": "#0"},
				"west": {"uv": [0.375, 3.375, 0, 4.25], "texture": "#0"},
				"up": {"uv": [0.375, 3.375, 0.625, 3], "texture": "#0"},
				"down": {"uv": [0.625, 3, 0.875, 3.375], "texture": "#0"}
			}
		},
		{
			"from": [0.25, 1, 10.125],
			"to": [2.25, 8, 16.125],
			"rotation": {"angle": 0, "axis": "y", "origin": [2.75, 4.5, 8.125]},
			"faces": {
				"north": {"uv": [1, 6.3125, 0.75, 7.1875], "texture": "#0"},
				"east": {"uv": [1.75, 6.3125, 1, 7.1875], "texture": "#0"},
				"south": {"uv": [2, 6.3125, 1.75, 7.1875], "texture": "#0"},
				"west": {"uv": [0.75, 6.3125, 0, 7.1875], "texture": "#0"},
				"up": {"uv": [0.75, 6.3125, 1, 5.5625], "texture": "#0"},
				"down": {"uv": [1, 5.5625, 1.25, 6.3125], "texture": "#0"}
			}
		},
		{
			"from": [0.25, 1, 16.125],
			"to": [2.25, 8, 18.125],
			"rotation": {"angle": -45, "axis": "y", "origin": [2.25, 4.5, 16.125]},
			"faces": {
				"north": {"uv": [5.875, 8, 5.625, 8.875], "texture": "#0"},
				"east": {"uv": [6.125, 8, 5.875, 8.875], "texture": "#0"},
				"south": {"uv": [6.375, 8, 6.125, 8.875], "texture": "#0"},
				"west": {"uv": [5.625, 8, 5.375, 8.875], "texture": "#0"},
				"up": {"uv": [5.625, 8, 5.875, 7.75], "texture": "#0"},
				"down": {"uv": [5.875, 7.75, 6.125, 8], "texture": "#0"}
			}
		},
		{
			"from": [2.25, 2, 10.125],
			"to": [4.25, 7, 16.125],
			"rotation": {"angle": 0, "axis": "y", "origin": [2.75, 4.5, 8.125]},
			"faces": {
				"north": {"uv": [5.5, 0.75, 5.25, 1.375], "texture": "#0"},
				"east": {"uv": [6.25, 0.75, 5.5, 1.375], "texture": "#0"},
				"south": {"uv": [6.5, 0.75, 6.25, 1.375], "texture": "#0"},
				"west": {"uv": [5.25, 0.75, 4.5, 1.375], "texture": "#0"},
				"up": {"uv": [5.25, 0.75, 5.5, 0], "texture": "#0"},
				"down": {"uv": [5.5, 0, 5.75, 0.75], "texture": "#0"}
			}
		},
		{
			"from": [4.25, 2, 13.125],
			"to": [5.25, 7, 16.125],
			"rotation": {"angle": 0, "axis": "y", "origin": [2.75, 4.5, 8.125]},
			"faces": {
				"north": {"uv": [6.875, 8.375, 6.75, 9], "texture": "#0"},
				"east": {"uv": [7.25, 8.375, 6.875, 9], "texture": "#0"},
				"south": {"uv": [7.375, 8.375, 7.25, 9], "texture": "#0"},
				"west": {"uv": [6.75, 8.375, 6.375, 9], "texture": "#0"},
				"up": {"uv": [6.75, 8.375, 6.875, 8], "texture": "#0"},
				"down": {"uv": [6.875, 8, 7, 8.375], "texture": "#0"}
			}
		},
		{
			"from": [3.25, 3, 16.125],
			"to": [4.25, 6, 18.625],
			"rotation": {"angle": 0, "axis": "y", "origin": [4.25, 4.5, 16.125]},
			"faces": {
				"north": {"uv": [8.875, 3.3125, 8.75, 3.6875], "texture": "#0"},
				"east": {"uv": [9.1875, 3.3125, 8.875, 3.6875], "texture": "#0"},
				"south": {"uv": [9.3125, 3.3125, 9.1875, 3.6875], "texture": "#0"},
				"west": {"uv": [8.75, 3.3125, 8.4375, 3.6875], "texture": "#0"},
				"up": {"uv": [8.75, 3.3125, 8.875, 3], "texture": "#0"},
				"down": {"uv": [8.875, 3, 9, 3.3125], "texture": "#0"}
			}
		},
		{
			"from": [4.25, 2.5, 15.625],
			"to": [5.25, 6.5, 19.625],
			"rotation": {"angle": 22.5, "axis": "y", "origin": [5.25, 4.5, 16.125]},
			"faces": {
				"north": {"uv": [2, 7.6875, 1.875, 8.1875], "texture": "#0"},
				"east": {"uv": [2.5, 7.6875, 2, 8.1875], "texture": "#0"},
				"south": {"uv": [2.625, 7.6875, 2.5, 8.1875], "texture": "#0"},
				"west": {"uv": [1.875, 7.6875, 1.375, 8.1875], "texture": "#0"},
				"up": {"uv": [1.875, 7.6875, 2, 7.1875], "texture": "#0"},
				"down": {"uv": [2, 7.1875, 2.125, 7.6875], "texture": "#0"}
			}
		},
		{
			"from": [4.25, 2.5, 10.625],
			"to": [11.75, 6.5, 13.125],
			"rotation": {"angle": 0, "axis": "y", "origin": [8, 0, -20.875]},
			"faces": {
				"north": {"uv": [2.3125, 6.6875, 3.25, 7.1875], "texture": "#0"},
				"east": {"uv": [2, 6.6875, 2.3125, 7.1875], "texture": "#0"},
				"south": {"uv": [3.5625, 6.6875, 4.5, 7.1875], "texture": "#0"},
				"west": {"uv": [3.25, 6.6875, 3.5625, 7.1875], "texture": "#0"},
				"up": {"uv": [3.25, 6.6875, 2.3125, 6.375], "texture": "#0"},
				"down": {"uv": [4.1875, 6.375, 3.25, 6.6875], "texture": "#0"}
			}
		},
		{
			"from": [7.75, 3.5, 13.125],
			"to": [8.25, 5.5, 16.625],
			"rotation": {"angle": 0, "axis": "y", "origin": [8, 0, -20.875]},
			"faces": {
				"north": {"uv": [8.5625, 2.75, 8.625, 3], "texture": "#0"},
				"east": {"uv": [8.125, 2.75, 8.5625, 3], "texture": "#0"},
				"south": {"uv": [9.0625, 2.75, 9.125, 3], "texture": "#0"},
				"west": {"uv": [8.625, 2.75, 9.0625, 3], "texture": "#0"},
				"up": {"uv": [8.625, 2.75, 8.5625, 2.3125], "texture": "#0"},
				"down": {"uv": [8.6875, 2.3125, 8.625, 2.75], "texture": "#0"}
			}
		},
		{
			"from": [7.25, 9, 4.125],
			"to": [8.75, 9.5, 7.125],
			"rotation": {"angle": 0, "axis": "y", "origin": [8, 0, -18.375]},
			"faces": {
				"north": {"uv": [6.5, 1.4375, 6.6875, 1.5], "texture": "#0"},
				"east": {"uv": [6.125, 1.4375, 6.5, 1.5], "texture": "#0"},
				"south": {"uv": [7.0625, 1.4375, 7.25, 1.5], "texture": "#0"},
				"west": {"uv": [6.6875, 1.4375, 7.0625, 1.5], "texture": "#0"},
				"up": {"uv": [6.6875, 1.4375, 6.5, 1.0625], "texture": "#0"},
				"down": {"uv": [6.875, 1.0625, 6.6875, 1.4375], "texture": "#0"}
			}
		}
	],
	"display": {},
	"groups": [
		{
			"name": "tail",
			"origin": [8, 4.5, -14.375],
			"color": 0,
			"children": [0, 1, 2, 3, 4, 5, 6, 7, 8, 9, 10, 11, 12, 13, 14, 15, 16, 17, 18, 19, 20, 21, 22, 23, 24, 25, 26, 27]
		}
	],
	"display": {
		"head": {
			"scale": [4, 4, 4]
		}
	}
}
