{
	"credit": "Made with Blockbench",
	"texture_size": [256, 256],
	"textures": {
		"0": "mc_calamity:item/entity/devourer_of_gods"
	},
	"elements": [
		{
			"from": [13.25, 2.5, 1.5],
			"to": [14.75, 6.5, 5.5],
			"rotation": {"angle": 0, "axis": "y", "origin": [8, 0, -6]},
			"faces": {
				"north": {"uv": [0.5, 7.6875, 0.6875, 8.1875], "texture": "#0"},
				"east": {"uv": [0, 7.6875, 0.5, 8.1875], "texture": "#0"},
				"south": {"uv": [1.1875, 7.6875, 1.375, 8.1875], "texture": "#0"},
				"west": {"uv": [0.6875, 7.6875, 1.1875, 8.1875], "texture": "#0"},
				"up": {"uv": [0.6875, 7.6875, 0.5, 7.1875], "texture": "#0"},
				"down": {"uv": [0.875, 7.1875, 0.6875, 7.6875], "texture": "#0"}
			}
		},
		{
			"from": [14.75, 3.5, 1],
			"to": [15.75, 5.5, 3],
			"rotation": {"angle": 0, "axis": "y", "origin": [8, 0, -6]},
			"faces": {
				"north": {"uv": [3.75, 5.8125, 3.875, 6.0625], "texture": "#0"},
				"east": {"uv": [3.5, 5.8125, 3.75, 6.0625], "texture": "#0"},
				"south": {"uv": [4.125, 5.8125, 4.25, 6.0625], "texture": "#0"},
				"west": {"uv": [3.875, 5.8125, 4.125, 6.0625], "texture": "#0"},
				"up": {"uv": [3.875, 5.8125, 3.75, 5.5625], "texture": "#0"},
				"down": {"uv": [4, 5.5625, 3.875, 5.8125], "texture": "#0"}
			}
		},
		{
			"from": [14.75, 3.5, 3],
			"to": [16.75, 5.5, 6],
			"rotation": {"angle": 22.5, "axis": "y", "origin": [14.75, 4.5, 5]},
			"faces": {
				"north": {"uv": [5.25, 7.0625, 5.5, 7.3125], "texture": "#0"},
				"east": {"uv": [4.875, 7.0625, 5.25, 7.3125], "texture": "#0"},
				"south": {"uv": [5.875, 7.0625, 6.125, 7.3125], "texture": "#0"},
				"west": {"uv": [5.5, 7.0625, 5.875, 7.3125], "texture": "#0"},
				"up": {"uv": [5.5, 7.0625, 5.25, 6.6875], "texture": "#0"},
				"down": {"uv": [5.75, 6.6875, 5.5, 7.0625], "texture": "#0"}
			}
		},
		{
			"from": [15.75, 3.5, 6],
			"to": [16.75, 5.5, 7],
			"rotation": {"angle": 22.5, "axis": "y", "origin": [14.75, 4.5, 5]},
			"faces": {
				"north": {"uv": [0.125, 0.125, 0.25, 0.375], "texture": "#0"},
				"east": {"uv": [0, 0.125, 0.125, 0.375], "texture": "#0"},
				"south": {"uv": [0.375, 0.125, 0.5, 0.375], "texture": "#0"},
				"west": {"uv": [0.25, 0.125, 0.375, 0.375], "texture": "#0"},
				"up": {"uv": [0.25, 0.125, 0.125, 0], "texture": "#0"},
				"down": {"uv": [0.375, 0, 0.25, 0.125], "texture": "#0"}
			}
		},
		{
			"from": [13.25, 2, 9],
			"to": [14.25, 7, 14],
			"rotation": {"angle": 0, "axis": "y", "origin": [8, 0, -6]},
			"faces": {
				"north": {"uv": [7.625, 7.75, 7.75, 8.375], "texture": "#0"},
				"east": {"uv": [7, 7.75, 7.625, 8.375], "texture": "#0"},
				"south": {"uv": [8.375, 7.75, 8.5, 8.375], "texture": "#0"},
				"west": {"uv": [7.75, 7.75, 8.375, 8.375], "texture": "#0"},
				"up": {"uv": [7.75, 7.75, 7.625, 7.125], "texture": "#0"},
				"down": {"uv": [7.875, 7.125, 7.75, 7.75], "texture": "#0"}
			}
		},
		{
			"from": [14.25, 3, 9.5],
			"to": [16.25, 6, 10.5],
			"rotation": {"angle": 45, "axis": "y", "origin": [14.25, 6, 10.5]},
			"faces": {
				"north": {"uv": [1.375, 5.6875, 1.625, 6.0625], "texture": "#0"},
				"east": {"uv": [1.25, 5.6875, 1.375, 6.0625], "texture": "#0"},
				"south": {"uv": [1.75, 5.6875, 2, 6.0625], "texture": "#0"},
				"west": {"uv": [1.625, 5.6875, 1.75, 6.0625], "texture": "#0"},
				"up": {"uv": [1.625, 5.6875, 1.375, 5.5625], "texture": "#0"},
				"down": {"uv": [1.875, 5.5625, 1.625, 5.6875], "texture": "#0"}
			}
		},
		{
			"from": [14.75, 3, 8],
			"to": [15.75, 6, 10],
			"rotation": {"angle": 0, "axis": "y", "origin": [8, 0, -6]},
			"faces": {
				"north": {"uv": [1.375, 0.25, 1.5, 0.625], "texture": "#0"},
				"east": {"uv": [1.125, 0.25, 1.375, 0.625], "texture": "#0"},
				"south": {"uv": [1.75, 0.25, 1.875, 0.625], "texture": "#0"},
				"west": {"uv": [1.5, 0.25, 1.75, 0.625], "texture": "#0"},
				"up": {"uv": [1.5, 0.25, 1.375, 0], "texture": "#0"},
				"down": {"uv": [1.625, 0, 1.5, 0.25], "texture": "#0"}
			}
		},
		{
			"from": [14.25, 3, 11],
			"to": [16.75, 6, 13],
			"rotation": {"angle": -45, "axis": "y", "origin": [14.25, 4.5, 13]},
			"faces": {
				"north": {"uv": [7.25, 2.5625, 7.5625, 2.9375], "texture": "#0"},
				"east": {"uv": [7, 2.5625, 7.25, 2.9375], "texture": "#0"},
				"south": {"uv": [7.8125, 2.5625, 8.125, 2.9375], "texture": "#0"},
				"west": {"uv": [7.5625, 2.5625, 7.8125, 2.9375], "texture": "#0"},
				"up": {"uv": [7.5625, 2.5625, 7.25, 2.3125], "texture": "#0"},
				"down": {"uv": [7.875, 2.3125, 7.5625, 2.5625], "texture": "#0"}
			}
		},
		{
			"from": [15.25, 3, 10],
			"to": [15.75, 6, 13],
			"rotation": {"angle": 22.5, "axis": "y", "origin": [15.75, 4.5, 10.5]},
			"faces": {
				"north": {"uv": [2.375, 8.5625, 2.4375, 8.9375], "texture": "#0"},
				"east": {"uv": [2, 8.5625, 2.375, 8.9375], "texture": "#0"},
				"south": {"uv": [2.8125, 8.5625, 2.875, 8.9375], "texture": "#0"},
				"west": {"uv": [2.4375, 8.5625, 2.8125, 8.9375], "texture": "#0"},
				"up": {"uv": [2.4375, 8.5625, 2.375, 8.1875], "texture": "#0"},
				"down": {"uv": [2.5, 8.1875, 2.4375, 8.5625], "texture": "#0"}
			}
		},
		{
			"from": [14.25, 3, 10],
			"to": [15.75, 6, 13],
			"rotation": {"angle": 0, "axis": "y", "origin": [8, 0, -6]},
			"faces": {
				"north": {"uv": [8.5, 8.375, 8.6875, 8.75], "texture": "#0"},
				"east": {"uv": [8.125, 8.375, 8.5, 8.75], "texture": "#0"},
				"south": {"uv": [9.0625, 8.375, 9.25, 8.75], "texture": "#0"},
				"west": {"uv": [8.6875, 8.375, 9.0625, 8.75], "texture": "#0"},
				"up": {"uv": [8.6875, 8.375, 8.5, 8], "texture": "#0"},
				"down": {"uv": [8.875, 8, 8.6875, 8.375], "texture": "#0"}
			}
		},
		{
			"from": [16.75, 3, 11],
			"to": [18.75, 6, 12],
			"rotation": {"angle": -45, "axis": "y", "origin": [14.25, 4.5, 13]},
			"faces": {
				"north": {"uv": [0.125, 5.6875, 0.375, 6.0625], "texture": "#0"},
				"east": {"uv": [0, 5.6875, 0.125, 6.0625], "texture": "#0"},
				"south": {"uv": [0.5, 5.6875, 0.75, 6.0625], "texture": "#0"},
				"west": {"uv": [0.375, 5.6875, 0.5, 6.0625], "texture": "#0"},
				"up": {"uv": [0.375, 5.6875, 0.125, 5.5625], "texture": "#0"},
				"down": {"uv": [0.625, 5.5625, 0.375, 5.6875], "texture": "#0"}
			}
		},
		{
			"from": [-0.75, 3, 11],
			"to": [1.75, 6, 13],
			"rotation": {"angle": 45, "axis": "y", "origin": [1.75, 4.5, 13]},
			"faces": {
				"north": {"uv": [7.5625, 2.5625, 7.25, 2.9375], "texture": "#0"},
				"east": {"uv": [7.8125, 2.5625, 7.5625, 2.9375], "texture": "#0"},
				"south": {"uv": [8.125, 2.5625, 7.8125, 2.9375], "texture": "#0"},
				"west": {"uv": [7.25, 2.5625, 7, 2.9375], "texture": "#0"},
				"up": {"uv": [7.25, 2.5625, 7.5625, 2.3125], "texture": "#0"},
				"down": {"uv": [7.5625, 2.3125, 7.875, 2.5625], "texture": "#0"}
			}
		},
		{
			"from": [1.75, 2, 9],
			"to": [2.75, 7, 14],
			"rotation": {"angle": 0, "axis": "y", "origin": [8, 0, -6]},
			"faces": {
				"north": {"uv": [7.75, 7.75, 7.625, 8.375], "texture": "#0"},
				"east": {"uv": [8.375, 7.75, 7.75, 8.375], "texture": "#0"},
				"south": {"uv": [8.5, 7.75, 8.375, 8.375], "texture": "#0"},
				"west": {"uv": [7.625, 7.75, 7, 8.375], "texture": "#0"},
				"up": {"uv": [7.625, 7.75, 7.75, 7.125], "texture": "#0"},
				"down": {"uv": [7.75, 7.125, 7.875, 7.75], "texture": "#0"}
			}
		},
		{
			"from": [-2.75, 3, 11],
			"to": [-0.75, 6, 12],
			"rotation": {"angle": 45, "axis": "y", "origin": [1.75, 4.5, 13]},
			"faces": {
				"north": {"uv": [0.375, 5.6875, 0.125, 6.0625], "texture": "#0"},
				"east": {"uv": [0.5, 5.6875, 0.375, 6.0625], "texture": "#0"},
				"south": {"uv": [0.75, 5.6875, 0.5, 6.0625], "texture": "#0"},
				"west": {"uv": [0.125, 5.6875, 0, 6.0625], "texture": "#0"},
				"up": {"uv": [0.125, 5.6875, 0.375, 5.5625], "texture": "#0"},
				"down": {"uv": [0.375, 5.5625, 0.625, 5.6875], "texture": "#0"}
			}
		},
		{
			"from": [0.25, 3, 10],
			"to": [1.75, 6, 13],
			"rotation": {"angle": 0, "axis": "y", "origin": [8, 0, -6]},
			"faces": {
				"north": {"uv": [8.6875, 8.375, 8.5, 8.75], "texture": "#0"},
				"east": {"uv": [9.0625, 8.375, 8.6875, 8.75], "texture": "#0"},
				"south": {"uv": [9.25, 8.375, 9.0625, 8.75], "texture": "#0"},
				"west": {"uv": [8.5, 8.375, 8.125, 8.75], "texture": "#0"},
				"up": {"uv": [8.5, 8.375, 8.6875, 8], "texture": "#0"},
				"down": {"uv": [8.6875, 8, 8.875, 8.375], "texture": "#0"}
			}
		},
		{
			"from": [0.25, 3, 10],
			"to": [0.75, 6, 13],
			"rotation": {"angle": -22.5, "axis": "y", "origin": [0.25, 4.5, 10.5]},
			"faces": {
				"north": {"uv": [2.4375, 8.5625, 2.375, 8.9375], "texture": "#0"},
				"east": {"uv": [2.8125, 8.5625, 2.4375, 8.9375], "texture": "#0"},
				"south": {"uv": [2.875, 8.5625, 2.8125, 8.9375], "texture": "#0"},
				"west": {"uv": [2.375, 8.5625, 2, 8.9375], "texture": "#0"},
				"up": {"uv": [2.375, 8.5625, 2.4375, 8.1875], "texture": "#0"},
				"down": {"uv": [2.4375, 8.1875, 2.5, 8.5625], "texture": "#0"}
			}
		},
		{
			"from": [0.25, 3, 8],
			"to": [1.25, 6, 10],
			"rotation": {"angle": 0, "axis": "y", "origin": [8, 0, -6]},
			"faces": {
				"north": {"uv": [1.5, 0.25, 1.375, 0.625], "texture": "#0"},
				"east": {"uv": [1.75, 0.25, 1.5, 0.625], "texture": "#0"},
				"south": {"uv": [1.875, 0.25, 1.75, 0.625], "texture": "#0"},
				"west": {"uv": [1.375, 0.25, 1.125, 0.625], "texture": "#0"},
				"up": {"uv": [1.375, 0.25, 1.5, 0], "texture": "#0"},
				"down": {"uv": [1.5, 0, 1.625, 0.25], "texture": "#0"}
			}
		},
		{
			"from": [-0.25, 3, 9.5],
			"to": [1.75, 6, 10.5],
			"rotation": {"angle": -45, "axis": "y", "origin": [1.75, 6, 10.5]},
			"faces": {
				"north": {"uv": [1.625, 5.6875, 1.375, 6.0625], "texture": "#0"},
				"east": {"uv": [1.75, 5.6875, 1.625, 6.0625], "texture": "#0"},
				"south": {"uv": [2, 5.6875, 1.75, 6.0625], "texture": "#0"},
				"west": {"uv": [1.375, 5.6875, 1.25, 6.0625], "texture": "#0"},
				"up": {"uv": [1.375, 5.6875, 1.625, 5.5625], "texture": "#0"},
				"down": {"uv": [1.625, 5.5625, 1.875, 5.6875], "texture": "#0"}
			}
		},
		{
			"from": [-0.75, 3.5, 6],
			"to": [0.25, 5.5, 7],
			"rotation": {"angle": -22.5, "axis": "y", "origin": [1.25, 4.5, 5]},
			"faces": {
				"north": {"uv": [0.25, 0.125, 0.125, 0.375], "texture": "#0"},
				"east": {"uv": [0.375, 0.125, 0.25, 0.375], "texture": "#0"},
				"south": {"uv": [0.5, 0.125, 0.375, 0.375], "texture": "#0"},
				"west": {"uv": [0.125, 0.125, 0, 0.375], "texture": "#0"},
				"up": {"uv": [0.125, 0.125, 0.25, 0], "texture": "#0"},
				"down": {"uv": [0.25, 0, 0.375, 0.125], "texture": "#0"}
			}
		},
		{
			"from": [-0.75, 3.5, 3],
			"to": [1.25, 5.5, 6],
			"rotation": {"angle": -22.5, "axis": "y", "origin": [1.25, 4.5, 5]},
			"faces": {
				"north": {"uv": [5.5, 7.0625, 5.25, 7.3125], "texture": "#0"},
				"east": {"uv": [5.875, 7.0625, 5.5, 7.3125], "texture": "#0"},
				"south": {"uv": [6.125, 7.0625, 5.875, 7.3125], "texture": "#0"},
				"west": {"uv": [5.25, 7.0625, 4.875, 7.3125], "texture": "#0"},
				"up": {"uv": [5.25, 7.0625, 5.5, 6.6875], "texture": "#0"},
				"down": {"uv": [5.5, 6.6875, 5.75, 7.0625], "texture": "#0"}
			}
		},
		{
			"from": [1.25, 2.5, 1.5],
			"to": [2.75, 6.5, 5.5],
			"rotation": {"angle": 0, "axis": "y", "origin": [8, 0, -6]},
			"faces": {
				"north": {"uv": [0.6875, 7.6875, 0.5, 8.1875], "texture": "#0"},
				"east": {"uv": [1.1875, 7.6875, 0.6875, 8.1875], "texture": "#0"},
				"south": {"uv": [1.375, 7.6875, 1.1875, 8.1875], "texture": "#0"},
				"west": {"uv": [0.5, 7.6875, 0, 8.1875], "texture": "#0"},
				"up": {"uv": [0.5, 7.6875, 0.6875, 7.1875], "texture": "#0"},
				"down": {"uv": [0.6875, 7.1875, 0.875, 7.6875], "texture": "#0"}
			}
		},
		{
			"from": [0.25, 3.5, 1],
			"to": [1.25, 5.5, 3],
			"rotation": {"angle": 0, "axis": "y", "origin": [8, 0, -6]},
			"faces": {
				"north": {"uv": [3.875, 5.8125, 3.75, 6.0625], "texture": "#0"},
				"east": {"uv": [4.125, 5.8125, 3.875, 6.0625], "texture": "#0"},
				"south": {"uv": [4.25, 5.8125, 4.125, 6.0625], "texture": "#0"},
				"west": {"uv": [3.75, 5.8125, 3.5, 6.0625], "texture": "#0"},
				"up": {"uv": [3.75, 5.8125, 3.875, 5.5625], "texture": "#0"},
				"down": {"uv": [3.875, 5.5625, 4, 5.8125], "texture": "#0"}
			}
		},
		{
			"from": [2.75, 0, 0.5],
			"to": [13.25, 9, 15.5],
			"rotation": {"angle": 0, "axis": "y", "origin": [8, 0, -6]},
			"faces": {
				"north": {"uv": [1.875, 1.875, 3.1875, 3], "texture": "#0"},
				"east": {"uv": [0, 1.875, 1.875, 3], "texture": "#0"},
				"south": {"uv": [5.0625, 1.875, 6.375, 3], "texture": "#0"},
				"west": {"uv": [3.1875, 1.875, 5.0625, 3], "texture": "#0"},
				"up": {"uv": [3.1875, 1.875, 1.875, 0], "texture": "#0"},
				"down": {"uv": [4.5, 0, 3.1875, 1.875], "texture": "#0"}
			}
		},
		{
			"from": [6.75, 9, 7.5],
			"to": [9.25, 10, 11],
			"rotation": {"angle": 0, "axis": "y", "origin": [8, 0, -3.5]},
			"faces": {
				"north": {"uv": [5.5625, 4.1875, 5.875, 4.3125], "texture": "#0"},
				"east": {"uv": [5.125, 4.1875, 5.5625, 4.3125], "texture": "#0"},
				"south": {"uv": [6.3125, 4.1875, 6.625, 4.3125], "texture": "#0"},
				"west": {"uv": [5.875, 4.1875, 6.3125, 4.3125], "texture": "#0"},
				"up": {"uv": [5.875, 4.1875, 5.5625, 3.75], "texture": "#0"},
				"down": {"uv": [6.1875, 3.75, 5.875, 4.1875], "texture": "#0"}
			}
		}
	],
	"display": {},
	"groups": [
		{
			"name": "segment_1",
			"origin": [8, 4.5, 0.5],
			"color": 0,
			"children": [
				{
					"name": "right_spikes_1",
					"origin": [8, 4.5, 0.5],
					"color": 0,
					"children": [0, 1, 2, 3, 4, 5, 6, 7, 8, 9, 10]
				},
				{
					"name": "left_spikes_1",
					"origin": [8, 4.5, 0.5],
					"color": 0,
					"children": [11, 12, 13, 14, 15, 16, 17, 18, 19, 20, 21]
				},
				22,
				23
			]
		}
	],
	"display": {
		"head": {
			"scale": [4, 4, 4]
		}
	}
}
