{
	"credit": "Made with Blockbench",
	"texture_size": [128, 128],
	"textures": {
		"0": "mc_calamity:item/entity/eutrophic_ray"
	},
	"elements": [
		{
			"name": "body",
			"from": [6, 1, 2],
			"to": [10, 3.5, 14],
			"rotation": {"angle": 0, "axis": "y", "origin": [8, 1.5, 8]},
			"faces": {
				"north": {"uv": [3, 3, 4, 3.625], "texture": "#0"},
				"east": {"uv": [0, 3, 3, 3.625], "texture": "#0"},
				"south": {"uv": [7, 3, 8, 3.625], "texture": "#0"},
				"west": {"uv": [4, 3, 7, 3.625], "texture": "#0"},
				"up": {"uv": [4, 3, 3, 0], "texture": "#0"},
				"down": {"uv": [5, 0, 4, 3], "texture": "#0"}
			}
		},
		{
			"name": "head",
			"from": [6.005, 1.5, 2],
			"to": [9.995, 3.5, 6],
			"rotation": {"angle": -22.5, "axis": "x", "origin": [8, 3.5, 2]},
			"faces": {
				"north": {"uv": [1, 4.625, 2, 5.125], "texture": "#0"},
				"east": {"uv": [0, 4.625, 1, 5.125], "texture": "#0"},
				"south": {"uv": [3, 4.625, 4, 5.125], "texture": "#0"},
				"west": {"uv": [2, 4.625, 3, 5.125], "texture": "#0"},
				"up": {"uv": [2, 4.625, 1, 3.625], "texture": "#0"},
				"down": {"uv": [2.875, 3.625, 2, 4.625], "texture": "#0"}
			}
		},
		{
			"name": "algae_0",
			"from": [8, 3, 6.5],
			"to": [8, 5, 13.5],
			"rotation": {"angle": 0, "axis": "y", "origin": [8, 1, 8]},
			"faces": {
				"north": {"uv": [1.75, 9.375, 1.75, 9.875], "texture": "#0"},
				"east": {"uv": [0, 9.375, 1.75, 9.875], "texture": "#0"},
				"south": {"uv": [3.5, 9.375, 3.5, 9.875], "texture": "#0"},
				"west": {"uv": [1.75, 9.375, 3.5, 9.875], "texture": "#0"},
				"up": {"uv": [1.75, 9.375, 1.75, 7.625], "texture": "#0"},
				"down": {"uv": [1.75, 7.625, 1.75, 9.375], "texture": "#0"}
			}
		},
		{
			"name": "algae_1",
			"from": [7, 3, 7.5],
			"to": [7, 4.5, 13],
			"rotation": {"angle": 22.5, "axis": "z", "origin": [7, 3, 8]},
			"faces": {
				"north": {"uv": [1.375, 9.125, 1.375, 9.5], "texture": "#0"},
				"east": {"uv": [0, 9.125, 1.375, 9.5], "texture": "#0"},
				"south": {"uv": [2.75, 9.125, 2.75, 9.5], "texture": "#0"},
				"west": {"uv": [1.375, 9.125, 2.75, 9.5], "texture": "#0"},
				"up": {"uv": [1.375, 9.125, 1.375, 7.75], "texture": "#0"},
				"down": {"uv": [1.375, 7.75, 1.375, 9.125], "texture": "#0"}
			}
		},
		{
			"name": "algae_2",
			"from": [9, 3, 7.5],
			"to": [9, 4.5, 13],
			"rotation": {"angle": -22.5, "axis": "z", "origin": [9, 3, 8]},
			"faces": {
				"north": {"uv": [1.375, 9.125, 1.375, 9.5], "texture": "#0"},
				"east": {"uv": [2.75, 9.125, 1.375, 9.5], "texture": "#0"},
				"south": {"uv": [2.75, 9.125, 2.75, 9.5], "texture": "#0"},
				"west": {"uv": [1.375, 9.125, 0, 9.5], "texture": "#0"},
				"up": {"uv": [1.375, 9.125, 1.375, 7.75], "texture": "#0"},
				"down": {"uv": [1.375, 7.75, 1.375, 9.125], "texture": "#0"}
			}
		},
		{
			"name": "fin_front",
			"from": [5, 1, 1],
			"to": [11, 2, 3],
			"rotation": {"angle": 0, "axis": "y", "origin": [8, 1, 7.5]},
			"faces": {
				"north": {"uv": [0.5, 8.875, 2, 9.125], "texture": "#0"},
				"east": {"uv": [0, 8.875, 0.5, 9.125], "texture": "#0"},
				"south": {"uv": [2.5, 8.875, 4, 9.125], "texture": "#0"},
				"west": {"uv": [2, 8.875, 2.5, 9.125], "texture": "#0"},
				"up": {"uv": [2, 8.875, 0.5, 8.375], "texture": "#0"},
				"down": {"uv": [3.5, 8.375, 2, 8.875], "texture": "#0"}
			}
		},
		{
			"name": "back_left_fin",
			"from": [6.5, 1.5, 14],
			"to": [7.5, 2.5, 16],
			"rotation": {"angle": -22.5, "axis": "y", "origin": [7.5, 2, 14]},
			"faces": {
				"north": {"uv": [0.5, 10.25, 0.75, 10.5], "texture": "#0"},
				"east": {"uv": [0, 10.25, 0.5, 10.5], "texture": "#0"},
				"south": {"uv": [1.25, 10.25, 1.5, 10.5], "texture": "#0"},
				"west": {"uv": [0.75, 10.25, 1.25, 10.5], "texture": "#0"},
				"up": {"uv": [0.75, 10.25, 0.5, 9.75], "texture": "#0"},
				"down": {"uv": [1, 9.75, 0.75, 10.25], "texture": "#0"}
			}
		},
		{
			"name": "back_right_fin",
			"from": [8.5, 1.5, 14],
			"to": [9.5, 2.5, 16],
			"rotation": {"angle": 22.5, "axis": "y", "origin": [8.5, 2, 14]},
			"faces": {
				"north": {"uv": [0.75, 10.25, 0.5, 10.5], "texture": "#0"},
				"east": {"uv": [1.25, 10.25, 0.75, 10.5], "texture": "#0"},
				"south": {"uv": [1.5, 10.25, 1.25, 10.5], "texture": "#0"},
				"west": {"uv": [0.5, 10.25, 0, 10.5], "texture": "#0"},
				"up": {"uv": [0.5, 10.25, 0.75, 9.75], "texture": "#0"},
				"down": {"uv": [0.75, 9.75, 1, 10.25], "texture": "#0"}
			}
		},
		{
			"name": "left_fin_0",
			"from": [4, 1, 12],
			"to": [6, 2, 14],
			"rotation": {"angle": 22.5, "axis": "z", "origin": [6, 1.5, 13]},
			"faces": {
				"north": {"uv": [0.5, 8.125, 1, 8.375], "texture": "#0"},
				"east": {"uv": [0, 8.125, 0.5, 8.375], "texture": "#0"},
				"south": {"uv": [1.5, 8.125, 2, 8.375], "texture": "#0"},
				"west": {"uv": [1, 8.125, 1.5, 8.375], "texture": "#0"},
				"up": {"uv": [1, 8.125, 0.5, 7.625], "texture": "#0"},
				"down": {"uv": [1.5, 7.625, 1, 8.125], "texture": "#0"}
			}
		},
		{
			"name": "left_fin_1",
			"from": [2, 1, 3],
			"to": [6, 2, 12],
			"rotation": {"angle": 22.5, "axis": "z", "origin": [6, 1.5, 7.5]},
			"faces": {
				"north": {"uv": [2.25, 7.375, 3.25, 7.625], "texture": "#0"},
				"east": {"uv": [0, 7.375, 2.25, 7.625], "texture": "#0"},
				"south": {"uv": [5.5, 7.375, 6.5, 7.625], "texture": "#0"},
				"west": {"uv": [3.25, 7.375, 5.5, 7.625], "texture": "#0"},
				"up": {"uv": [3.25, 7.375, 2.25, 5.125], "texture": "#0"},
				"down": {"uv": [4.25, 5.125, 3.25, 7.375], "texture": "#0"}
			}
		},
		{
			"name": "right_fin_0",
			"from": [10, 1, 12],
			"to": [12, 2, 14],
			"rotation": {"angle": -22.5, "axis": "z", "origin": [10, 1.5, 13]},
			"faces": {
				"north": {"uv": [1, 8.125, 0.5, 8.375], "texture": "#0"},
				"east": {"uv": [1.5, 8.125, 1, 8.375], "texture": "#0"},
				"south": {"uv": [2, 8.125, 1.5, 8.375], "texture": "#0"},
				"west": {"uv": [0.5, 8.125, 0, 8.375], "texture": "#0"},
				"up": {"uv": [0.5, 8.125, 1, 7.625], "texture": "#0"},
				"down": {"uv": [1, 7.625, 1.5, 8.125], "texture": "#0"}
			}
		},
		{
			"name": "right_fin_1",
			"from": [10, 1, 3],
			"to": [14, 2, 12],
			"rotation": {"angle": -22.5, "axis": "z", "origin": [10, 1.5, 7.5]},
			"faces": {
				"north": {"uv": [3.25, 7.375, 2.25, 7.625], "texture": "#0"},
				"east": {"uv": [5.5, 7.375, 3.25, 7.625], "texture": "#0"},
				"south": {"uv": [6.5, 7.375, 5.5, 7.625], "texture": "#0"},
				"west": {"uv": [2.25, 7.375, 0, 7.625], "texture": "#0"},
				"up": {"uv": [2.25, 7.375, 3.25, 5.125], "texture": "#0"},
				"down": {"uv": [3.25, 5.125, 4.25, 7.375], "texture": "#0"}
			}
		},
		{
			"name": "tail_0",
			"from": [7.5, 1.5, 14],
			"to": [8.5, 2.5, 19],
			"rotation": {"angle": 0, "axis": "y", "origin": [8, 2, 14]},
			"faces": {
				"north": {"uv": [1.25, 11.75, 1.5, 12], "texture": "#0"},
				"east": {"uv": [0, 11.75, 1.25, 12], "texture": "#0"},
				"south": {"uv": [2.75, 11.75, 3, 12], "texture": "#0"},
				"west": {"uv": [1.5, 11.75, 2.75, 12], "texture": "#0"},
				"up": {"uv": [1.5, 11.75, 1.25, 10.5], "texture": "#0"},
				"down": {"uv": [1.75, 10.5, 1.5, 11.75], "texture": "#0"}
			}
		},
		{
			"name": "tail_1",
			"from": [7.5, 1.5, 19],
			"to": [8.5, 2.5, 24],
			"rotation": {"angle": 0, "axis": "y", "origin": [8, 2, 19]},
			"faces": {
				"north": {"uv": [1.25, 13.25, 1.5, 13.5], "texture": "#0"},
				"east": {"uv": [0, 13.25, 1.25, 13.5], "texture": "#0"},
				"south": {"uv": [2.75, 13.25, 3, 13.5], "texture": "#0"},
				"west": {"uv": [1.5, 13.25, 2.75, 13.5], "texture": "#0"},
				"up": {"uv": [1.5, 13.25, 1.25, 12], "texture": "#0"},
				"down": {"uv": [1.75, 12, 1.5, 13.25], "texture": "#0"}
			}
		}
	],
	"groups": [
		{
			"name": "body",
			"origin": [8, 2, 8],
			"color": 0,
			"children": [
				0,
				1,
				2,
				3,
				4,
				5,
				6,
				7,
				{
					"name": "left_fin",
					"origin": [6, 1.5, 9],
					"color": 0,
					"children": [
						{
							"name": "left_fin_0",
							"origin": [6, 1.5, 13],
							"color": 0,
							"children": [8]
						},
						{
							"name": "left_fin_1",
							"origin": [6, 1.5, 7.5],
							"color": 0,
							"children": [9]
						}
					]
				},
				{
					"name": "right_fin",
					"origin": [10, 1.5, 9],
					"color": 0,
					"children": [
						{
							"name": "right_fin_0",
							"origin": [10, 1.5, 13],
							"color": 0,
							"children": [10]
						},
						{
							"name": "right_fin_1",
							"origin": [10, 1.5, 7.5],
							"color": 0,
							"children": [11]
						}
					]
				},
				{
					"name": "tail_0",
					"origin": [8, 2, 14],
					"color": 0,
					"children": [
						12,
						{
							"name": "tail_1",
							"origin": [8, 2, 19],
							"color": 0,
							"children": [13]
						}
					]
				}
			]
		}
	]
}
