{
	"credit": "Made with Blockbench",
	"texture_size": [512, 512],
	"textures": {
		"0": "mc_calamity:item/entity/king_slime"
	},
	"elements": [
		{
			"name": "crown_0",
			"from": [-4.5, 0, -4.5],
			"to": [20.5, 12, -0.5],
			"rotation": {"angle": 0, "axis": "y", "origin": [8, -52, 8]},
			"faces": {
				"north": {"uv": [0.125, 4.09375, 0.90625, 4.46875], "texture": "#0"},
				"east": {"uv": [0, 4.09375, 0.125, 4.46875], "texture": "#0"},
				"south": {"uv": [1.03125, 4.09375, 1.8125, 4.46875], "texture": "#0"},
				"west": {"uv": [0.90625, 4.09375, 1.03125, 4.46875], "texture": "#0"},
				"up": {"uv": [0.90625, 4.09375, 0.125, 3.96875], "texture": "#0"},
				"down": {"uv": [1.6875, 3.96875, 0.90625, 4.09375], "texture": "#0"}
			}
		},
		{
			"name": "crown_1",
			"from": [6.5, 3, -6.5],
			"to": [9.5, 7, -4.5],
			"rotation": {"angle": 0, "axis": "y", "origin": [8, -52, 8]},
			"faces": {
				"north": {"uv": [0.0625, 4.53125, 0.15625, 4.65625], "texture": "#0"},
				"east": {"uv": [0, 4.53125, 0.0625, 4.65625], "texture": "#0"},
				"south": {"uv": [0.21875, 4.53125, 0.3125, 4.65625], "texture": "#0"},
				"west": {"uv": [0.15625, 4.53125, 0.21875, 4.65625], "texture": "#0"},
				"up": {"uv": [0.15625, 4.53125, 0.0625, 4.46875], "texture": "#0"},
				"down": {"uv": [0.25, 4.46875, 0.15625, 4.53125], "texture": "#0"}
			}
		},
		{
			"name": "crown_1",
			"from": [-4.5, 0, 16.5],
			"to": [20.5, 12, 20.5],
			"rotation": {"angle": 0, "axis": "y", "origin": [8, -52, 8]},
			"faces": {
				"north": {"uv": [2.71875, 4.09375, 1.9375, 4.46875], "texture": "#0"},
				"east": {"uv": [2.84375, 4.09375, 2.71875, 4.46875], "texture": "#0"},
				"south": {"uv": [3.625, 4.09375, 2.84375, 4.46875], "texture": "#0"},
				"west": {"uv": [1.9375, 4.09375, 1.8125, 4.46875], "texture": "#0"},
				"up": {"uv": [1.9375, 4.09375, 2.71875, 3.96875], "texture": "#0"},
				"down": {"uv": [2.71875, 3.96875, 3.5, 4.09375], "texture": "#0"}
			}
		},
		{
			"name": "crown_2",
			"from": [-4.5, 0, -0.5],
			"to": [-0.5, 12, 16.5],
			"rotation": {"angle": 0, "axis": "y", "origin": [8, -52, 8]},
			"faces": {
				"north": {"uv": [0.53125, 5, 0.65625, 5.375], "texture": "#0"},
				"east": {"uv": [0, 5, 0.53125, 5.375], "texture": "#0"},
				"south": {"uv": [1.1875, 5, 1.3125, 5.375], "texture": "#0"},
				"west": {"uv": [0.65625, 5, 1.1875, 5.375], "texture": "#0"},
				"up": {"uv": [0.65625, 5, 0.53125, 4.46875], "texture": "#0"},
				"down": {"uv": [0.78125, 4.46875, 0.65625, 5], "texture": "#0"}
			}
		},
		{
			"name": "crown_3",
			"from": [16.5, 0, -0.5],
			"to": [20.5, 12, 16.5],
			"rotation": {"angle": 0, "axis": "y", "origin": [8, -52, 8]},
			"faces": {
				"north": {"uv": [1.96875, 5, 1.84375, 5.375], "texture": "#0"},
				"east": {"uv": [2.5, 5, 1.96875, 5.375], "texture": "#0"},
				"south": {"uv": [2.625, 5, 2.5, 5.375], "texture": "#0"},
				"west": {"uv": [1.84375, 5, 1.3125, 5.375], "texture": "#0"},
				"up": {"uv": [1.84375, 5, 1.96875, 4.46875], "texture": "#0"},
				"down": {"uv": [1.96875, 4.46875, 2.09375, 5], "texture": "#0"}
			}
		},
		{
			"name": "crown_4",
			"from": [5.5, 12, -4.5],
			"to": [10.5, 24, -0.5],
			"rotation": {"angle": 0, "axis": "y", "origin": [8, -52, 8]},
			"faces": {
				"north": {"uv": [3.75, 4.09375, 3.90625, 4.46875], "texture": "#0"},
				"east": {"uv": [3.625, 4.09375, 3.75, 4.46875], "texture": "#0"},
				"south": {"uv": [4.03125, 4.09375, 4.1875, 4.46875], "texture": "#0"},
				"west": {"uv": [3.90625, 4.09375, 4.03125, 4.46875], "texture": "#0"},
				"up": {"uv": [3.90625, 4.09375, 3.75, 3.96875], "texture": "#0"},
				"down": {"uv": [4.0625, 3.96875, 3.90625, 4.09375], "texture": "#0"}
			}
		},
		{
			"name": "crown_5",
			"from": [-4.5, 12, -4.5],
			"to": [1.5, 19, -0.5],
			"rotation": {"angle": 0, "axis": "y", "origin": [8, -52, 8]},
			"faces": {
				"north": {"uv": [4.3125, 4.09375, 4.5, 4.3125], "texture": "#0"},
				"east": {"uv": [4.1875, 4.09375, 4.3125, 4.3125], "texture": "#0"},
				"south": {"uv": [4.625, 4.09375, 4.8125, 4.3125], "texture": "#0"},
				"west": {"uv": [4.5, 4.09375, 4.625, 4.3125], "texture": "#0"},
				"up": {"uv": [4.5, 4.09375, 4.3125, 3.96875], "texture": "#0"},
				"down": {"uv": [4.6875, 3.96875, 4.5, 4.09375], "texture": "#0"}
			}
		},
		{
			"name": "crown_6",
			"from": [14.5, 12, -4.5],
			"to": [20.5, 19, -0.5],
			"rotation": {"angle": 0, "axis": "y", "origin": [8, -52, 8]},
			"faces": {
				"north": {"uv": [4.9375, 4.09375, 5.125, 4.3125], "texture": "#0"},
				"east": {"uv": [4.8125, 4.09375, 4.9375, 4.3125], "texture": "#0"},
				"south": {"uv": [5.25, 4.09375, 5.4375, 4.3125], "texture": "#0"},
				"west": {"uv": [5.125, 4.09375, 5.25, 4.3125], "texture": "#0"},
				"up": {"uv": [5.125, 4.09375, 4.9375, 3.96875], "texture": "#0"},
				"down": {"uv": [5.3125, 3.96875, 5.125, 4.09375], "texture": "#0"}
			}
		},
		{
			"name": "crown_7",
			"from": [-4.5, 12, -0.5],
			"to": [-0.5, 19, 1.5],
			"rotation": {"angle": 0, "axis": "y", "origin": [8, -52, 8]},
			"faces": {
				"north": {"uv": [5.5, 4.03125, 5.625, 4.25], "texture": "#0"},
				"east": {"uv": [5.4375, 4.03125, 5.5, 4.25], "texture": "#0"},
				"south": {"uv": [5.6875, 4.03125, 5.8125, 4.25], "texture": "#0"},
				"west": {"uv": [5.625, 4.03125, 5.6875, 4.25], "texture": "#0"},
				"up": {"uv": [5.625, 4.03125, 5.5, 3.96875], "texture": "#0"},
				"down": {"uv": [5.75, 3.96875, 5.625, 4.03125], "texture": "#0"}
			}
		},
		{
			"name": "crown_8",
			"from": [16.5, 12, -0.5],
			"to": [20.5, 19, 1.5],
			"rotation": {"angle": 0, "axis": "y", "origin": [8, -52, 8]},
			"faces": {
				"north": {"uv": [5.875, 4.03125, 6, 4.25], "texture": "#0"},
				"east": {"uv": [5.8125, 4.03125, 5.875, 4.25], "texture": "#0"},
				"south": {"uv": [6.0625, 4.03125, 6.1875, 4.25], "texture": "#0"},
				"west": {"uv": [6, 4.03125, 6.0625, 4.25], "texture": "#0"},
				"up": {"uv": [6, 4.03125, 5.875, 3.96875], "texture": "#0"},
				"down": {"uv": [6.125, 3.96875, 6, 4.03125], "texture": "#0"}
			}
		},
		{
			"name": "crown_9",
			"from": [-4.5, 12, 16.5],
			"to": [1.5, 19, 20.5],
			"rotation": {"angle": 0, "axis": "y", "origin": [8, -52, 8]},
			"faces": {
				"north": {"uv": [2.75, 4.59375, 2.9375, 4.8125], "texture": "#0"},
				"east": {"uv": [2.625, 4.59375, 2.75, 4.8125], "texture": "#0"},
				"south": {"uv": [3.0625, 4.59375, 3.25, 4.8125], "texture": "#0"},
				"west": {"uv": [2.9375, 4.59375, 3.0625, 4.8125], "texture": "#0"},
				"up": {"uv": [2.9375, 4.59375, 2.75, 4.46875], "texture": "#0"},
				"down": {"uv": [3.125, 4.46875, 2.9375, 4.59375], "texture": "#0"}
			}
		},
		{
			"name": "crown_10",
			"from": [14.5, 12, 16.5],
			"to": [20.5, 19, 20.5],
			"rotation": {"angle": 0, "axis": "y", "origin": [8, -52, 8]},
			"faces": {
				"north": {"uv": [3.375, 4.59375, 3.5625, 4.8125], "texture": "#0"},
				"east": {"uv": [3.25, 4.59375, 3.375, 4.8125], "texture": "#0"},
				"south": {"uv": [3.6875, 4.59375, 3.875, 4.8125], "texture": "#0"},
				"west": {"uv": [3.5625, 4.59375, 3.6875, 4.8125], "texture": "#0"},
				"up": {"uv": [3.5625, 4.59375, 3.375, 4.46875], "texture": "#0"},
				"down": {"uv": [3.75, 4.46875, 3.5625, 4.59375], "texture": "#0"}
			}
		},
		{
			"name": "crown_11",
			"from": [-4.5, 12, 14.5],
			"to": [-0.5, 19, 16.5],
			"rotation": {"angle": 0, "axis": "y", "origin": [8, -52, 8]},
			"faces": {
				"north": {"uv": [3.9375, 4.53125, 4.0625, 4.75], "texture": "#0"},
				"east": {"uv": [3.875, 4.53125, 3.9375, 4.75], "texture": "#0"},
				"south": {"uv": [4.125, 4.53125, 4.25, 4.75], "texture": "#0"},
				"west": {"uv": [4.0625, 4.53125, 4.125, 4.75], "texture": "#0"},
				"up": {"uv": [4.0625, 4.53125, 3.9375, 4.46875], "texture": "#0"},
				"down": {"uv": [4.1875, 4.46875, 4.0625, 4.53125], "texture": "#0"}
			}
		},
		{
			"name": "crown_12",
			"from": [16.5, 12, 14.5],
			"to": [20.5, 19, 16.5],
			"rotation": {"angle": 0, "axis": "y", "origin": [8, -52, 8]},
			"faces": {
				"north": {"uv": [4.3125, 4.53125, 4.4375, 4.75], "texture": "#0"},
				"east": {"uv": [4.25, 4.53125, 4.3125, 4.75], "texture": "#0"},
				"south": {"uv": [4.5, 4.53125, 4.625, 4.75], "texture": "#0"},
				"west": {"uv": [4.4375, 4.53125, 4.5, 4.75], "texture": "#0"},
				"up": {"uv": [4.4375, 4.53125, 4.3125, 4.46875], "texture": "#0"},
				"down": {"uv": [4.5625, 4.46875, 4.4375, 4.53125], "texture": "#0"}
			}
		}
	],
	"groups": [
		{
			"name": "crown",
			"origin": [8, -52, 8],
			"color": 0,
			"nbt": "{}",
			"children": [0, 1, 2, 3, 4, 5, 6, 7, 8, 9, 10, 11, 12, 13]
		}
	]
}
