{
	"credit": "Made with Blockbench",
	"texture_size": [64, 64],
	"textures": {
		"3": "mc_calamity:item/entity/prismback_prisms"
	},
	"elements": [
		{
			"from": [11, 1, 15],
			"to": [14, 4, 23],
			"rotation": {"angle": -22.5, "axis": "x", "origin": [8, 6, 8]},
			"faces": {
				"north": {"uv": [10.5, 0.75, 9.75, 1.5], "rotation": 90, "texture": "#3"},
				"east": {"uv": [8.75, 8.5, 9.5, 10.5], "rotation": 270, "texture": "#3"},
				"south": {"uv": [10.5, 0.75, 9.75, 0], "rotation": 90, "texture": "#3"},
				"west": {"uv": [3.25, 9.5, 4, 11.5], "rotation": 90, "texture": "#3"},
				"up": {"uv": [9.5, 8.5, 10.25, 10.5], "rotation": 180, "texture": "#3"},
				"down": {"uv": [2.5, 9.5, 3.25, 11.5], "texture": "#3"}
			}
		},
		{
			"from": [8, 7, 5],
			"to": [14, 27, 11],
			"rotation": {"angle": -45, "axis": "z", "origin": [8, 6, 8]},
			"faces": {
				"north": {"uv": [4.5, 0, 6, 5], "texture": "#3"},
				"east": {"uv": [4.5, 5, 6, 10], "texture": "#3"},
				"south": {"uv": [6, 0, 7.5, 5], "texture": "#3"},
				"west": {"uv": [6, 5, 7.5, 10], "texture": "#3"},
				"up": {"uv": [4, 9.5, 2.5, 8], "texture": "#3"},
				"down": {"uv": [10.25, 4.5, 8.75, 6], "texture": "#3"}
			}
		},
		{
			"from": [5, 5, 5],
			"to": [11, 25, 11],
			"rotation": {"angle": 0, "axis": "y", "origin": [8, 6, 8]},
			"faces": {
				"north": {"uv": [4.5, 0, 6, 5], "texture": "#3"},
				"east": {"uv": [4.5, 5, 6, 10], "texture": "#3"},
				"south": {"uv": [6, 0, 7.5, 5], "texture": "#3"},
				"west": {"uv": [6, 5, 7.5, 10], "texture": "#3"},
				"up": {"uv": [4, 9.5, 2.5, 8], "texture": "#3"},
				"down": {"uv": [10.25, 4.5, 8.75, 6], "texture": "#3"}
			}
		},
		{
			"from": [3, 5, 11],
			"to": [9, 25, 17],
			"rotation": {"angle": 45, "axis": "x", "origin": [8, 6, 8]},
			"faces": {
				"north": {"uv": [4.5, 0, 6, 5], "texture": "#3"},
				"east": {"uv": [4.5, 5, 6, 10], "texture": "#3"},
				"south": {"uv": [6, 0, 7.5, 5], "texture": "#3"},
				"west": {"uv": [6, 5, 7.5, 10], "texture": "#3"},
				"up": {"uv": [4, 9.5, 2.5, 8], "texture": "#3"},
				"down": {"uv": [10.25, 4.5, 8.75, 6], "texture": "#3"}
			}
		},
		{
			"from": [0, 2, -2.5],
			"to": [6, 22, 3.5],
			"rotation": {"angle": 22.5, "axis": "z", "origin": [8, 6, 8]},
			"faces": {
				"north": {"uv": [4.5, 0, 6, 5], "texture": "#3"},
				"east": {"uv": [4.5, 5, 6, 10], "texture": "#3"},
				"south": {"uv": [6, 0, 7.5, 5], "texture": "#3"},
				"west": {"uv": [6, 5, 7.5, 10], "texture": "#3"},
				"up": {"uv": [4, 9.5, 2.5, 8], "texture": "#3"},
				"down": {"uv": [10.25, 4.5, 8.75, 6], "texture": "#3"}
			}
		},
		{
			"from": [4, 12, 0],
			"to": [13, 28, 9],
			"rotation": {"angle": -45, "axis": "x", "origin": [8, 6, 8]},
			"faces": {
				"north": {"uv": [0, 0, 2.25, 4], "texture": "#3"},
				"east": {"uv": [2.25, 0, 4.5, 4], "texture": "#3"},
				"south": {"uv": [0, 4, 2.25, 8], "texture": "#3"},
				"west": {"uv": [2.25, 4, 4.5, 8], "texture": "#3"},
				"up": {"uv": [9.75, 2.25, 7.5, 0], "texture": "#3"},
				"down": {"uv": [9.75, 2.25, 7.5, 4.5], "texture": "#3"}
			}
		},
		{
			"from": [1, 3, 8],
			"to": [10, 19, 17],
			"rotation": {"angle": 22.5, "axis": "x", "origin": [8, 6, 8]},
			"faces": {
				"north": {"uv": [0, 0, 2.25, 4], "texture": "#3"},
				"east": {"uv": [2.25, 0, 4.5, 4], "texture": "#3"},
				"south": {"uv": [0, 4, 2.25, 8], "texture": "#3"},
				"west": {"uv": [2.25, 4, 4.5, 8], "texture": "#3"},
				"up": {"uv": [9.75, 2.25, 7.5, 0], "texture": "#3"},
				"down": {"uv": [9.75, 2.25, 7.5, 4.5], "texture": "#3"}
			}
		},
		{
			"from": [0, -2, 0],
			"to": [9, 14, 9],
			"rotation": {"angle": 0, "axis": "y", "origin": [8, 6, 8]},
			"faces": {
				"north": {"uv": [0, 0, 2.25, 4], "texture": "#3"},
				"east": {"uv": [2.25, 0, 4.5, 4], "texture": "#3"},
				"south": {"uv": [0, 4, 2.25, 8], "texture": "#3"},
				"west": {"uv": [2.25, 4, 4.5, 8], "texture": "#3"},
				"up": {"uv": [9.75, 2.25, 7.5, 0], "texture": "#3"},
				"down": {"uv": [9.75, 2.25, 7.5, 4.5], "texture": "#3"}
			}
		},
		{
			"from": [7.25, 0.75, 6],
			"to": [16.25, 16.75, 15],
			"rotation": {"angle": 45, "axis": "x", "origin": [8, 6, 8]},
			"faces": {
				"north": {"uv": [0, 0, 2.25, 4], "texture": "#3"},
				"east": {"uv": [2.25, 0, 4.5, 4], "texture": "#3"},
				"south": {"uv": [0, 4, 2.25, 8], "texture": "#3"},
				"west": {"uv": [2.25, 4, 4.5, 8], "texture": "#3"},
				"up": {"uv": [9.75, 2.25, 7.5, 0], "texture": "#3"},
				"down": {"uv": [9.75, 2.25, 7.5, 4.5], "texture": "#3"}
			}
		},
		{
			"from": [11, 6, -1],
			"to": [16, 18, 4],
			"rotation": {"angle": -22.5, "axis": "z", "origin": [8, 6, 8]},
			"faces": {
				"north": {"uv": [7.5, 4.5, 8.75, 7.5], "texture": "#3"},
				"east": {"uv": [7.5, 7.5, 8.75, 10.5], "texture": "#3"},
				"south": {"uv": [0, 8, 1.25, 11], "texture": "#3"},
				"west": {"uv": [1.25, 8, 2.5, 11], "texture": "#3"},
				"up": {"uv": [10, 7.25, 8.75, 6], "texture": "#3"},
				"down": {"uv": [10, 7.25, 8.75, 8.5], "texture": "#3"}
			}
		},
		{
			"from": [2, 11, 7],
			"to": [7, 23, 12],
			"rotation": {"angle": 45, "axis": "z", "origin": [8, 6, 8]},
			"faces": {
				"north": {"uv": [7.5, 4.5, 8.75, 7.5], "texture": "#3"},
				"east": {"uv": [7.5, 7.5, 8.75, 10.5], "texture": "#3"},
				"south": {"uv": [0, 8, 1.25, 11], "texture": "#3"},
				"west": {"uv": [1.25, 8, 2.5, 11], "texture": "#3"},
				"up": {"uv": [10, 7.25, 8.75, 6], "texture": "#3"},
				"down": {"uv": [10, 7.25, 8.75, 8.5], "texture": "#3"}
			}
		},
		{
			"from": [8.5, 10, 1],
			"to": [13.5, 22, 6],
			"rotation": {"angle": 0, "axis": "y", "origin": [8, 6, 8]},
			"faces": {
				"north": {"uv": [7.5, 4.5, 8.75, 7.5], "texture": "#3"},
				"east": {"uv": [7.5, 7.5, 8.75, 10.5], "texture": "#3"},
				"south": {"uv": [0, 8, 1.25, 11], "texture": "#3"},
				"west": {"uv": [1.25, 8, 2.5, 11], "texture": "#3"},
				"up": {"uv": [10, 7.25, 8.75, 6], "texture": "#3"},
				"down": {"uv": [10, 7.25, 8.75, 8.5], "texture": "#3"}
			}
		},
		{
			"from": [12, 12, -1],
			"to": [15, 20, 2],
			"rotation": {"angle": -45, "axis": "x", "origin": [8, 6, 8]},
			"faces": {
				"north": {"uv": [8.75, 8.5, 9.5, 10.5], "texture": "#3"},
				"east": {"uv": [2.5, 9.5, 3.25, 11.5], "texture": "#3"},
				"south": {"uv": [3.25, 9.5, 4, 11.5], "texture": "#3"},
				"west": {"uv": [9.5, 8.5, 10.25, 10.5], "texture": "#3"},
				"up": {"uv": [10.5, 0.75, 9.75, 0], "texture": "#3"},
				"down": {"uv": [10.5, 0.75, 9.75, 1.5], "texture": "#3"}
			}
		},
		{
			"from": [12, 11, 12],
			"to": [15, 19, 15],
			"rotation": {"angle": -45, "axis": "z", "origin": [8, 6, 8]},
			"faces": {
				"north": {"uv": [9.5, 8.5, 10.25, 10.5], "texture": "#3"},
				"east": {"uv": [8.75, 8.5, 9.5, 10.5], "texture": "#3"},
				"south": {"uv": [2.5, 9.5, 3.25, 11.5], "texture": "#3"},
				"west": {"uv": [3.25, 9.5, 4, 11.5], "texture": "#3"},
				"up": {"uv": [10.5, 0.75, 9.75, 0], "rotation": 90, "texture": "#3"},
				"down": {"uv": [10.5, 0.75, 9.75, 1.5], "rotation": 270, "texture": "#3"}
			}
		},
		{
			"from": [1, 11, 3],
			"to": [4, 19, 6],
			"rotation": {"angle": 45, "axis": "z", "origin": [8, 6, 8]},
			"faces": {
				"north": {"uv": [9.5, 8.5, 10.25, 10.5], "texture": "#3"},
				"east": {"uv": [8.75, 8.5, 9.5, 10.5], "texture": "#3"},
				"south": {"uv": [2.5, 9.5, 3.25, 11.5], "texture": "#3"},
				"west": {"uv": [3.25, 9.5, 4, 11.5], "texture": "#3"},
				"up": {"uv": [10.5, 0.75, 9.75, 0], "rotation": 90, "texture": "#3"},
				"down": {"uv": [10.5, 0.75, 9.75, 1.5], "rotation": 270, "texture": "#3"}
			}
		},
		{
			"from": [-1.5, 8, 10],
			"to": [1.5, 16, 13],
			"rotation": {"angle": 45, "axis": "x", "origin": [8, 6, 8]},
			"faces": {
				"north": {"uv": [9.5, 8.5, 10.25, 10.5], "texture": "#3"},
				"east": {"uv": [8.75, 8.5, 9.5, 10.5], "texture": "#3"},
				"south": {"uv": [2.5, 9.5, 3.25, 11.5], "texture": "#3"},
				"west": {"uv": [3.25, 9.5, 4, 11.5], "texture": "#3"},
				"up": {"uv": [10.5, 0.75, 9.75, 0], "rotation": 90, "texture": "#3"},
				"down": {"uv": [10.5, 0.75, 9.75, 1.5], "rotation": 270, "texture": "#3"}
			}
		}
	],
	"groups": [
		{
			"name": "group",
			"origin": [8, 6, 8],
			"color": 0,
			"children": [0, 1, 2, 3, 4, 5, 6, 7, 8, 9, 10, 11, 12, 13, 14, 15]
		}
	]
}
