{
	"textures": {
		"powder": "tcc:block/echoing_hourglass/sand",
		"particle": "#powder"
	},
	"elements": [
		{
			"from": [6, 8, 6],
			"to": [10, 12, 10],
			"faces": {
				"north": {"uv": [4, 15, 8, 16], "texture": "#powder"},
				"east": {"uv": [0, 15, 4, 16], "texture": "#powder"},
				"south": {"uv": [12, 15, 16, 16], "texture": "#powder"},
				"west": {"uv": [8, 15, 12, 16], "texture": "#powder"},
				"up": {"uv": [4, 8, 8, 12], "texture": "#powder"},
				"down": {"uv": [8, 8, 12, 12], "texture": "#powder"}
			}
		}
	]
}