{
	"textures": {
		"powder": "tcc:block/echoing_hourglass/sand",
		"particle": "#powder"
	},
	"elements": [
		{
			"from": [6, 8, 6],
			"to": [10, 12, 10],
			"faces": {
				"north": {"uv": [4, 13, 8, 14], "texture": "#powder"},
				"east": {"uv": [0, 13, 4, 14], "texture": "#powder"},
				"south": {"uv": [12, 13, 16, 14], "texture": "#powder"},
				"west": {"uv": [8, 13, 12, 14], "texture": "#powder"},
				"up": {"uv": [4, 8, 8, 12], "texture": "#powder"},
				"down": {"uv": [8, 8, 12, 12], "texture": "#powder"}
			}
		}
	]
}