{
	"credit": "Made with Blockbench",
	"parent": "minecraft:block/block",
	"elements": [
		{
			"name": "decor",
			"from": [4.75, 2.5, 7.75],
			"to": [11.25, 8, 8.25],
			"rotation": {"angle": -45, "axis": "y", "origin": [8, 7.5, 8]},
			"faces": {
				"north": {"uv": [0, 8, 4, 12], "texture": "#texture"},
				"south": {"uv": [0, 8, 4, 12], "texture": "#texture"}
			}
		},
		{
			"name": "decor2",
			"from": [7.75, 2.5, 4.75],
			"to": [8.25, 8, 11.25],
			"rotation": {"angle": -45, "axis": "y", "origin": [8, 7.5, 8]},
			"faces": {
				"east": {"uv": [0, 8, 4, 12], "texture": "#texture"},
				"west": {"uv": [0, 8, 4, 12], "texture": "#texture"}
			}
		},
		{
			"name": "north",
			"from": [6, 0, 6],
			"to": [10, 4, 6],
			"rotation": {"angle": 0, "axis": "y", "origin": [8, 8, 8.25]},
			"faces": {
				"north": {"uv": [12, 4, 16, 8], "texture": "#texture"},
				"south": {"uv": [12, 4, 16, 8], "texture": "#texture"}
			}
		},
		{
			"name": "east",
			"from": [10, 0, 6],
			"to": [10, 4, 10],
			"rotation": {"angle": 0, "axis": "y", "origin": [7.75, 8, 8]},
			"faces": {
				"east": {"uv": [8, 4, 12, 8], "texture": "#texture"},
				"west": {"uv": [8, 4, 12, 8], "texture": "#texture"}
			}
		},
		{
			"name": "south",
			"from": [6, 0, 10],
			"to": [10, 4, 10],
			"rotation": {"angle": 0, "axis": "y", "origin": [8, 8, 7.75]},
			"faces": {
				"north": {"uv": [4, 4, 8, 8], "texture": "#texture"},
				"south": {"uv": [4, 4, 8, 8], "texture": "#texture"}
			}
		},
		{
			"name": "west",
			"from": [6, 0, 6],
			"to": [6, 4, 10],
			"rotation": {"angle": 0, "axis": "y", "origin": [8.25, 8, 8]},
			"faces": {
				"east": {"uv": [0, 4, 4, 8], "texture": "#texture"},
				"west": {"uv": [0, 4, 4, 8], "texture": "#texture"}
			}
		},
		{
			"name": "up",
			"from": [6, 4, 6],
			"to": [10, 4, 10],
			"rotation": {"angle": 0, "axis": "y", "origin": [8, 7.75, 8]},
			"faces": {
				"up": {"uv": [4, 4, 8, 0], "rotation": 180, "texture": "#texture"},
				"down": {"uv": [4, 4, 8, 0], "rotation": 180, "texture": "#texture"}
			}
		},
		{
			"name": "down",
			"from": [6, 0, 6],
			"to": [10, 0, 10],
			"rotation": {"angle": 0, "axis": "y", "origin": [8, 8.25, 8]},
			"faces": {
				"up": {"uv": [8, 4, 12, 0], "rotation": 180, "texture": "#texture"},
				"down": {"uv": [8, 4, 12, 0], "rotation": 180, "texture": "#texture"}
			}
		},
		{
			"name": "body",
			"from": [6.25, 0.25, 6.25],
			"to": [9.75, 3.75, 9.75],
			"rotation": {"angle": 0, "axis": "y", "origin": [8, 8, 8]},
			"faces": {
				"north": {"uv": [12, 12, 16, 16], "texture": "#texture"},
				"east": {"uv": [8, 12, 12, 16], "texture": "#texture"},
				"south": {"uv": [4, 12, 8, 16], "texture": "#texture"},
				"west": {"uv": [0, 12, 4, 16], "texture": "#texture"},
				"up": {"uv": [4, 12, 8, 8], "rotation": 180, "texture": "#texture"},
				"down": {"uv": [8, 12, 12, 8], "rotation": 180, "texture": "#texture"}
			}
		},
		{
			"name": "hook",
			"from": [6, -4, 8],
			"to": [10, 0, 8],
			"rotation": {"angle": 0, "axis": "y", "origin": [8, 8, 8]},
			"faces": {
				"north": {"uv": [16, 8, 12, 12], "texture": "#texture"},
				"south": {"uv": [12, 8, 16, 12], "texture": "#texture"}
			}
		}
	],
	"display": {
		"head": {
			"rotation": [0.5, 0, 0],
			"translation": [0, 2, 0],
			"scale": [0.8, 0.8, 0.8]
		}
	},
	"groups": [
		0,
		1,
		{
			"name": "overlay",
			"origin": [8, 8, 8],
			"color": 0,
			"children": [2, 3, 4, 5, 6, 7]
		},
		8,
		9
	]
}
