{
	"parent": "block/thin_block",
	"textures": {
		"1": "block/snow",
		"particle": "tcc:block/frostbloom",
		"cross": "tcc:block/frostbloom"
	},
	"elements": [
		{
			"from": [0.8, 0, 7.995],
			"to": [15.2, 16, 8.005],
			"shade": false,
			"rotation": {"angle": 45, "axis": "y", "origin": [8, 8, 8], "rescale": true},
			"faces": {
				"north": {"uv": [0, 0, 16, 16], "texture": "#cross"},
				"south": {"uv": [0, 0, 16, 16], "texture": "#cross"}
			}
		},
		{
			"from": [7.995, 0, 0.8],
			"to": [8.005, 16, 15.2],
			"shade": false,
			"rotation": {"angle": 45, "axis": "y", "origin": [8, 8, 8], "rescale": true},
			"faces": {
				"east": {"uv": [0, 0, 16, 16], "texture": "#cross"},
				"west": {"uv": [0, 0, 16, 16], "texture": "#cross"}
			}
		},
		{
			"from": [0, 0, 0],
			"to": [16, 2, 16],
			"faces": {
				"north": {"uv": [0, 14, 16, 16], "texture": "#1", "cullface": "north"},
				"east": {"uv": [0, 14, 16, 16], "texture": "#1", "cullface": "east"},
				"south": {"uv": [0, 14, 16, 16], "texture": "#1", "cullface": "south"},
				"west": {"uv": [0, 14, 16, 16], "texture": "#1", "cullface": "west"},
				"up": {"uv": [0, 0, 16, 16], "texture": "#1"},
				"down": {"uv": [0, 0, 16, 16], "texture": "#1", "cullface": "down"}
			}
		}
	]
}
