{
	"providers": [
		{"type": "bitmap","file": "mc_calamity:font/accessories/head.png","ascent": 8,"height": 9,"chars": ["\uE000"]},
		{"type": "bitmap","file": "mc_calamity:font/accessories/chest.png","ascent": 8,"height": 9,"chars": ["\uE001"]},
		{"type": "bitmap","file": "mc_calamity:font/accessories/legs.png","ascent": 8,"height": 9,"chars": ["\uE002"]},
		{"type": "bitmap","file": "mc_calamity:font/accessories/feet.png","ascent": 8,"height": 9,"chars": ["\uE003"]},

		{"type": "bitmap","file": "mc_calamity:font/accessories/sword.png","ascent": 8,"height": 9,"chars": ["\uE004"]},
		{"type": "bitmap","file": "mc_calamity:font/accessories/axe.png","ascent": 8,"height": 9,"chars": ["\uE005"]},
		{"type": "bitmap","file": "mc_calamity:font/accessories/pickaxe.png","ascent": 8,"height": 9,"chars": ["\uE006"]},
		{"type": "bitmap","file": "mc_calamity:font/accessories/shovel.png","ascent": 8,"height": 9,"chars": ["\uE007"]},
		{"type": "bitmap","file": "mc_calamity:font/accessories/hoe.png","ascent": 8,"height": 9,"chars": ["\uE008"]},

		{"type": "bitmap","file": "mc_calamity:font/accessories/fishing_rod.png","ascent": 8,"height": 9,"chars": ["\uE009"]}
	]
}
