{
    "comment": "Seperate from Terraria Items because i don't think i would be able to keep up with it",
	"providers": [
		{"type": "bitmap","file": "mc_calamity:item/lore/eye_of_cthulhu.png","ascent": 5,"height": 10,"chars": ["\uA001"]},
		{"type": "bitmap","file": "mc_calamity:item/material/raw_demonite.png","ascent": 5,"height": 10,"chars": ["\uA002"]},
		{"type": "bitmap","file": "mc_calamity:item/material/raw_crimtane.png","ascent": 5,"height": 10,"chars": ["\uA003"]},
		{"type": "bitmap","file": "mc_calamity:item/unholy_arrow.png","ascent": 5,"height": 10,"chars": ["\uA004"]},
		{"type": "bitmap","file": "mc_calamity:item/weapon/deathstare_rod.png","ascent": 5,"height": 10,"chars": ["\uA005"]},
		{"type": "bitmap","file": "mc_calamity:item/teardrop_cleaver.png","ascent": 5,"height": 10,"chars": ["\uA006"]},
		{"type": "bitmap","file": "mc_calamity:font/icons/shield_of_cthulhu.png","ascent": 5,"height": 10,"chars": ["\uA007"]},
		{"type": "bitmap","file": "mc_calamity:item/lore/king_slime.png","ascent": 5,"height": 10,"chars": ["\uA008"]},
		{"type": "bitmap","file": "minecraft:item/slime_ball.png","ascent": 5,"height": 10,"chars": ["\uA009"]},
		{"type": "bitmap","file": "mc_calamity:item/ninja_helmet.png","ascent": 5,"height": 10,"chars": ["\uA010"]},
		{"type": "bitmap","file": "mc_calamity:item/ninja_chestplate.png","ascent": 5,"height": 10,"chars": ["\uA011"]},
		{"type": "bitmap","file": "mc_calamity:item/ninja_leggings.png","ascent": 5,"height": 10,"chars": ["\uA012"]},
		{"type": "bitmap","file": "mc_calamity:item/ninja_boots.png","ascent": 5,"height": 10,"chars": ["\uA013"]},
		{"type": "bitmap","file": "mc_calamity:item/slime_gun.png","ascent": 5,"height": 10,"chars": ["\uA014"]},
		{"type": "bitmap","file": "mc_calamity:item/crown_jewel.png","ascent": 5,"height": 10,"chars": ["\uA015"]},
		{"type": "bitmap","file": "mc_calamity:item/royal_gel.png","ascent": 5,"height": 10,"chars": ["\uA016"]},
		{"type": "bitmap","file": "mc_calamity:item/lore/desert_scourge.png","ascent": 5,"height": 10,"chars": ["\uA017"]},
		{"type": "bitmap","file": "minecraft:block/sand.png","ascent": 5,"height": 10,"chars": ["\uA018"]},
		{"type": "bitmap","file": "mc_calamity:item/material/sea_remains.png","ascent": 5,"height": 10,"chars": ["\uA019"]},
		{"type": "bitmap","file": "mc_calamity:item/sahara_slicer.png","ascent": 5,"height": 10,"chars": ["\uA020"]},
		{"type": "bitmap","file": "mc_calamity:item/barinade.png","ascent": 5,"height": 10,"chars": ["\uA021"]},
		{"type": "bitmap","file": "mc_calamity:item/sandstream_scepter.png","ascent": 5,"height": 10,"chars": ["\uA022"]},
		{"type": "bitmap","file": "mc_calamity:item/weapon/brittle_star_staff.png","ascent": 5,"height": 10,"chars": ["\uA023"]},
		{"type": "bitmap","file": "mc_calamity:item/scourge_of_the_desert.png","ascent": 5,"height": 10,"chars": ["\uA024"]},
		{"type": "bitmap","file": "mc_calamity:item/sand_cloak.png","ascent": 5,"height": 10,"chars": ["\uA025"]},
		{"type": "bitmap","file": "mc_calamity:item/ocean_crest.png","ascent": 5,"height": 10,"chars": ["\uA026"]},
		{"type": "bitmap","file": "mc_calamity:font/icons/aero_stone.png","ascent": 5,"height": 10,"chars": ["\uA027"]}
    ]
}