{
	"providers": [
        {"type": "space", "advances": {"\uE000": -150, " ": 1} },
		{"type": "bitmap","file": "mc_calamity:gui/manual/book/in_edge.png","ascent": 40,"height": 189,"chars": ["\uE001"]},
		{"type": "bitmap","file": "mc_calamity:gui/manual/book/in_main.png","ascent": 40,"height": 189,"chars": ["\uE002"]},
		{"type": "bitmap","file": "mc_calamity:gui/manual/book/out_edge.png","ascent": 40,"height": 189,"chars": ["\uE003"]},
		{"type": "bitmap","file": "mc_calamity:gui/manual/book/out_main.png","ascent": 40,"height": 189,"chars": ["\uE004"]},
		{"type": "bitmap","file": "mc_calamity:gui/manual/book/arrow_l.png","ascent": -122,"height": 10,"chars": ["\uE006"]},
		{"type": "bitmap","file": "mc_calamity:gui/manual/book/arrow_r.png","ascent": -122,"height": 10,"chars": ["\uE007"]},
		{"type": "bitmap","file": "mc_calamity:gui/manual/decals/soul_seeker.png","ascent": 28,"height": 31,"chars": ["\uE008"]},
		{"type": "bitmap","file": "mc_calamity:gui/manual/decals/page_heading.png","ascent": 27,"height": 27,"chars": ["\uE009"]},
		{"type": "bitmap","file": "mc_calamity:gui/manual/buttons/frame.png","ascent": -9,"height": 110,"chars": ["\uE010"]},
		{"type": "bitmap","file": "mc_calamity:gui/manual/decals/early_icon.png","ascent": 24,"height": 32,"chars": ["\uE011"]},
		{"type": "bitmap","file": "mc_calamity:gui/manual/decals/prehard_icon.png","ascent": 24,"height": 32,"chars": ["\uE012"]},
		{"type": "bitmap","file": "mc_calamity:gui/manual/decals/hard_icon.png","ascent": 24,"height": 32,"chars": ["\uE013"]},
		{"type": "bitmap","file": "mc_calamity:gui/manual/decals/posthard_icon.png","ascent": 24,"height": 32,"chars": ["\uE014"]},
		{"type": "bitmap","file": "mc_calamity:gui/manual/decals/blocks_icon.png","ascent": 24,"height": 32,"chars": ["\uE015"]},
		{"type": "bitmap","file": "mc_calamity:gui/manual/decals/bosses_icon.png","ascent": 24,"height": 32,"chars": ["\uE016"]},
		{"type": "bitmap","file": "mc_calamity:gui/manual/decals/events_icon.png","ascent": 24,"height": 32,"chars": ["\uE017"]},
		{"type": "bitmap","file": "mc_calamity:gui/manual/decals/world_icon.png","ascent": 24,"height": 32,"chars": ["\uE018"]},
		{"type": "bitmap","file": "mc_calamity:gui/manual/decals/other_icon.png","ascent": 24,"height": 32,"chars": ["\uE019"]},
		{"type": "bitmap","file": "mc_calamity:gui/manual/book/duel_edge.png","ascent": 40,"height": 189,"chars": ["\uE020"]},
		{"type": "bitmap","file": "mc_calamity:gui/manual/book/duel_main.png","ascent": 40,"height": 189,"chars": ["\uE021"]},
		{"type": "bitmap","file": "mc_calamity:gui/manual/book/arrow_l_duel.png","ascent": -122,"height": 10,"chars": ["\uE022"]},
		{"type": "bitmap","file": "mc_calamity:gui/manual/book/arrow_r_duel.png","ascent": -122,"height": 10,"chars": ["\uE023"]},
		{"type": "bitmap","file": "mc_calamity:gui/manual/book/boss_frame.png","ascent": 24,"height": 146,"chars": ["\uE024"]},
		{"type": "bitmap","file": "mc_calamity:gui/manual/book/boss_stat_frame.png","ascent": 43,"height": 146,"chars": ["\uE025"]},
        {"type": "space", "advances": {"\uE100": 7,"\uE101": 9,"\uE102": 19,"\uE103": 54,"\uE104": -103, "\uE105": 11, "\uE106": 2, "\uE107": 1, "\uE108": 11 , "\uE109": -110,
             "\uE110": -65, "\uE111": 22, "\uE112": 21, "\uE113":-280, "\uE114":-113, "\uE115":47, "\uE116":-59, "\uE117":45, "\uE118":-66, "\uE119": 22
        } },

		{"type": "bitmap","file": "mc_calamity:gui/manual/book/button.png","ascent": 12,"height": 12,"chars": ["\uA001"]},
		{"type": "bitmap","file": "mc_calamity:gui/manual/book/spacer_full.png","ascent": 9,"height": 9,"chars": ["\uA002"]},
		{"type": "bitmap","file": "mc_calamity:gui/manual/cover_buttons/book.png","ascent": 18,"height": 18,"chars": ["\uA003"]},
		{"type": "bitmap","file": "mc_calamity:gui/manual/cover_buttons/wiki.png","ascent": 18,"height": 18,"chars": ["\uA004"]},
		{"type": "bitmap","file": "mc_calamity:gui/manual/cover_buttons/modrinth.png","ascent": 18,"height": 18,"chars": ["\uA005"]},
		{"type": "bitmap","file": "mc_calamity:gui/manual/buttons/search_difficulty.png","ascent": 16,"height": 16,"chars": ["\uA006"]},
		{"type": "bitmap","file": "mc_calamity:gui/manual/buttons/search_filters.png","ascent": 16,"height": 16,"chars": ["\uA007"]},
		{"type": "bitmap","file": "mc_calamity:gui/manual/buttons/tab_early.png","ascent": 12,"height": 12,"chars": ["\uA008"]},
		{"type": "bitmap","file": "mc_calamity:gui/manual/buttons/tab_prehard.png","ascent": 12,"height": 12,"chars": ["\uA009"]},
		{"type": "bitmap","file": "mc_calamity:gui/manual/buttons/tab_hard.png","ascent": 12,"height": 12,"chars": ["\uA010"]},
		{"type": "bitmap","file": "mc_calamity:gui/manual/buttons/tab_posthard.png","ascent": 12,"height": 12,"chars": ["\uA011"]},
		{"type": "bitmap","file": "mc_calamity:gui/manual/buttons/tab_early_active.png","ascent": 12,"height": 13,"chars": ["\uA012"]},
		{"type": "bitmap","file": "mc_calamity:gui/manual/buttons/tab_prehard_active.png","ascent": 12,"height": 13,"chars": ["\uA013"]},
		{"type": "bitmap","file": "mc_calamity:gui/manual/buttons/tab_hard_active.png","ascent": 12,"height": 13,"chars": ["\uA014"]},
		{"type": "bitmap","file": "mc_calamity:gui/manual/buttons/tab_posthard_active.png","ascent": 12,"height": 13,"chars": ["\uA015"]},
		{"type": "bitmap","file": "mc_calamity:gui/manual/buttons/tab_blocks.png","ascent": 16,"height": 16,"chars": ["\uA016"]},
		{"type": "bitmap","file": "mc_calamity:gui/manual/buttons/tab_bosses.png","ascent": 16,"height": 16,"chars": ["\uA017"]},
		{"type": "bitmap","file": "mc_calamity:gui/manual/buttons/tab_events.png","ascent": 16,"height": 16,"chars": ["\uA018"]},
		{"type": "bitmap","file": "mc_calamity:gui/manual/buttons/tab_world.png","ascent": 16,"height": 16,"chars": ["\uA019"]},
		{"type": "bitmap","file": "mc_calamity:gui/manual/buttons/tab_other.png","ascent": 16,"height": 16,"chars": ["\uA020"]},
		{"type": "bitmap","file": "mc_calamity:gui/manual/buttons/tab_blocks_active.png","ascent": 15,"height": 16,"chars": ["\uA021"]},
		{"type": "bitmap","file": "mc_calamity:gui/manual/buttons/tab_bosses_active.png","ascent": 15,"height": 16,"chars": ["\uA022"]},
		{"type": "bitmap","file": "mc_calamity:gui/manual/buttons/tab_events_active.png","ascent": 15,"height": 16,"chars": ["\uA023"]},
		{"type": "bitmap","file": "mc_calamity:gui/manual/buttons/tab_world_active.png","ascent": 15,"height": 16,"chars": ["\uA024"]},
		{"type": "bitmap","file": "mc_calamity:gui/manual/buttons/tab_other_active.png","ascent": 15,"height": 16,"chars": ["\uA025"]},
		{"type": "bitmap","file": "mc_calamity:gui/manual/cover_buttons/update.png","ascent": 18,"height": 18,"chars": ["\uA026"]},
		{"type": "bitmap","file": "mc_calamity:gui/manual/cover_buttons/update_glow.png","ascent": 18,"height": 18,"chars": ["\uA027"]},
		{"type": "bitmap","file": "mc_calamity:gui/manual/buttons/boss_stat.png","ascent": 14,"height": 18,"chars": ["\uA028"]},

        {"type": "space", "advances": {"\uB000": 20,"\uB001": 9,"\uB003": 18,"\uC00a": 17,"\uB004": 25,"\uB005": 17,"\uB006": 15} },

		{"type": "bitmap","file": "mc_calamity:gui/manual/buttons/entry_blank.png","ascent": 16,"height": 16,"chars": ["\uC000"]},
		{"type": "bitmap","file": "mc_calamity:gui/manual/buttons/entry_blood_moon.png","ascent": 16,"height": 16,"chars": ["\uC001"]},
		{"type": "bitmap","file": "mc_calamity:gui/manual/buttons/entry_demon_altar.png","ascent": 16,"height": 16,"chars": ["\uC002"]},
		{"type": "bitmap","file": "mc_calamity:gui/manual/buttons/entry_desert_scourge.png","ascent": 16,"height": 16,"chars": ["\uC003"]},
		{"type": "bitmap","file": "mc_calamity:gui/manual/buttons/entry_eye_of_cthulhu.png","ascent": 16,"height": 16,"chars": ["\uC004"]},
		{"type": "bitmap","file": "mc_calamity:gui/manual/buttons/entry_fishing.png","ascent": 16,"height": 16,"chars": ["\uC005"]},
		{"type": "bitmap","file": "mc_calamity:gui/manual/buttons/entry_king_slime.png","ascent": 16,"height": 16,"chars": ["\uC006"]},
		{"type": "bitmap","file": "mc_calamity:gui/manual/buttons/entry_piggy_bank.png","ascent": 16,"height": 16,"chars": ["\uC007"]},
		{"type": "bitmap","file": "mc_calamity:gui/manual/buttons/entry_slime_rain.png","ascent": 16,"height": 16,"chars": ["\uC008"]},
		{"type": "bitmap","file": "mc_calamity:gui/manual/buttons/entry_sunken_sea.png","ascent": 16,"height": 16,"chars": ["\uC009"]},
		{"type": "bitmap","file": "mc_calamity:gui/manual/buttons/entry_tinkerers_workshop.png","ascent": 16,"height": 16,"chars": ["\uC010"]},
		{"type": "bitmap","file": "mc_calamity:gui/manual/buttons/entry_workbench.png","ascent": 16,"height": 16,"chars": ["\uC011"]},

		{"type": "bitmap","file": "mc_calamity:gui/manual/pages/workbench.png","ascent": 16,"height": 130,"chars": ["\uD001"]},
		{"type": "bitmap","file": "mc_calamity:gui/manual/pages/tinkering.png","ascent": 16,"height": 130,"chars": ["\uD002"]},
		{"type": "bitmap","file": "mc_calamity:gui/manual/pages/banking.png","ascent": 16,"height": 130,"chars": ["\uD003"]},
		{"type": "bitmap","file": "mc_calamity:gui/manual/pages/slime_rain.png","ascent": 16,"height": 130,"chars": ["\uD004"]},
		{"type": "bitmap","file": "mc_calamity:gui/manual/pages/blood_moon.png","ascent": 16,"height": 130,"chars": ["\uD005"]},
		{"type": "bitmap","file": "mc_calamity:gui/manual/pages/fishing_1.png","ascent": 16,"height": 130,"chars": ["\uD006"]},
		{"type": "bitmap","file": "mc_calamity:gui/manual/pages/fishing_2.png","ascent": 16,"height": 130,"chars": ["\uD007"]},
		{"type": "bitmap","file": "mc_calamity:gui/manual/pages/fishing_3.png","ascent": 16,"height": 130,"chars": ["\uD008"]},
		{"type": "bitmap","file": "mc_calamity:gui/manual/pages/sunken_sea.png","ascent": 16,"height": 130,"chars": ["\uD009"]},
		{"type": "bitmap","file": "mc_calamity:gui/manual/model/king_slime.png","ascent": -30,"height": 50,"chars": ["\uD010"]},
		{"type": "bitmap","file": "mc_calamity:gui/manual/model/eye_of_cthulhu.png","ascent": -30,"height": 50,"chars": ["\uD011"]},
		{"type": "bitmap","file": "mc_calamity:gui/manual/model/desert_scourge.png","ascent": -30,"height": 70,"chars": ["\uD012"]},
		{"type": "bitmap","file": "mc_calamity:gui/manual/pages/king_slime.png","ascent": 8,"height": 50,"chars": ["\uD013"]},
		{"type": "bitmap","file": "mc_calamity:gui/manual/pages/eye_of_cthulhu.png","ascent": 8,"height": 50,"chars": ["\uD014"]},
		{"type": "bitmap","file": "mc_calamity:gui/manual/pages/desert_scourge.png","ascent": 8,"height": 50,"chars": ["\uD015"]},
		{"type": "bitmap","file": "mc_calamity:gui/manual/pages/overworld.png","ascent": 16,"height": 130,"chars": ["\uD016"]}


    ]
}
