{
	"providers": [
		{"type": "bitmap","file": "mc_calamity:item/fishing_rod/wood_fishing_pole.png","ascent": 8,"height": 9,"chars": ["\uE000"]},
		{"type": "bitmap","file": "mc_calamity:item/material/antlion_mandible.png","ascent": 8,"height": 9,"chars": ["\uE001"]},
		{"type": "bitmap","file": "mc_calamity:item/material/illegal_gun_parts.png","ascent": 8,"height": 9,"chars": ["\uE002"]},
		{"type": "bitmap","file": "mc_calamity:item/sand_gun.png","ascent": 8,"height": 9,"chars": ["\uE003"]},
		{"type": "bitmap","file": "mc_calamity:font/icons/stormlion_mandible.png","ascent": 8,"height": 9,"chars": ["\uE004"]},
		{"type": "bitmap","file": "mc_calamity:item/desert_medallion.png","ascent": 8,"height": 9,"chars": ["\uE005"]},
		{"type": "bitmap","file": "mc_calamity:item/empty_bullet.png","ascent": 8,"height": 9,"chars": ["\uE006"]},
		{"type": "bitmap","file": "mc_calamity:item/golden_bullet.png","ascent": 8,"height": 9,"chars": ["\uE007"]},
		{"type": "bitmap","file": "mc_calamity:item/material/gold_dust.png","ascent": 8,"height": 9,"chars": ["\uE008"]},
		{"type": "bitmap","file": "mc_calamity:item/marksman_round.png","ascent": 8,"height": 9,"chars": ["\uE009"]},
		{"type": "bitmap","file": "mc_calamity:font/icons/blood_orb.png","ascent": 8,"height": 9,"chars": ["\uE010"]},
		{"type": "bitmap","file": "mc_calamity:item/crackshot_colt.png","ascent": 8,"height": 9,"chars": ["\uE011"]},
		{"type": "bitmap","file": "mc_calamity:item/material/sapphire.png","ascent": 8,"height": 9,"chars": ["\uE012"]},
		{"type": "bitmap","file": "mc_calamity:item/material/ruby.png","ascent": 8,"height": 9,"chars": ["\uE013"]},
		{"type": "bitmap","file": "mc_calamity:item/material/lonsdaleite.png","ascent": 8,"height": 9,"chars": ["\uE014"]},
		{"type": "bitmap","file": "mc_calamity:item/magic_mirror.png","ascent": 8,"height": 9,"chars": ["\uE015"]},
		{"type": "bitmap","file": "mc_calamity:item/gold_watch.png","ascent": 8,"height": 9,"chars": ["\uE016"]},
		{"type": "bitmap","file": "mc_calamity:item/platinum_watch.png","ascent": 8,"height": 9,"chars": ["\uE017"]},
		{"type": "bitmap","file": "mc_calamity:item/furnace.png","ascent": 8,"height": 9,"chars": ["\uE018"]},
		{"type": "bitmap","file": "mc_calamity:item/anvil.png","ascent": 8,"height": 9,"chars": ["\uE019"]},
		{"type": "bitmap","file": "mc_calamity:item/depth_meter.png","ascent": 8,"height": 9,"chars": ["\uE020"]},
		{"type": "bitmap","file": "mc_calamity:item/compass.png","ascent": 8,"height": 9,"chars": ["\uE021"]},
		{"type": "bitmap","file": "mc_calamity:item/gps.png","ascent": 8,"height": 9,"chars": ["\uE022"]},
		{"type": "bitmap","file": "mc_calamity:item/radar.png","ascent": 8,"height": 9,"chars": ["\uE023"]},
		{"type": "bitmap","file": "mc_calamity:item/tally_counter.png","ascent": 8,"height": 9,"chars": ["\uE024"]},
		{"type": "bitmap","file": "mc_calamity:item/lifeform_analyzer.png","ascent": 8,"height": 9,"chars": ["\uE025"]},
		{"type": "bitmap","file": "mc_calamity:item/rek_3000.png","ascent": 8,"height": 9,"chars": ["\uE026"]},
		{"type": "bitmap","file": "mc_calamity:item/material/raw_tungsten.png","ascent": 8,"height": 9,"chars": ["\uE027"]},
		{"type": "bitmap","file": "mc_calamity:item/material/tungsten_ingot.png","ascent": 8,"height": 9,"chars": ["\uE028"]},
		{"type": "bitmap","file": "mc_calamity:item/tungsten_helmet.png","ascent": 8,"height": 9,"chars": ["\uE029"]},
		{"type": "bitmap","file": "mc_calamity:item/tungsten_chestplate.png","ascent": 8,"height": 9,"chars": ["\uE030"]},
		{"type": "bitmap","file": "mc_calamity:item/tungsten_leggings.png","ascent": 8,"height": 9,"chars": ["\uE031"]},
		{"type": "bitmap","file": "mc_calamity:item/tungsten_boots.png","ascent": 8,"height": 9,"chars": ["\uE032"]},
		{"type": "bitmap","file": "mc_calamity:item/tungsten_sword.png","ascent": 8,"height": 9,"chars": ["\uE033"]},
		{"type": "bitmap","file": "mc_calamity:item/tungsten_axe.png","ascent": 8,"height": 9,"chars": ["\uE034"]},
		{"type": "bitmap","file": "mc_calamity:item/tungsten_pickaxe.png","ascent": 8,"height": 9,"chars": ["\uE035"]},
		{"type": "bitmap","file": "mc_calamity:item/tungsten_shovel.png","ascent": 8,"height": 9,"chars": ["\uE036"]},
		{"type": "bitmap","file": "mc_calamity:item/tungsten_hoe.png","ascent": 8,"height": 9,"chars": ["\uE037"]},
		{"type": "bitmap","file": "mc_calamity:item/material/raw_platinum.png","ascent": 8,"height": 9,"chars": ["\uE038"]},
		{"type": "bitmap","file": "mc_calamity:item/material/platinum_ingot.png","ascent": 8,"height": 9,"chars": ["\uE039"]},
		{"type": "bitmap","file": "mc_calamity:item/platinum_helmet.png","ascent": 8,"height": 9,"chars": ["\uE040"]},
		{"type": "bitmap","file": "mc_calamity:item/platinum_chestplate.png","ascent": 8,"height": 9,"chars": ["\uE041"]},
		{"type": "bitmap","file": "mc_calamity:item/platinum_leggings.png","ascent": 8,"height": 9,"chars": ["\uE042"]},
		{"type": "bitmap","file": "mc_calamity:item/platinum_boots.png","ascent": 8,"height": 9,"chars": ["\uE043"]},
		{"type": "bitmap","file": "mc_calamity:item/platinum_sword.png","ascent": 8,"height": 9,"chars": ["\uE044"]},
		{"type": "bitmap","file": "mc_calamity:item/platinum_axe.png","ascent": 8,"height": 9,"chars": ["\uE045"]},
		{"type": "bitmap","file": "mc_calamity:item/platinum_pickaxe.png","ascent": 8,"height": 9,"chars": ["\uE046"]},
		{"type": "bitmap","file": "mc_calamity:item/platinum_shovel.png","ascent": 8,"height": 9,"chars": ["\uE047"]},
		{"type": "bitmap","file": "mc_calamity:item/platinum_hoe.png","ascent": 8,"height": 9,"chars": ["\uE048"]},
		{"type": "bitmap","file": "mc_calamity:item/accessory/flipper.png","ascent": 8,"height": 9,"chars": ["\uE049"]},
		{"type": "bitmap","file": "mc_calamity:font/icons/diving_helmet.png","ascent": 8,"height": 9,"chars": ["\uE050"]},
		{"type": "bitmap","file": "mc_calamity:font/icons/diving_gear.png","ascent": 8,"height": 9,"chars": ["\uE051"]},
		{"type": "bitmap","file": "mc_calamity:item/copper_watch.png","ascent": 8,"height": 9,"chars": ["\uE052"]},
		{"type": "bitmap","file": "mc_calamity:item/tungsten_watch.png","ascent": 8,"height": 9,"chars": ["\uE053"]},
		{"type": "bitmap","file": "mc_calamity:font/icons/jellyfish_diving_gear.png","ascent": 8,"height": 9,"chars": ["\uE054"]},
		{"type": "bitmap","file": "mc_calamity:item/jellyfish_necklace.png","ascent": 8,"height": 9,"chars": ["\uE055"]},
		{"type": "bitmap","file": "mc_calamity:item/glowstick.png","ascent": 8,"height": 9,"chars": ["\uE056"]},
		{"type": "bitmap","file": "mc_calamity:item/sticky_glowstick.png","ascent": 8,"height": 9,"chars": ["\uE057"]},
		{"type": "bitmap","file": "mc_calamity:item/dps_meter.png","ascent": 8,"height": 9,"chars": ["\uE058"]},
		{"type": "bitmap","file": "mc_calamity:item/stopwatch.png","ascent": 8,"height": 9,"chars": ["\uE059"]},
		{"type": "bitmap","file": "mc_calamity:item/metal_detector.png","ascent": 8,"height": 9,"chars": ["\uE060"]},
		{"type": "bitmap","file": "mc_calamity:item/goblin_tech.png","ascent": 8,"height": 9,"chars": ["\uE061"]},
		{"type": "bitmap","file": "mc_calamity:item/throwing_brick.png","ascent": 8,"height": 9,"chars": ["\uE062"]},
		{"type": "bitmap","file": "mc_calamity:item/food/raw_crab.png","ascent": 8,"height": 9,"chars": ["\uE063"]},
		{"type": "bitmap","file": "mc_calamity:item/food/cooked_crab.png","ascent": 8,"height": 9,"chars": ["\uE064"]},
		{"type": "bitmap","file": "mc_calamity:item/food/crab_stew.png","ascent": 8,"height": 9,"chars": ["\uE065"]},
		{"type": "bitmap","file": "mc_calamity:item/food/marshmallow.png","ascent": 8,"height": 9,"chars": ["\uE066"]},
		{"type": "bitmap","file": "mc_calamity:item/marshmallow_on_a_stick.png","ascent": 8,"height": 9,"chars": ["\uE067"]},
		{"type": "bitmap","file": "mc_calamity:item/food/cooked_marshmallow.png","ascent": 8,"height": 9,"chars": ["\uE068"]},
		{"type": "bitmap","file": "mc_calamity:item/apple_juice.png","ascent": 8,"height": 9,"chars": ["\uE069"]},
		{"type": "bitmap","file": "mc_calamity:item/fruit_juice.png","ascent": 8,"height": 9,"chars": ["\uE070"]},
		{"type": "bitmap","file": "mc_calamity:item/food/fruit_salad.png","ascent": 8,"height": 9,"chars": ["\uE071"]},
		{"type": "bitmap","file": "mc_calamity:item/ice_skates.png","ascent": 8,"height": 9,"chars": ["\uE072"]},
		{"type": "bitmap","file": "mc_calamity:font/icons/arctic_diving_gear.png","ascent": 8,"height": 9,"chars": ["\uE073"]},
		{"type": "bitmap","file": "mc_calamity:item/accessory/hermes_boots.png","ascent": 8,"height": 9,"chars": ["\uE074"]},
		{"type": "bitmap","file": "mc_calamity:item/accessory/rocket_boots.png","ascent": 8,"height": 9,"chars": ["\uE075"]},
		{"type": "bitmap","file": "mc_calamity:item/accessory/spectre_boots.png","ascent": 8,"height": 9,"chars": ["\uE076"]},
		{"type": "bitmap","file": "mc_calamity:item/anklet_of_the_wind.png","ascent": 8,"height": 9,"chars": ["\uE077"]},
		{"type": "bitmap","file": "mc_calamity:item/aglet.png","ascent": 8,"height": 9,"chars": ["\uE078"]},
		{"type": "bitmap","file": "mc_calamity:item/lightning_boots.png","ascent": 8,"height": 9,"chars": ["\uE079"]},
		{"type": "bitmap","file": "mc_calamity:item/frostspark_boots.png","ascent": 8,"height": 9,"chars": ["\uE080"]},
		{"type": "bitmap","file": "mc_calamity:item/material/lens.png","ascent": 8,"height": 9,"chars": ["\uE081"]},
		{"type": "bitmap","file": "mc_calamity:item/material/black_lens.png","ascent": 8,"height": 9,"chars": ["\uE082"]},
		{"type": "bitmap","file": "mc_calamity:item/suspicious_looking_eye.png","ascent": 8,"height": 9,"chars": ["\uE083"]},
		{"type": "bitmap","file": "mc_calamity:font/icons/goggles.png","ascent": 8,"height": 9,"chars": ["\uE084"]},
		{"type": "bitmap","file": "mc_calamity:font/icons/sunglasses.png","ascent": 8,"height": 9,"chars": ["\uE085"]},
		{"type": "bitmap","file": "mc_calamity:item/material/raw_demonite.png","ascent": 8,"height": 9,"chars": ["\uE086"]},
		{"type": "bitmap","file": "mc_calamity:item/material/demonite_ingot.png","ascent": 8,"height": 9,"chars": ["\uE087"]},
		{"type": "bitmap","file": "mc_calamity:item/snow_ruffian_helmet.png","ascent": 8,"height": 9,"chars": ["\uE088"]},
		{"type": "bitmap","file": "mc_calamity:item/snow_ruffian_chestplate.png","ascent": 8,"height": 9,"chars": ["\uE089"]},
		{"type": "bitmap","file": "mc_calamity:item/snow_ruffian_leggings.png","ascent": 8,"height": 9,"chars": ["\uE090"]},
		{"type": "bitmap","file": "mc_calamity:item/snow_ruffian_boots.png","ascent": 8,"height": 9,"chars": ["\uE091"]},
		{"type": "bitmap","file": "mc_calamity:item/material/silk.png","ascent": 8,"height": 9,"chars": ["\uE092"]},
		{"type": "bitmap","file": "mc_calamity:item/desert_prowler_helmet.png","ascent": 8,"height": 9,"chars": ["\uE093"]},
		{"type": "bitmap","file": "mc_calamity:item/desert_prowler_chestplate.png","ascent": 8,"height": 9,"chars": ["\uE094"]},
		{"type": "bitmap","file": "mc_calamity:item/desert_prowler_leggings.png","ascent": 8,"height": 9,"chars": ["\uE095"]},
		{"type": "bitmap","file": "mc_calamity:item/desert_prowler_boots.png","ascent": 8,"height": 9,"chars": ["\uE096"]},
		{"type": "bitmap","file": "mc_calamity:item/material/sturdy_fossil.png","ascent": 8,"height": 9,"chars": ["\uE097"]},
		{"type": "bitmap","file": "mc_calamity:item/fossil_helmet.png","ascent": 8,"height": 9,"chars": ["\uE098"]},
		{"type": "bitmap","file": "mc_calamity:item/fossil_chestplate.png","ascent": 8,"height": 9,"chars": ["\uE099"]},
		{"type": "bitmap","file": "mc_calamity:item/fossil_leggings.png","ascent": 8,"height": 9,"chars": ["\uE100"]},
		{"type": "bitmap","file": "mc_calamity:item/fossil_boots.png","ascent": 8,"height": 9,"chars": ["\uE101"]},
		{"type": "bitmap","file": "mc_calamity:font/icons/soul_of_flight.png","ascent": 8,"height": 9,"chars": ["\uE102"]},
		{"type": "bitmap","file": "mc_calamity:font/icons/soul_of_light.png","ascent": 8,"height": 9,"chars": ["\uE103"]},
		{"type": "bitmap","file": "mc_calamity:font/icons/soul_of_night.png","ascent": 8,"height": 9,"chars": ["\uE104"]},
		{"type": "bitmap","file": "mc_calamity:font/icons/soul_of_might.png","ascent": 8,"height": 9,"chars": ["\uE105"]},
		{"type": "bitmap","file": "mc_calamity:font/icons/soul_of_sight.png","ascent": 8,"height": 9,"chars": ["\uE106"]},
		{"type": "bitmap","file": "mc_calamity:font/icons/soul_of_fright.png","ascent": 8,"height": 9,"chars": ["\uE107"]},
		{"type": "bitmap","file": "mc_calamity:item/cleansing_jelly.png","ascent": 8,"height": 9,"chars": ["\uE108"]},
		{"type": "bitmap","file": "mc_calamity:item/life_jelly.png","ascent": 8,"height": 9,"chars": ["\uE109"]},
		{"type": "bitmap","file": "mc_calamity:item/vital_jelly.png","ascent": 8,"height": 9,"chars": ["\uE110"]},
		{"type": "bitmap","file": "mc_calamity:item/grand_gelatin.png","ascent": 8,"height": 9,"chars": ["\uE111"]},
		{"type": "bitmap","file": "mc_calamity:item/amethyst_staff.png","ascent": 8,"height": 9,"chars": ["\uE112"]},
		{"type": "bitmap","file": "mc_calamity:item/emerald_staff.png","ascent": 8,"height": 9,"chars": ["\uE113"]},
		{"type": "bitmap","file": "mc_calamity:item/sapphire_staff.png","ascent": 8,"height": 9,"chars": ["\uE114"]},
		{"type": "bitmap","file": "mc_calamity:item/ruby_staff.png","ascent": 8,"height": 9,"chars": ["\uE115"]},
		{"type": "bitmap","file": "mc_calamity:item/diamond_staff.png","ascent": 8,"height": 9,"chars": ["\uE116"]},
		{"type": "bitmap","file": "mc_calamity:item/lonsdaleite_staff.png","ascent": 8,"height": 9,"chars": ["\uE117"]},
		{"type": "bitmap","file": "mc_calamity:item/cooking_pot.png","ascent": 8,"height": 9,"chars": ["\uE118"]},
		{"type": "bitmap","file": "mc_calamity:item/lights_bane.png","ascent": 8,"height": 9,"chars": ["\uE119"]},
		{"type": "bitmap","file": "mc_calamity:item/blood_butcherer.png","ascent": 8,"height": 9,"chars": ["\uE120"]},
		{"type": "bitmap","file": "mc_calamity:item/demon_bow.png","ascent": 8,"height": 9,"chars": ["\uE121"]},
		{"type": "bitmap","file": "mc_calamity:item/tendon_bow.png","ascent": 8,"height": 9,"chars": ["\uE122"]},
		{"type": "bitmap","file": "mc_calamity:item/material/raw_crimtane.png","ascent": 8,"height": 9,"chars": ["\uE123"]},
		{"type": "bitmap","file": "mc_calamity:item/material/crimtane_ingot.png","ascent": 8,"height": 9,"chars": ["\uE124"]},
		{"type": "bitmap","file": "mc_calamity:item/fish_finder.png","ascent": 8,"height": 9,"chars": ["\uE125"]},
		{"type": "bitmap","file": "mc_calamity:item/pda.png","ascent": 8,"height": 9,"chars": ["\uE126"]},
		{"type": "bitmap","file": "mc_calamity:item/cellphone.png","ascent": 8,"height": 9,"chars": ["\uE127"]},
		{"type": "bitmap","file": "mc_calamity:item/sextant.png","ascent": 8,"height": 9,"chars": ["\uE128"]},
		{"type": "bitmap","file": "mc_calamity:item/fishermans_pocket_guide.png","ascent": 8,"height": 9,"chars": ["\uE129"]},
		{"type": "bitmap","file": "mc_calamity:item/weather_radio.png","ascent": 8,"height": 9,"chars": ["\uE130"]},
		{"type": "bitmap","file": "mc_calamity:item/water_walking_boots.png","ascent": 8,"height": 9,"chars": ["\uE131"]},
		{"type": "bitmap","file": "mc_calamity:item/obsidian_rose.png","ascent": 8,"height": 9,"chars": ["\uE132"]},
		{"type": "bitmap","file": "mc_calamity:item/lava_charm.png","ascent": 8,"height": 9,"chars": ["\uE133"]},
		{"type": "bitmap","file": "mc_calamity:item/lava_waders.png","ascent": 8,"height": 9,"chars": ["\uE134"]},
		{"type": "bitmap","file": "mc_calamity:item/terraspark_boots.png","ascent": 8,"height": 9,"chars": ["\uE135"]},
		{"type": "bitmap","file": "mc_calamity:item/victide_helmet.png","ascent": 8,"height": 9,"chars": ["\uE136"]},
		{"type": "bitmap","file": "mc_calamity:item/victide_chestplate.png","ascent": 8,"height": 9,"chars": ["\uE137"]},
		{"type": "bitmap","file": "mc_calamity:item/victide_leggings.png","ascent": 8,"height": 9,"chars": ["\uE138"]},
		{"type": "bitmap","file": "mc_calamity:item/victide_boots.png","ascent": 8,"height": 9,"chars": ["\uE139"]},
		{"type": "bitmap","file": "mc_calamity:item/redtide_spear.png","ascent": 8,"height": 9,"chars": ["\uE140"]},
		{"type": "bitmap","file": "mc_calamity:item/coral_spout.png","ascent": 8,"height": 9,"chars": ["\uE141"]},
		{"type": "bitmap","file": "mc_calamity:item/reed_blowgun.png","ascent": 8,"height": 9,"chars": ["\uE142"]},
		{"type": "bitmap","file": "mc_calamity:item/fishbone_boomerang.png","ascent": 8,"height": 9,"chars": ["\uE143"]},
		{"type": "bitmap","file": "mc_calamity:item/material/sea_remains.png","ascent": 8,"height": 9,"chars": ["\uE144"]},
		{"type": "bitmap","file": "mc_calamity:item/bug_net.png","ascent": 8,"height": 9,"chars": ["\uE145"]},
		{"type": "bitmap","file": "mc_calamity:item/lavaproof_bug_net.png","ascent": 8,"height": 9,"chars": ["\uE146"]},
		{"type": "bitmap","file": "mc_calamity:item/bait/worm.png","ascent": 8,"height": 9,"chars": ["\uE147"]},
		{"type": "bitmap","file": "mc_calamity:item/bait/enchanted_nightcrawler.png","ascent": 8,"height": 9,"chars": ["\uE148"]},
		{"type": "bitmap","file": "mc_calamity:item/high_test_fishing_line.png","ascent": 8,"height": 9,"chars": ["\uE149"]},
		{"type": "bitmap","file": "mc_calamity:item/angler_earring.png","ascent": 8,"height": 9,"chars": ["\uE150"]},
		{"type": "bitmap","file": "mc_calamity:item/tackle_box.png","ascent": 8,"height": 9,"chars": ["\uE151"]},
		{"type": "bitmap","file": "mc_calamity:item/angler_tackle_bag.png","ascent": 8,"height": 9,"chars": ["\uE152"]},
		{"type": "bitmap","file": "mc_calamity:item/fishing_bobber/fishing_bobber.png","ascent": 8,"height": 9,"chars": ["\uE153"]},
		{"type": "bitmap","file": "mc_calamity:item/fishing_bobber/glowing_fishing_bobber.png","ascent": 8,"height": 9,"chars": ["\uE154"]},
		{"type": "bitmap","file": "mc_calamity:item/fishing_bobber/lava_moss_fishing_bobber.png","ascent": 8,"height": 9,"chars": ["\uE155"]},
		{"type": "bitmap","file": "mc_calamity:item/fishing_bobber/krypton_moss_fishing_bobber.png","ascent": 8,"height": 9,"chars": ["\uE156"]},
		{"type": "bitmap","file": "mc_calamity:item/fishing_bobber/xenon_moss_fishing_bobber.png","ascent": 8,"height": 9,"chars": ["\uE157"]},
		{"type": "bitmap","file": "mc_calamity:item/fishing_bobber/argon_moss_fishing_bobber.png","ascent": 8,"height": 9,"chars": ["\uE158"]},
		{"type": "bitmap","file": "mc_calamity:item/fishing_bobber/neon_moss_fishing_bobber.png","ascent": 8,"height": 9,"chars": ["\uE159"]},
		{"type": "bitmap","file": "mc_calamity:font/icons/helium_moss_fishing_bobber.png","ascent": 8,"height": 9,"chars": ["\uE160"]},
		{"type": "bitmap","file": "mc_calamity:item/loom.png","ascent": 8,"height": 9,"chars": ["\uE161"]},
		{"type": "bitmap","file": "mc_calamity:item/storm_surge.png","ascent": 8,"height": 9,"chars": ["\uE162"]},
		{"type": "bitmap","file": "mc_calamity:item/greatbay_pickaxe.png","ascent": 8,"height": 9,"chars": ["\uE163"]},
		{"type": "bitmap","file": "mc_calamity:item/reefclaw_hamaxe.png","ascent": 8,"height": 9,"chars": ["\uE164"]},
		{"type": "bitmap","file": "mc_calamity:item/urchin_mace.png","ascent": 8,"height": 9,"chars": ["\uE165"]},
		{"type": "bitmap","file": "mc_calamity:item/wulfrum_blunderbuss.png","ascent": 8,"height": 9,"chars": ["\uE166"]},
		{"type": "bitmap","file": "mc_calamity:item/wulfrum_digging_turtle.png","ascent": 8,"height": 9,"chars": ["\uE167"]},
		{"type": "bitmap","file": "mc_calamity:item/material/wulfrum_metal_scrap.png","ascent": 8,"height": 9,"chars": ["\uE168"]},
		{"type": "bitmap","file": "mc_calamity:item/wulfrum_drill.png","ascent": 8,"height": 9,"chars": ["\uE169"]},
		{"type": "bitmap","file": "mc_calamity:item/wulfrum_screwdriver.png","ascent": 8,"height": 9,"chars": ["\uE170"]},
		{"type": "bitmap","file": "mc_calamity:font/icons/wulfrum_prosthesis.png","ascent": 8,"height": 9,"chars": ["\uE171"]},
		{"type": "bitmap","file": "mc_calamity:item/aquamarine_staff.png","ascent": 8,"height": 9,"chars": ["\uE172"]},
		{"type": "bitmap","file": "mc_calamity:item/material/prism_shard.png","ascent": 8,"height": 9,"chars": ["\uE173"]},
		{"type": "bitmap","file": "mc_calamity:item/seashine_sword.png","ascent": 8,"height": 9,"chars": ["\uE174"]},
		{"type": "bitmap","file": "mc_calamity:item/riptide.png","ascent": 8,"height": 9,"chars": ["\uE175"]},
		{"type": "bitmap","file": "mc_calamity:item/potion/fishing_potion.png","ascent": 8,"height": 9,"chars": ["\uE176"]},
		{"type": "bitmap","file": "mc_calamity:item/potion/crate_potion.png","ascent": 8,"height": 9,"chars": ["\uE177"]},
		{"type": "bitmap","file": "mc_calamity:item/potion/sonar_potion.png","ascent": 8,"height": 9,"chars": ["\uE178"]},
		{"type": "bitmap","file": "mc_calamity:item/potion/wrath_potion.png","ascent": 8,"height": 9,"chars": ["\uE179"]},
		{"type": "bitmap","file": "mc_calamity:item/potion/magic_power_potion.png","ascent": 8,"height": 9,"chars": ["\uE180"]},
		{"type": "bitmap","file": "mc_calamity:item/potion/summoning_potion.png","ascent": 8,"height": 9,"chars": ["\uE181"]},
		{"type": "bitmap","file": "mc_calamity:item/potion/recall_potion.png","ascent": 8,"height": 9,"chars": ["\uE182"]},
		{"type": "bitmap","file": "mc_calamity:item/potion/teleportation_potion.png","ascent": 8,"height": 9,"chars": ["\uE183"]},
		{"type": "bitmap","file": "mc_calamity:item/potion/return_potion.png","ascent": 8,"height": 9,"chars": ["\uE184"]},
		{"type": "bitmap","file": "mc_calamity:item/potion/endurance_potion.png","ascent": 8,"height": 9,"chars": ["\uE185"]},
		{"type": "bitmap","file": "mc_calamity:item/potion/lifeforce_potion.png","ascent": 8,"height": 9,"chars": ["\uE186"]},
		{"type": "bitmap","file": "mc_calamity:item/flash_round.png","ascent": 8,"height": 9,"chars": ["\uE187"]},
		{"type": "bitmap","file": "mc_calamity:item/gilded_dagger.png","ascent": 8,"height": 9,"chars": ["\uE188"]},
		{"type": "bitmap","file": "mc_calamity:item/gleaming_dagger.png","ascent": 8,"height": 9,"chars": ["\uE189"]},
		{"type": "bitmap","file": "mc_calamity:item/starfury.png","ascent": 8,"height": 9,"chars": ["\uE190"]},
		{"type": "bitmap","file": "mc_calamity:item/wooden_yoyo.png","ascent": 8,"height": 9,"chars": ["\uE191"]},
		{"type": "bitmap","file": "mc_calamity:item/amazon.png","ascent": 8,"height": 9,"chars": ["\uE192"]},
		{"type": "bitmap","file": "mc_calamity:item/artery.png","ascent": 8,"height": 9,"chars": ["\uE193"]},
		{"type": "bitmap","file": "mc_calamity:item/malaise.png","ascent": 8,"height": 9,"chars": ["\uE194"]},
		{"type": "bitmap","file": "mc_calamity:item/raiders_talisman.png","ascent": 8,"height": 9,"chars": ["\uE195"]},
		{"type": "bitmap","file": "mc_calamity:item/crystalline.png","ascent": 8,"height": 9,"chars": ["\uE196"]},
		{"type": "bitmap","file": "mc_calamity:item/slime_crown.png","ascent": 8,"height": 9,"chars": ["\uE197"]},
		{"type": "bitmap","file": "mc_calamity:item/material/energy_core.png","ascent": 8,"height": 9,"chars": ["\uE198"]},
		{"type": "bitmap","file": "mc_calamity:item/grenade.png","ascent": 8,"height": 9,"chars": ["\uE199"]},
		{"type": "bitmap","file": "mc_calamity:item/feral_claws.png","ascent": 8,"height": 9,"chars": ["\uE200"]},
		{"type": "bitmap","file": "mc_calamity:item/wulfrum_knife.png","ascent": 8,"height": 9,"chars": ["\uE201"]},
		{"type": "bitmap","file": "mc_calamity:item/material/sea_prism.png","ascent": 8,"height": 9,"chars": ["\uE202"]},
		{"type": "bitmap","file": "mc_calamity:item/material/navystone_pebbles.png","ascent": 8,"height": 9,"chars": ["\uE203"]},
		{"type": "bitmap","file": "mc_calamity:item/pearl_shard.png","ascent": 8,"height": 9,"chars": ["\uE204"]},
		{"type": "bitmap","file": "mc_calamity:item/titan_glove.png","ascent": 8,"height": 9,"chars": ["\uE205"]},
		{"type": "bitmap","file": "mc_calamity:item/power_glove.png","ascent": 8,"height": 9,"chars": ["\uE206"]},
		{"type": "bitmap","file": "mc_calamity:item/lucky_horseshoe.png","ascent": 8,"height": 9,"chars": ["\uE207"]},
		{"type": "bitmap","file": "mc_calamity:item/accessory/flame_walker_boots.png","ascent": 8,"height": 9,"chars": ["\uE208"]},
		{"type": "bitmap","file": "mc_calamity:item/accessory/hellfire_treads.png","ascent": 8,"height": 9,"chars": ["\uE209"]},
		{"type": "bitmap","file": "mc_calamity:item/spelunker_glowstick.png","ascent": 8,"height": 9,"chars": ["\uE210"]},
		{"type": "bitmap","file": "mc_calamity:item/step_stool.png","ascent": 8,"height": 9,"chars": ["\uE211"]},
		{"type": "bitmap","file": "mc_calamity:item/lavaproof_fishing_hook.png","ascent": 8,"height": 9,"chars": ["\uE212"]},
		{"type": "bitmap","file": "mc_calamity:item/lavaproof_tackle_bag.png","ascent": 8,"height": 9,"chars": ["\uE213"]},
		{"type": "bitmap","file": "mc_calamity:item/fishing_rod/reinforced_fishing_pole.png","ascent": 8,"height": 9,"chars": ["\uE214"]},
		{"type": "bitmap","file": "mc_calamity:item/fishing_rod/fisher_of_souls.png","ascent": 8,"height": 9,"chars": ["\uE215"]},
		{"type": "bitmap","file": "mc_calamity:item/fishing_rod/fleshcatcher.png","ascent": 8,"height": 9,"chars": ["\uE216"]},
		{"type": "bitmap","file": "mc_calamity:item/fishing_rod/scarab_fishing_rod.png","ascent": 8,"height": 9,"chars": ["\uE217"]},
		{"type": "bitmap","file": "mc_calamity:item/fishing_rod/chum_caster.png","ascent": 8,"height": 9,"chars": ["\uE218"]},
		{"type": "bitmap","file": "mc_calamity:item/fishing_rod/fiberglass_fishing_pole.png","ascent": 8,"height": 9,"chars": ["\uE219"]},
		{"type": "bitmap","file": "mc_calamity:item/fishing_rod/mechanics_rod.png","ascent": 8,"height": 9,"chars": ["\uE220"]},
		{"type": "bitmap","file": "mc_calamity:item/fishing_rod/sitting_ducks_fishing_pole.png","ascent": 8,"height": 9,"chars": ["\uE221"]},
		{"type": "bitmap","file": "mc_calamity:item/fishing_rod/hotline_fishing_hook.png","ascent": 8,"height": 9,"chars": ["\uE222"]},
		{"type": "bitmap","file": "mc_calamity:item/fishing_rod/golden_fishing_rod.png","ascent": 8,"height": 9,"chars": ["\uE223"]},
		{"type": "bitmap","file": "mc_calamity:item/fishing_rod/wulfrum_fishing_pole.png","ascent": 8,"height": 9,"chars": ["\uE224"]},
		{"type": "bitmap","file": "mc_calamity:item/fishing_rod/navy_fishing_rod.png","ascent": 8,"height": 9,"chars": ["\uE225"]},
		{"type": "bitmap","file": "mc_calamity:item/fishing_rod/heron_rod.png","ascent": 8,"height": 9,"chars": ["\uE226"]},
		{"type": "bitmap","file": "mc_calamity:item/fishing_rod/slurper_pole.png","ascent": 8,"height": 9,"chars": ["\uE227"]},
		{"type": "bitmap","file": "mc_calamity:item/fishing_rod/verstaltite_fishing_rod.png","ascent": 8,"height": 9,"chars": ["\uE228"]},
		{"type": "bitmap","file": "mc_calamity:item/fishing_rod/feral_double_rod.png","ascent": 8,"height": 9,"chars": ["\uE229"]},
		{"type": "bitmap","file": "mc_calamity:item/fishing_rod/rift_reeler.png","ascent": 8,"height": 9,"chars": ["\uE230"]},
		{"type": "bitmap","file": "mc_calamity:item/fishing_rod/early_bloom_rod.png","ascent": 8,"height": 9,"chars": ["\uE231"]},
		{"type": "bitmap","file": "mc_calamity:item/fishing_rod/the_devourer_of_cods.png","ascent": 8,"height": 9,"chars": ["\uE232"]},
		{"type": "bitmap","file": "mc_calamity:item/calamity_painting.png","ascent": 8,"height": 9,"chars": ["\uE233"]},
		{"type": "bitmap","file": "mc_calamity:item/piggy_bank.png","ascent": 8,"height": 9,"chars": ["\uE234"]},
		{"type": "bitmap","file": "mc_calamity:item/fossil_pickaxe.png","ascent": 8,"height": 9,"chars": ["\uE235"]},
		{"type": "bitmap","file": "mc_calamity:item/bone_throwing_knife.png","ascent": 8,"height": 9,"chars": ["\uE236"]},
		{"type": "bitmap","file": "mc_calamity:item/bone_javelin.png","ascent": 8,"height": 9,"chars": ["\uE237"]},
		{"type": "bitmap","file": "mc_calamity:item/snowsifter_hoe.png","ascent": 8,"height": 9,"chars": ["\uE238"]},
		{"type": "bitmap","file": "mc_calamity:item/tideclam_shovel.png","ascent": 8,"height": 9,"chars": ["\uE239"]},
		{"type": "bitmap","file": "mc_calamity:item/fish/trout.png","ascent": 8,"height": 9,"chars": ["\uE240"]},
		{"type": "bitmap","file": "mc_calamity:item/food/cooked_fish.png","ascent": 8,"height": 9,"chars": ["\uE241"]},
		{"type": "bitmap","file": "mc_calamity:item/fish/flarefin_koi.png","ascent": 8,"height": 9,"chars": ["\uE242"]},
		{"type": "bitmap","file": "mc_calamity:item/food/seafood_dinner.png","ascent": 8,"height": 9,"chars": ["\uE243"]},
		{"type": "bitmap","file": "mc_calamity:item/accessory/sailfish_boots.png","ascent": 8,"height": 9,"chars": ["\uE244"]},
		{"type": "bitmap","file": "mc_calamity:item/accessory/frog_leg.png","ascent": 8,"height": 9,"chars": ["\uE245"]},
		{"type": "bitmap","file": "mc_calamity:item/accessory/amphibian_boots.png","ascent": 8,"height": 9,"chars": ["\uE246"]},
		{"type": "bitmap","file": "mc_calamity:item/accessory/frog_flipper.png","ascent": 8,"height": 9,"chars": ["\uE247"]},
		{"type": "bitmap","file": "mc_calamity:item/accessory/flower_boots.png","ascent": 8,"height": 9,"chars": ["\uE248"]},
		{"type": "bitmap","file": "mc_calamity:item/accessory/fairy_boots.png","ascent": 8,"height": 9,"chars": ["\uE249"]},
		{"type": "bitmap","file": "mc_calamity:item/weapon/wulfrum_controller.png","ascent": 8,"height": 9,"chars": ["\uE250"]},
		{"type": "bitmap","file": "mc_calamity:item/bladeofgrass.png","ascent": 8,"height": 9,"chars": ["\uE251"]},
		{"type": "bitmap","file": "mc_calamity:item/coin_of_deceit.png","ascent": 8,"height": 9,"chars": ["\uE252"]},
		{"type": "bitmap","file": "mc_calamity:font/icons/evil_ingot.png","ascent": 8,"height": 9,"chars": ["\uE253"]},
		{"type": "bitmap","file": "mc_calamity:item/wet_bomb.png","ascent": 8,"height": 9,"chars": ["\uE254"]},
		{"type": "bitmap","file": "mc_calamity:item/dry_bomb.png","ascent": 8,"height": 9,"chars": ["\uE255"]},
		{"type": "bitmap","file": "mc_calamity:item/lava_bomb.png","ascent": 8,"height": 9,"chars": ["\uE256"]},
		{"type": "bitmap","file": "mc_calamity:item/honey_bomb.png","ascent": 8,"height": 9,"chars": ["\uE257"]},
		{"type": "bitmap","file": "mc_calamity:item/seafoam_bomb.png","ascent": 8,"height": 9,"chars": ["\uE258"]},
		{"type": "bitmap","file": "mc_calamity:item/fish/armored_cavefish.png", "ascent": 8,"height": 9,"chars": ["\uE259"]},
		{"type": "bitmap","file": "mc_calamity:item/bait/blue_jellyfish.png", "ascent": 8,"height": 9,"chars": ["\uE260"]},
		{"type": "bitmap","file": "mc_calamity:item/fish/chaos_fish.png", "ascent": 8,"height": 9,"chars": ["\uE261"]},
		{"type": "bitmap","file": "mc_calamity:item/fish/coastal_demonfish.png", "ascent": 8,"height": 9,"chars": ["\uE262"]},
		{"type": "bitmap","file": "mc_calamity:item/fish/crag_bullhead.png", "ascent": 8,"height": 9,"chars": ["\uE263"]},
		{"type": "bitmap","file": "mc_calamity:item/fish/crimson_tigerfish.png", "ascent": 8,"height": 9,"chars": ["\uE264"]},
		{"type": "bitmap","file": "mc_calamity:item/fish/damselfish.png", "ascent": 8,"height": 9,"chars": ["\uE265"]},
		{"type": "bitmap","file": "mc_calamity:item/fish/double_cod.png", "ascent": 8,"height": 9,"chars": ["\uE266"]},
		{"type": "bitmap","file": "mc_calamity:item/fish/ebonkoi.png", "ascent": 8,"height": 9,"chars": ["\uE267"]},
		{"type": "bitmap","file": "mc_calamity:item/fish/flarefin_koi.png", "ascent": 8,"height": 9,"chars": ["\uE268"]},
		{"type": "bitmap","file": "mc_calamity:item/fish/frost_minnow.png", "ascent": 8,"height": 9,"chars": ["\uE269"]},
		{"type": "bitmap","file": "mc_calamity:item/bait/green_jellyfish.png", "ascent": 8,"height": 9,"chars": ["\uE270"]},
		{"type": "bitmap","file": "mc_calamity:item/fish/hemopiranha.png", "ascent": 8,"height": 9,"chars": ["\uE271"]},
		{"type": "bitmap","file": "mc_calamity:item/fish/honeyfin.png", "ascent": 8,"height": 9,"chars": ["\uE272"]},
		{"type": "bitmap","file": "mc_calamity:item/fish/mutant_flinxfin.png", "ascent": 8,"height": 9,"chars": ["\uE273"]},
		{"type": "bitmap","file": "mc_calamity:item/fish/obsidifish.png", "ascent": 8,"height": 9,"chars": ["\uE274"]},
		{"type": "bitmap","file": "mc_calamity:item/bait/pink_jellyfish.png", "ascent": 8,"height": 9,"chars": ["\uE275"]},
		{"type": "bitmap","file": "mc_calamity:item/fish/princess_fish.png", "ascent": 8,"height": 9,"chars": ["\uE276"]},
		{"type": "bitmap","file": "mc_calamity:item/fish/prismite.png", "ascent": 8,"height": 9,"chars": ["\uE277"]},
		{"type": "bitmap","file": "mc_calamity:item/fish/rock_lobster.png", "ascent": 8,"height": 9,"chars": ["\uE278"]},
		{"type": "bitmap","file": "mc_calamity:item/fish/shadowfish.png", "ascent": 8,"height": 9,"chars": ["\uE279"]},
		{"type": "bitmap","file": "mc_calamity:item/fish/shrimp.png", "ascent": 8,"height": 9,"chars": ["\uE280"]},
		{"type": "bitmap","file": "mc_calamity:item/fish/specular_fish.png", "ascent": 8,"height": 9,"chars": ["\uE281"]},
		{"type": "bitmap","file": "mc_calamity:item/fish/stink_fish.png", "ascent": 8,"height": 9,"chars": ["\uE282"]},
		{"type": "bitmap","file": "mc_calamity:item/fish/sunken_sailfish.png", "ascent": 8,"height": 9,"chars": ["\uE283"]},
		{"type": "bitmap","file": "mc_calamity:item/fish/variegated_lardfish.png", "ascent": 8,"height": 9,"chars": ["\uE284"]},
		{"type": "bitmap","file": "mc_calamity:item/fish/aldebaran_alewife.png", "ascent": 8,"height": 9,"chars": ["\uE285"]},
		{"type": "bitmap","file": "mc_calamity:item/wulfrum_helmet.png", "ascent": 8,"height": 9,"chars": ["\uE286"]},
		{"type": "bitmap","file": "mc_calamity:item/wulfrum_chestplate.png", "ascent": 8,"height": 9,"chars": ["\uE287"]},
		{"type": "bitmap","file": "mc_calamity:item/wulfrum_leggings.png", "ascent": 8,"height": 9,"chars": ["\uE288"]},
		{"type": "bitmap","file": "mc_calamity:item/wulfrum_boots.png", "ascent": 8,"height": 9,"chars": ["\uE289"]},
		{"type": "bitmap","file": "mc_calamity:item/compass/sunken_compass_00.png", "ascent": 8,"height": 9,"chars": ["\uE290"]},
		{"type": "bitmap","file": "mc_calamity:item/food/bowl_of_soup.png", "ascent": 8,"height": 9,"chars": ["\uE291"]},
		{"type": "bitmap","file": "mc_calamity:item/item_updater_default.png", "ascent": 8,"height": 9,"chars": ["\uE292"]},
		{"type": "bitmap","file": "mc_calamity:item/manual.png", "ascent": 8,"height": 9,"chars": ["\uE293"]}
	]
}
