{
	"textures": {
		"0": "tcc:entity/enchanter/book",
		"particle": "#0"
	},
	"elements": [
		{
			"from": [2, 0, 3],
			"to": [8, 0, 13],
			"rotation": {"angle": -22.5, "axis": "z", "origin": [8, 0, 13]},
			"faces": {
				"up": {"uv": [11, 0, 8, 5], "texture": "#0"},
				"down": {"uv": [11, 0, 14, 5], "texture": "#0"}
			}
		},
		{
			"from": [8, 0, 3],
			"to": [14, 0, 13],
			"rotation": {"angle": 22.5, "axis": "z", "origin": [8, 0, 13]},
			"faces": {
				"up": {"uv": [3, 0, 0, 5], "texture": "#0"},
				"down": {"uv": [3, 0, 6, 5], "texture": "#0"}
			}
		},
		{
			"from": [8.4, 0, 4],
			"to": [13.4, 1, 12],
			"rotation": {"angle": 22.5, "axis": "z", "origin": [8, 0, 13]},
			"faces": {
				"north": {"uv": [0.5, 5, 3, 5.5], "rotation": 90, "texture": "#0"},
				"east": {"uv": [0, 5.5, 0.5, 9.5], "rotation": 270, "texture": "#0"},
				"south": {"uv": [0.5, 5, 3, 5.5], "rotation": 270, "texture": "#0"},
				"west": {"uv": [0, 5.5, 0.5, 9.5], "rotation": 90, "texture": "#0"},
				"up": {"uv": [6, 5.5, 3.5, 9.5], "texture": "#0"}
			}
		},
		{
			"from": [2.6, 0, 4],
			"to": [7.6, 1, 12],
			"rotation": {"angle": -22.5, "axis": "z", "origin": [8, 0, 13]},
			"faces": {
				"north": {"uv": [0.5, 5, 3, 5.5], "rotation": 90, "texture": "#0"},
				"east": {"uv": [3, 5.5, 3.5, 9.5], "rotation": 270, "texture": "#0"},
				"south": {"uv": [0.5, 5, 3, 5.5], "rotation": 270, "texture": "#0"},
				"west": {"uv": [3, 5.5, 3.5, 9.5], "rotation": 90, "texture": "#0"},
				"up": {"uv": [3, 5.5, 0.5, 9.5], "texture": "#0"}
			}
		}
	],
	"display": {
		"ground": {
			"rotation": [-20, -180, 0],
			"translation": [0, 7.5, 4],
			"scale": [0.94, 0.94, 0.94]
		}
	}
}