{
	"credit": "Made with Blockbench",
	"parent": "mc_calamity:item/template/headgear",
	"texture_size": [32, 32],
	"textures": {
		"2": "mc_calamity:item/armor/diving_helmet_on_head"
	},
	"elements": [
		{
			"from": [4, 4, 4],
			"to": [12, 12, 12],
			"faces": {
				"north": {"uv": [0, 0, 4, 4], "texture": "#2"},
				"east": {"uv": [0, 4, 4, 8], "texture": "#2"},
				"south": {"uv": [4, 0, 8, 4], "texture": "#2"},
				"west": {"uv": [4, 4, 8, 8], "texture": "#2"},
				"up": {"uv": [4, 12, 0, 8], "texture": "#2"},
				"down": {"uv": [12, 0, 8, 4], "texture": "#2"}
			}
		},
		{
			"from": [3, 5, 5],
			"to": [4, 11, 11],
			"faces": {
				"north": {"uv": [5, 11, 5.5, 14], "texture": "#2"},
				"south": {"uv": [5.5, 11, 6, 14], "texture": "#2"},
				"west": {"uv": [7, 8, 10, 11], "texture": "#2"},
				"up": {"uv": [6.5, 14, 6, 11], "texture": "#2"},
				"down": {"uv": [7, 11, 6.5, 14], "texture": "#2"}
			}
		},
		{
			"from": [12, 5, 5],
			"to": [13, 11, 11],
			"rotation": {"angle": 0, "axis": "y", "origin": [16, 0, 0]},
			"faces": {
				"north": {"uv": [10.5, 8, 11, 11], "texture": "#2"},
				"east": {"uv": [8, 4, 11, 7], "texture": "#2"},
				"south": {"uv": [4, 11, 4.5, 14], "texture": "#2"},
				"up": {"uv": [11.5, 7, 11, 4], "texture": "#2"},
				"down": {"uv": [5, 11, 4.5, 14], "texture": "#2"}
			}
		},
		{
			"from": [5, 5, 3.5],
			"to": [11, 11, 4.5],
			"faces": {
				"north": {"uv": [4, 8, 7, 11], "texture": "#2"},
				"east": {"uv": [10, 7, 10.5, 10], "texture": "#2"},
				"west": {"uv": [10, 10, 10.5, 13], "texture": "#2"},
				"up": {"uv": [13.5, 7.5, 10.5, 7], "texture": "#2"},
				"down": {"uv": [13.5, 7.5, 10.5, 8], "texture": "#2"}
			}
		},
		{
			"from": [8.75, 6, 3.25],
			"to": [9.25, 10, 3.75],
			"faces": {
				"north": {"uv": [7, 11, 7.5, 13], "texture": "#2"},
				"east": {"uv": [7.5, 11, 8, 13], "texture": "#2"},
				"west": {"uv": [8, 11, 8.5, 13], "texture": "#2"}
			}
		},
		{
			"from": [6.75, 6, 3.25],
			"to": [7.25, 10, 3.75],
			"faces": {
				"north": {"uv": [11, 8, 11.5, 10], "texture": "#2"},
				"east": {"uv": [8.5, 11, 9, 13], "texture": "#2"},
				"west": {"uv": [9, 11, 9.5, 13], "texture": "#2"}
			}
		},
		{
			"from": [6, 6.75, 3.5],
			"to": [10, 7.25, 4],
			"rotation": {"angle": 0, "axis": "z", "origin": [8, 8, 6]},
			"faces": {
				"north": {"uv": [8, 7, 10, 7.5], "texture": "#2"},
				"up": {"uv": [10, 8, 8, 7.5], "texture": "#2"},
				"down": {"uv": [13, 10, 11, 10.5], "texture": "#2"}
			}
		},
		{
			"from": [6, 8.75, 3.5],
			"to": [10, 9.25, 4],
			"rotation": {"angle": 0, "axis": "z", "origin": [8, 8, 6]},
			"faces": {
				"north": {"uv": [10.5, 11, 12.5, 11.5], "texture": "#2"},
				"up": {"uv": [13, 11, 11, 10.5], "texture": "#2"},
				"down": {"uv": [13.5, 4, 11.5, 4.5], "texture": "#2"}
			}
		}
	],
	"groups": [
		0,
		1,
		2,
		{
			"name": "group",
			"origin": [8, 8, 6],
			"color": 0,
			"nbt": "{}",
			"children": [3, 4, 5, 6, 7]
		}
	]
}
