{
	"credit": "Made with Blockbench",
	"parent": "mc_calamity:item/template/headgear",
	"texture_size": [32, 32],
	"textures": {
		"2": "mc_calamity:item/armor/diving_gear_on_head"
	},
	"elements": [
		{
			"from": [4, 4, 4],
			"to": [12, 12, 12],
			"faces": {
				"north": {"uv": [0, 0, 4, 4], "texture": "#2"},
				"east": {"uv": [0, 4, 4, 8], "texture": "#2"},
				"south": {"uv": [4, 0, 8, 4], "texture": "#2"},
				"west": {"uv": [4, 4, 8, 8], "texture": "#2"},
				"up": {"uv": [4, 12, 0, 8], "texture": "#2"},
				"down": {"uv": [12, 0, 8, 4], "texture": "#2"}
			}
		},
		{
			"from": [4.5, 6, 3.25],
			"to": [11.5, 10, 4.25],
			"faces": {
				"north": {"uv": [4, 8, 7.5, 10], "texture": "#2"},
				"east": {"uv": [9.5, 7, 10, 9], "texture": "#2"},
				"west": {"uv": [8, 9.5, 8.5, 11.5], "texture": "#2"},
				"up": {"uv": [13, 4.5, 9.5, 4], "texture": "#2"},
				"down": {"uv": [13, 4.5, 9.5, 5], "texture": "#2"}
			}
		},
		{
			"from": [6.5, 4, 3],
			"to": [9.5, 6, 4],
			"faces": {
				"north": {"uv": [9.5, 5, 11, 6], "texture": "#2"},
				"east": {"uv": [7, 10, 7.5, 11], "texture": "#2"},
				"west": {"uv": [10, 8, 10.5, 9], "texture": "#2"},
				"up": {"uv": [10, 10, 8.5, 9.5], "texture": "#2"},
				"down": {"uv": [11, 9, 9.5, 9.5], "texture": "#2"}
			}
		},
		{
			"from": [3.5, 4.5, 3.25],
			"to": [6.5, 5.5, 4.25],
			"faces": {
				"north": {"uv": [4, 10, 5.5, 10.5], "texture": "#2"},
				"east": {"uv": [9.5, 10, 10, 10.5], "texture": "#2"},
				"south": {"uv": [5.5, 10, 7, 10.5], "texture": "#2"},
				"west": {"uv": [10, 9.5, 10.5, 10], "texture": "#2"},
				"up": {"uv": [11.5, 7.5, 10, 7], "texture": "#2"},
				"down": {"uv": [11.5, 7.5, 10, 8], "texture": "#2"}
			}
		},
		{
			"from": [3.5, 5.5, 3.25],
			"to": [4.5, 16.5, 4.25],
			"faces": {
				"north": {"uv": [8, 4, 8.5, 9.5], "texture": "#2"},
				"east": {"uv": [7.5, 8, 8, 13.5], "texture": "#2"},
				"south": {"uv": [8.5, 4, 9, 9.5], "texture": "#2"},
				"west": {"uv": [9, 4, 9.5, 9.5], "texture": "#2"},
				"up": {"uv": [10.5, 10.5, 10, 10], "texture": "#2"},
				"down": {"uv": [4.5, 10.5, 4, 11], "texture": "#2"}
			}
		},
		{
			"from": [5.5, 9, 3.25],
			"to": [10.5, 7, 4.25],
			"faces": {
				"east": {"uv": [8.5, 10, 9, 11], "texture": "#2"},
				"west": {"uv": [9, 10, 9.5, 11], "texture": "#2"},
				"up": {"uv": [12, 6.5, 9.5, 6], "texture": "#2"},
				"down": {"uv": [12, 6.5, 9.5, 7], "texture": "#2"}
			}
		}
	]
}
