{
	"credit": "Made with Blockbench",
	"parent": "mc_calamity:item/template/headgear",
	"texture_size": [32, 32],
	"textures": {
		"0": "mc_calamity:item/armor/jellyfish_diving_gear_on_head",
		"particle": "mc_calamity:item/armor/jellyfish_diving_gear_on_head"
	},
	"elements": [
		{
			"from": [4, 4, 4],
			"to": [12, 12, 12],
			"faces": {
				"north": {"uv": [0, 0, 4, 4], "texture": "#0"},
				"east": {"uv": [0, 4, 4, 8], "texture": "#0"},
				"south": {"uv": [4, 0, 8, 4], "texture": "#0"},
				"west": {"uv": [4, 4, 8, 8], "texture": "#0"},
				"up": {"uv": [4, 12, 0, 8], "texture": "#0"},
				"down": {"uv": [12, 0, 8, 4], "texture": "#0"}
			}
		},
		{
			"from": [5, 5, 3],
			"to": [11, 11, 4],
			"faces": {
				"north": {"uv": [4, 8, 7, 11], "texture": "#0"},
				"east": {"uv": [8.5, 4, 9, 7], "texture": "#0"},
				"west": {"uv": [8.5, 7, 9, 10], "texture": "#0"},
				"up": {"uv": [12, 4.5, 9, 4], "texture": "#0"},
				"down": {"uv": [12, 4.5, 9, 5], "texture": "#0"}
			}
		},
		{
			"from": [6.5, 3.75, 2.75],
			"to": [9.5, 5.75, 4],
			"faces": {
				"north": {"uv": [9, 5, 10.5, 6], "texture": "#0"},
				"east": {"uv": [8.5, 10, 9, 11], "texture": "#0"},
				"south": {"uv": [9, 6, 10.5, 7], "texture": "#0"},
				"west": {"uv": [9, 10, 9.5, 11], "texture": "#0"},
				"up": {"uv": [10.5, 7.5, 9, 7], "texture": "#0"},
				"down": {"uv": [10.5, 7.5, 9, 8], "texture": "#0"}
			}
		},
		{
			"from": [9.5, 4.25, 3.25],
			"to": [12.5, 5.25, 4.25],
			"rotation": {"angle": 0, "axis": "y", "origin": [16, 0, 0]},
			"faces": {
				"north": {"uv": [9, 8, 10.5, 8.5], "texture": "#0"},
				"east": {"uv": [9.5, 10, 10, 10.5], "texture": "#0"},
				"south": {"uv": [9, 8.5, 10.5, 9], "texture": "#0"},
				"west": {"uv": [10, 10, 10.5, 10.5], "texture": "#0"},
				"up": {"uv": [10.5, 9.5, 9, 9], "texture": "#0"},
				"down": {"uv": [10.5, 9.5, 9, 10], "texture": "#0"}
			}
		},
		{
			"from": [11.5, 4.5, 3.25],
			"to": [12.5, 11.5, 4.25],
			"rotation": {"angle": -22.5, "axis": "z", "origin": [12, 5, 3.75]},
			"faces": {
				"north": {"uv": [8, 4, 8.5, 7.5], "texture": "#0"},
				"east": {"uv": [7, 8, 7.5, 11.5], "texture": "#0"},
				"south": {"uv": [7.5, 8, 8, 11.5], "texture": "#0"},
				"west": {"uv": [8, 7.5, 8.5, 11], "texture": "#0"},
				"up": {"uv": [11, 5.5, 10.5, 5], "texture": "#0"},
				"down": {"uv": [11, 5.5, 10.5, 6], "texture": "#0"}
			}
		}
	]
}
