{
  "model": {
    "type": "minecraft:composite",
    "models": [
      {
        "type": "minecraft:range_dispatch",
        "property": "minecraft:custom_model_data",
        "entries": [
          {
            "threshold": 0,
            "model": {
              "type": "minecraft:condition",
              "property": "minecraft:custom_model_data",
              "on_false": {
                "type": "minecraft:model",
                "model": "tcc:entity/sprouter/neck/stage_0/normal"
              },
              "on_true": {
                "type": "minecraft:model",
                "model": "tcc:entity/sprouter/neck/stage_0/hurt"
              }
            }
          },
          {
            "threshold": 1,
            "model": {
              "type": "minecraft:condition",
              "property": "minecraft:custom_model_data",
              "on_false": {
                "type": "minecraft:model",
                "model": "tcc:entity/sprouter/neck/stage_1/normal"
              },
              "on_true": {
                "type": "minecraft:model",
                "model": "tcc:entity/sprouter/neck/stage_1/hurt"
              }
            }
          },
          {
            "threshold": 2,
            "model": {
              "type": "minecraft:condition",
              "property": "minecraft:custom_model_data",
              "on_false": {
                "type": "minecraft:model",
                "model": "tcc:entity/sprouter/neck/stage_2/normal"
              },
              "on_true": {
                "type": "minecraft:model",
                "model": "tcc:entity/sprouter/neck/stage_2/hurt"
              }
            }
          },
          {
            "threshold": 3,
            "model": {
              "type": "minecraft:condition",
              "property": "minecraft:custom_model_data",
              "on_false": {
                "type": "minecraft:model",
                "model": "tcc:entity/sprouter/neck/stage_3/normal"
              },
              "on_true": {
                "type": "minecraft:model",
                "model": "tcc:entity/sprouter/neck/stage_3/hurt"
              }
            }
          }
        ]
      },
      {
        "type": "minecraft:condition",
        "property": "minecraft:custom_model_data",
        "on_false" : {
          "type": "minecraft:model",
          "model": "tcc:entity/sprouter/body/normal"
        },
        "on_true" : {
          "type": "minecraft:model",
          "model": "tcc:entity/sprouter/body/hurt"
        }
      },
      {
        "type": "minecraft:condition",
        "property": "minecraft:custom_model_data",
        "index": 1,
        "on_false": {
          "type": "minecraft:condition",
          "property": "minecraft:custom_model_data",
          "on_false": {
            "type": "minecraft:model",
            "model": "tcc:entity/sprouter/flippers/static/normal"
          },
          "on_true": {
            "type": "minecraft:model",
            "model": "tcc:entity/sprouter/flippers/static/hurt"
          }
        },
        "on_true": {
          "type": "minecraft:condition",
          "property": "minecraft:custom_model_data",
          "on_false": {
            "type": "minecraft:composite",
            "models": [
              {
                "type": "minecraft:model",
                "model": "tcc:entity/sprouter/flippers/moving/right/0/normal"
              },
              {
                "type": "minecraft:model",
                "model": "tcc:entity/sprouter/flippers/moving/right/1/normal"
              },
              {
                "type": "minecraft:model",
                "model": "tcc:entity/sprouter/flippers/moving/right/2/normal"
              },
              {
                "type": "minecraft:model",
                "model": "tcc:entity/sprouter/flippers/moving/right/3/normal"
              },
              {
                "type": "minecraft:model",
                "model": "tcc:entity/sprouter/flippers/moving/right/4/normal"
              },
              {
                "type": "minecraft:model",
                "model": "tcc:entity/sprouter/flippers/moving/right/5/normal"
              },
              {
                "type": "minecraft:model",
                "model": "tcc:entity/sprouter/flippers/moving/right/6/normal"
              },
              {
                "type": "minecraft:model",
                "model": "tcc:entity/sprouter/flippers/moving/right/7/normal"
              },
              {
                "type": "minecraft:model",
                "model": "tcc:entity/sprouter/flippers/moving/right/8/normal"
              },
              {
                "type": "minecraft:model",
                "model": "tcc:entity/sprouter/flippers/moving/right/9/normal"
              },
              {
                "type": "minecraft:model",
                "model": "tcc:entity/sprouter/flippers/moving/right/10/normal"
              },
              {
                "type": "minecraft:model",
                "model": "tcc:entity/sprouter/flippers/moving/right/11/normal"
              },
              {
                "type": "minecraft:model",
                "model": "tcc:entity/sprouter/flippers/moving/right/12/normal"
              },
              {
                "type": "minecraft:model",
                "model": "tcc:entity/sprouter/flippers/moving/right/13/normal"
              },
              {
                "type": "minecraft:model",
                "model": "tcc:entity/sprouter/flippers/moving/right/14/normal"
              },
              {
                "type": "minecraft:model",
                "model": "tcc:entity/sprouter/flippers/moving/right/15/normal"
              },
              {
                "type": "minecraft:model",
                "model": "tcc:entity/sprouter/flippers/moving/left/0/normal"
              },
              {
                "type": "minecraft:model",
                "model": "tcc:entity/sprouter/flippers/moving/left/1/normal"
              },
              {
                "type": "minecraft:model",
                "model": "tcc:entity/sprouter/flippers/moving/left/2/normal"
              },
              {
                "type": "minecraft:model",
                "model": "tcc:entity/sprouter/flippers/moving/left/3/normal"
              },
              {
                "type": "minecraft:model",
                "model": "tcc:entity/sprouter/flippers/moving/left/4/normal"
              },
              {
                "type": "minecraft:model",
                "model": "tcc:entity/sprouter/flippers/moving/left/5/normal"
              },
              {
                "type": "minecraft:model",
                "model": "tcc:entity/sprouter/flippers/moving/left/6/normal"
              },
              {
                "type": "minecraft:model",
                "model": "tcc:entity/sprouter/flippers/moving/left/7/normal"
              },
              {
                "type": "minecraft:model",
                "model": "tcc:entity/sprouter/flippers/moving/left/8/normal"
              },
              {
                "type": "minecraft:model",
                "model": "tcc:entity/sprouter/flippers/moving/left/9/normal"
              },
              {
                "type": "minecraft:model",
                "model": "tcc:entity/sprouter/flippers/moving/left/10/normal"
              },
              {
                "type": "minecraft:model",
                "model": "tcc:entity/sprouter/flippers/moving/left/11/normal"
              },
              {
                "type": "minecraft:model",
                "model": "tcc:entity/sprouter/flippers/moving/left/12/normal"
              },
              {
                "type": "minecraft:model",
                "model": "tcc:entity/sprouter/flippers/moving/left/13/normal"
              },
              {
                "type": "minecraft:model",
                "model": "tcc:entity/sprouter/flippers/moving/left/14/normal"
              },
              {
                "type": "minecraft:model",
                "model": "tcc:entity/sprouter/flippers/moving/left/15/normal"
              }
            ]
          },
          "on_true": {
            "type": "minecraft:composite",
            "models": [
              {
                "type": "minecraft:model",
                "model": "tcc:entity/sprouter/flippers/moving/right/0/hurt"
              },
              {
                "type": "minecraft:model",
                "model": "tcc:entity/sprouter/flippers/moving/right/1/hurt"
              },
              {
                "type": "minecraft:model",
                "model": "tcc:entity/sprouter/flippers/moving/right/2/hurt"
              },
              {
                "type": "minecraft:model",
                "model": "tcc:entity/sprouter/flippers/moving/right/3/hurt"
              },
              {
                "type": "minecraft:model",
                "model": "tcc:entity/sprouter/flippers/moving/right/4/hurt"
              },
              {
                "type": "minecraft:model",
                "model": "tcc:entity/sprouter/flippers/moving/right/5/hurt"
              },
              {
                "type": "minecraft:model",
                "model": "tcc:entity/sprouter/flippers/moving/right/6/hurt"
              },
              {
                "type": "minecraft:model",
                "model": "tcc:entity/sprouter/flippers/moving/right/7/hurt"
              },
              {
                "type": "minecraft:model",
                "model": "tcc:entity/sprouter/flippers/moving/right/8/hurt"
              },
              {
                "type": "minecraft:model",
                "model": "tcc:entity/sprouter/flippers/moving/right/9/hurt"
              },
              {
                "type": "minecraft:model",
                "model": "tcc:entity/sprouter/flippers/moving/right/10/hurt"
              },
              {
                "type": "minecraft:model",
                "model": "tcc:entity/sprouter/flippers/moving/right/11/hurt"
              },
              {
                "type": "minecraft:model",
                "model": "tcc:entity/sprouter/flippers/moving/right/12/hurt"
              },
              {
                "type": "minecraft:model",
                "model": "tcc:entity/sprouter/flippers/moving/right/13/hurt"
              },
              {
                "type": "minecraft:model",
                "model": "tcc:entity/sprouter/flippers/moving/right/14/hurt"
              },
              {
                "type": "minecraft:model",
                "model": "tcc:entity/sprouter/flippers/moving/right/15/hurt"
              },
              {
                "type": "minecraft:model",
                "model": "tcc:entity/sprouter/flippers/moving/left/0/hurt"
              },
              {
                "type": "minecraft:model",
                "model": "tcc:entity/sprouter/flippers/moving/left/1/hurt"
              },
              {
                "type": "minecraft:model",
                "model": "tcc:entity/sprouter/flippers/moving/left/2/hurt"
              },
              {
                "type": "minecraft:model",
                "model": "tcc:entity/sprouter/flippers/moving/left/3/hurt"
              },
              {
                "type": "minecraft:model",
                "model": "tcc:entity/sprouter/flippers/moving/left/4/hurt"
              },
              {
                "type": "minecraft:model",
                "model": "tcc:entity/sprouter/flippers/moving/left/5/hurt"
              },
              {
                "type": "minecraft:model",
                "model": "tcc:entity/sprouter/flippers/moving/left/6/hurt"
              },
              {
                "type": "minecraft:model",
                "model": "tcc:entity/sprouter/flippers/moving/left/7/hurt"
              },
              {
                "type": "minecraft:model",
                "model": "tcc:entity/sprouter/flippers/moving/left/8/hurt"
              },
              {
                "type": "minecraft:model",
                "model": "tcc:entity/sprouter/flippers/moving/left/9/hurt"
              },
              {
                "type": "minecraft:model",
                "model": "tcc:entity/sprouter/flippers/moving/left/10/hurt"
              },
              {
                "type": "minecraft:model",
                "model": "tcc:entity/sprouter/flippers/moving/left/11/hurt"
              },
              {
                "type": "minecraft:model",
                "model": "tcc:entity/sprouter/flippers/moving/left/12/hurt"
              },
              {
                "type": "minecraft:model",
                "model": "tcc:entity/sprouter/flippers/moving/left/13/hurt"
              },
              {
                "type": "minecraft:model",
                "model": "tcc:entity/sprouter/flippers/moving/left/14/hurt"
              },
              {
                "type": "minecraft:model",
                "model": "tcc:entity/sprouter/flippers/moving/left/15/hurt"
              }
            ]
          }
        }
      }
    ]
  }
}