{
	"credit": "Made with Blockbench",
	"parent": "mc_calamity:item/template/headgear",
	"texture_size": [32, 32],
	"textures": {
		"2": "mc_calamity:item/armor/arctic_diving_gear_on_head"
	},
	"elements": [
		{
			"from": [4, 4, 4],
			"to": [12, 12, 12],
			"faces": {
				"north": {"uv": [0, 0, 4, 4], "texture": "#2"},
				"east": {"uv": [0, 4, 4, 8], "texture": "#2"},
				"south": {"uv": [4, 0, 8, 4], "texture": "#2"},
				"west": {"uv": [4, 4, 8, 8], "texture": "#2"},
				"up": {"uv": [4, 12, 0, 8], "texture": "#2"},
				"down": {"uv": [12, 0, 8, 4], "texture": "#2"}
			}
		},
		{
			"from": [5, 5, 3],
			"to": [11, 11, 4],
			"faces": {
				"north": {"uv": [4, 8, 7, 11], "texture": "#2"},
				"east": {"uv": [1, 12, 1.5, 15], "texture": "#2"},
				"west": {"uv": [1.5, 12, 2, 15], "texture": "#2"},
				"up": {"uv": [13.5, 7, 10.5, 6.5], "texture": "#2"},
				"down": {"uv": [15, 3.5, 12, 4], "texture": "#2"}
			}
		},
		{
			"from": [6.5, 3.75, 2.75],
			"to": [9.5, 5.75, 4],
			"faces": {
				"north": {"uv": [2, 12, 3.5, 13], "texture": "#2"},
				"east": {"uv": [8, 7, 8.5, 8], "texture": "#2"},
				"south": {"uv": [12, 4, 13.5, 5], "texture": "#2"},
				"west": {"uv": [3.5, 12, 4, 13], "texture": "#2"},
				"up": {"uv": [13.5, 6.5, 12, 6], "texture": "#2"},
				"down": {"uv": [10, 12, 8.5, 12.5], "texture": "#2"}
			}
		},
		{
			"from": [3.5, 4.25, 3.25],
			"to": [6.5, 5.25, 4.25],
			"faces": {
				"north": {"uv": [12, 8.5, 13.5, 9], "texture": "#2"},
				"east": {"uv": [10.5, 11, 11, 11.5], "texture": "#2"},
				"south": {"uv": [12, 9, 13.5, 9.5], "texture": "#2"},
				"west": {"uv": [10, 12, 10.5, 12.5], "texture": "#2"},
				"up": {"uv": [13.5, 10, 12, 9.5], "texture": "#2"},
				"down": {"uv": [13.5, 10, 12, 10.5], "texture": "#2"}
			}
		},
		{
			"from": [3.5, 4.5, 3.25],
			"to": [4.5, 11.5, 4.25],
			"rotation": {"angle": 22.5, "axis": "z", "origin": [4, 5, 3.75]},
			"faces": {
				"north": {"uv": [11.5, 11.5, 12, 15], "texture": "#2"},
				"east": {"uv": [0, 12, 0.5, 15.5], "texture": "#2"},
				"south": {"uv": [12, 0, 12.5, 3.5], "texture": "#2"},
				"west": {"uv": [0.5, 12, 1, 15.5], "texture": "#2"},
				"up": {"uv": [12.5, 11, 12, 10.5], "texture": "#2"},
				"down": {"uv": [12.5, 11, 12, 11.5], "texture": "#2"}
			}
		},
		{
			"from": [8.75, 9, 10],
			"to": [11.75, 12, 15],
			"rotation": {"angle": -45, "axis": "x", "origin": [10.5, 10.5, 11]},
			"faces": {
				"east": {"uv": [8, 4, 10.5, 5.5], "texture": "#2"},
				"south": {"uv": [4, 11, 5.5, 12.5], "texture": "#2"},
				"west": {"uv": [8, 5.5, 10.5, 7], "texture": "#2"},
				"up": {"uv": [8.5, 10.5, 7, 8], "texture": "#2"},
				"down": {"uv": [10, 7, 8.5, 9.5], "texture": "#2"}
			}
		},
		{
			"from": [9.5, 7.25, 10],
			"to": [12.5, 10.25, 15],
			"rotation": {"angle": 45, "axis": "y", "origin": [10.5, 10.5, 11]},
			"faces": {
				"east": {"uv": [8.5, 9.5, 11, 11], "texture": "#2"},
				"south": {"uv": [5.5, 11, 7, 12.5], "texture": "#2"},
				"west": {"uv": [10, 7, 12.5, 8.5], "texture": "#2"},
				"up": {"uv": [12, 6.5, 10.5, 4], "texture": "#2"},
				"down": {"uv": [8.5, 10.5, 7, 13], "texture": "#2"}
			}
		},
		{
			"from": [12.5, 5, 9],
			"to": [14.5, 7, 13],
			"rotation": {"angle": 45, "axis": "y", "origin": [10.5, 10.5, 11]},
			"faces": {
				"east": {"uv": [10, 8.5, 12, 9.5], "texture": "#2"},
				"south": {"uv": [12, 5, 13, 6], "texture": "#2"},
				"west": {"uv": [8.5, 11, 10.5, 12], "texture": "#2"},
				"up": {"uv": [12, 11.5, 11, 9.5], "texture": "#2"},
				"down": {"uv": [11.5, 11.5, 10.5, 13.5], "texture": "#2"}
			}
		},
		{
			"from": [1.5, 5, 9],
			"to": [3.5, 7, 13],
			"rotation": {"angle": -45, "axis": "y", "origin": [5.5, 10.5, 11]},
			"faces": {
				"east": {"uv": [10.5, 11, 8.5, 12], "texture": "#2"},
				"south": {"uv": [13, 5, 12, 6], "texture": "#2"},
				"west": {"uv": [12, 8.5, 10, 9.5], "texture": "#2"},
				"up": {"uv": [11, 11.5, 12, 9.5], "texture": "#2"},
				"down": {"uv": [10.5, 11.5, 11.5, 13.5], "texture": "#2"}
			}
		},
		{
			"from": [3.5, 7.25, 10],
			"to": [6.5, 10.25, 15],
			"rotation": {"angle": -45, "axis": "y", "origin": [5.5, 10.5, 11]},
			"faces": {
				"east": {"uv": [12.5, 7, 10, 8.5], "texture": "#2"},
				"south": {"uv": [7, 11, 5.5, 12.5], "texture": "#2"},
				"west": {"uv": [11, 9.5, 8.5, 11], "texture": "#2"},
				"up": {"uv": [10.5, 6.5, 12, 4], "texture": "#2"},
				"down": {"uv": [7, 10.5, 8.5, 13], "texture": "#2"}
			}
		},
		{
			"from": [4.25, 9, 10],
			"to": [7.25, 12, 15],
			"rotation": {"angle": -45, "axis": "x", "origin": [5.5, 10.5, 11]},
			"faces": {
				"east": {"uv": [10.5, 5.5, 8, 7], "texture": "#2"},
				"south": {"uv": [5.5, 11, 4, 12.5], "texture": "#2"},
				"west": {"uv": [10.5, 4, 8, 5.5], "texture": "#2"},
				"up": {"uv": [7, 10.5, 8.5, 8], "texture": "#2"},
				"down": {"uv": [8.5, 7, 10, 9.5], "texture": "#2"}
			}
		}
	],
	"display": {
		"head": {
			"scale": [2, 2, 2]
		}
	}
}
