{
	"parent": "mc_calamity:item/template/goggles",
	"texture_size": [32, 32],
	"textures": {
		"0": "mc_calamity:item/armor/goggles_on_head",
		"particle": "mc_calamity:item/armor/goggles_on_head"
	},
	"elements": [
		{
			"from": [4.6, 4.6, 4.6],
			"to": [11.4, 11.4, 11.4],
			"rotation": {"angle": 0, "axis": "y", "origin": [1.2, 1.2, 1.2]},
			"faces": {
				"north": {"uv": [4, 4, 8, 8], "texture": "#0"},
				"east": {"uv": [0, 4, 4, 8], "texture": "#0"},
				"south": {"uv": [12, 4, 16, 8], "texture": "#0"},
				"west": {"uv": [8, 4, 12, 8], "texture": "#0"},
				"up": {"uv": [8, 4, 4, 0], "texture": "#0"},
				"down": {"uv": [12, 0, 8, 4], "texture": "#0"}
			}
		},
		{
			"from": [11.4, 4.6, 4.6],
			"to": [4.6, 11.4, 11.4],
			"rotation": {"angle": 0, "axis": "y", "origin": [14.8, 1.2, 1.2]},
			"faces": {
				"north": {"uv": [8, 4, 4, 8], "texture": "#0"},
				"east": {"uv": [12, 4, 8, 8], "texture": "#0"},
				"south": {"uv": [16, 4, 12, 8], "texture": "#0"},
				"west": {"uv": [4, 4, 0, 8], "texture": "#0"},
				"up": {"uv": [4, 4, 8, 0], "texture": "#0"},
				"down": {"uv": [8, 0, 12, 4], "texture": "#0"}
			}
		}
	],
	"display": {
		"head": {
			"scale": [2, 2, 2]
		}
	}
}
