{
  "model": {
    "type": "minecraft:select",
    "property": "minecraft:custom_model_data",
    "cases": [
      {
        "when": "seedling_1",
        "model": {
          "type": "minecraft:condition",
          "property": "minecraft:custom_model_data",
          "on_false": {
            "type": "minecraft:model",
            "model": "tcc:block/gobblerift/seedling_1"
          },
          "on_true": {
            "type": "minecraft:model",
            "model": "tcc:block/gobblerift/hurt/seedling_1"
          }
        }
      },
      {
        "when": "seedling_2",
        "model": {
          "type": "minecraft:condition",
          "property": "minecraft:custom_model_data",
          "on_false": {
            "type": "minecraft:model",
            "model": "tcc:block/gobblerift/seedling_2"
          },
          "on_true": {
            "type": "minecraft:model",
            "model": "tcc:block/gobblerift/hurt/seedling_2"
          }
        }
      },
      {
        "when": "seedling_3",
        "model": {
          "type": "minecraft:condition",
          "property": "minecraft:custom_model_data",
          "on_false": {
            "type": "minecraft:model",
            "model": "tcc:block/gobblerift/seedling_3"
          },
          "on_true": {
            "type": "minecraft:model",
            "model": "tcc:block/gobblerift/hurt/seedling_3"
          }
        }
      },
      {
        "when": "seedling_4",
        "model": {
          "type": "minecraft:condition",
          "property": "minecraft:custom_model_data",
          "on_false": {
            "type": "minecraft:model",
            "model": "tcc:block/gobblerift/seedling_4"
          },
          "on_true": {
            "type": "minecraft:model",
            "model": "tcc:block/gobblerift/hurt/seedling_4"
          }
        }
      },
      {
        "when": "seedling_5",
        "model": {
          "type": "minecraft:condition",
          "property": "minecraft:custom_model_data",
          "on_false": {
            "type": "minecraft:model",
            "model": "tcc:block/gobblerift/seedling_5"
          },
          "on_true": {
            "type": "minecraft:model",
            "model": "tcc:block/gobblerift/hurt/seedling_5"
          }
        }
      },
      {
        "when": "hungry",
        "model": {
          "type": "minecraft:condition",
          "property": "minecraft:custom_model_data",
          "on_false": {
            "type": "minecraft:model",
            "model": "tcc:block/gobblerift/hungry"
          },
          "on_true": {
            "type": "minecraft:model",
            "model": "tcc:block/gobblerift/hurt/hungry"
          }
        }
      },
      {
        "when": "digesting",
        "model": {
          "type": "minecraft:condition",
          "property": "minecraft:custom_model_data",
          "on_false": {
            "type": "minecraft:model",
            "model": "tcc:block/gobblerift/digesting"
          },
          "on_true": {
            "type": "minecraft:model",
            "model": "tcc:block/gobblerift/hurt/digesting"
          }
        }
      },
      {
        "when": "riftjuice_ready",
        "model": {
          "type": "minecraft:condition",
          "property": "minecraft:custom_model_data",
          "on_false": {
            "type": "minecraft:model",
            "model": "tcc:block/gobblerift/riftjuice_ready"
          },
          "on_true": {
            "type": "minecraft:model",
            "model": "tcc:block/gobblerift/hurt/riftjuice_ready"
          }
        }
      }
    ]
  }
}