{
	"textures": {
		"1": "tcc:block/gobblerift",
		"particle": "tcc:item/gobblerift"
	},
	"elements": [
		{
			"from": [0, 0, 1],
			"to": [16, 16, 1],
			"faces": {
				"north": {"uv": [4, 12, 6, 16], "texture": "#1"},
				"south": {"uv": [6, 12, 4, 16], "texture": "#1"}
			}
		},
		{
			"from": [15, 0, 0],
			"to": [15, 16, 16],
			"rotation": {"angle": 0, "axis": "y", "origin": [22, 8, 8]},
			"faces": {
				"east": {"uv": [4, 12, 6, 16], "texture": "#1"},
				"west": {"uv": [6, 12, 4, 16], "texture": "#1"}
			}
		},
		{
			"from": [0, 0, 15],
			"to": [16, 16, 15],
			"faces": {
				"north": {"uv": [6, 12, 4, 16], "texture": "#1"},
				"south": {"uv": [4, 12, 6, 16], "texture": "#1"}
			}
		},
		{
			"from": [1, 0, 0],
			"to": [1, 16, 16],
			"faces": {
				"east": {"uv": [6, 12, 4, 16], "texture": "#1"},
				"west": {"uv": [4, 12, 6, 16], "texture": "#1"}
			}
		},
		{
			"from": [0, 0, 8],
			"to": [16, 32, 8],
			"rotation": {"angle": 0, "axis": "y", "origin": [8, 16, 8]},
			"faces": {
				"north": {"uv": [10, 4, 12, 12], "texture": "#1"},
				"south": {"uv": [10, 4, 12, 12], "texture": "#1"}
			}
		},
		{
			"from": [8, 0, 0],
			"to": [8, 32, 16],
			"rotation": {"angle": 0, "axis": "y", "origin": [8, 16, 8]},
			"faces": {
				"east": {"uv": [10, 4, 12, 12], "texture": "#1"},
				"west": {"uv": [10, 4, 12, 12], "texture": "#1"}
			}
		},
		{
			"from": [3, 20, 3],
			"to": [13, 23, 13],
			"rotation": {"angle": 0, "axis": "x", "origin": [8, 20.0075, 13]},
			"faces": {
				"north": {"uv": [6.125, 3.25, 7.375, 4], "texture": "#1"},
				"east": {"uv": [4.875, 3.25, 6.125, 4], "texture": "#1"},
				"south": {"uv": [8.625, 3.25, 9.875, 4], "texture": "#1"},
				"west": {"uv": [7.375, 3.25, 8.625, 4], "texture": "#1"}
			}
		},
		{
			"from": [1, 23, 1],
			"to": [15, 23, 13],
			"rotation": {"angle": 0, "axis": "x", "origin": [8, 20, 13]},
			"faces": {
				"up": {"uv": [5.625, 0.25, 7.375, 3.25], "texture": "#1"},
				"down": {"uv": [5.625, 0.25, 7.375, 3.25], "rotation": 180, "texture": "#1"}
			}
		},
		{
			"from": [3, 13, 3],
			"to": [13, 21, 13],
			"rotation": {"angle": 0, "axis": "y", "origin": [8, 19.75, 7.625]},
			"faces": {
				"north": {"uv": [1.25, 6, 2.5, 8], "texture": "#1"},
				"east": {"uv": [0, 6, 1.25, 8], "texture": "#1"},
				"south": {"uv": [3.75, 6, 5, 8], "texture": "#1"},
				"west": {"uv": [2.5, 6, 3.75, 8], "texture": "#1"},
				"down": {"uv": [2.5, 3.5, 3.75, 6], "rotation": 180, "texture": "#1"}
			}
		}
	],
	"display": {
		"ground": {
			"rotation": [0, 180, 0],
			"translation": [0, -9.1, -6.4],
			"scale": [1.066, 1.066, 1.066]
		}
	}
}