{
	"credit": "Made with Blockbench",
	"texture_size": [32, 32],
	"textures": {
		"0": "mc_calamity:item/entity/hurt/wulfrum_droid"
	},
	"elements": [
		{
			"name": "body",
			"from": [4, 1, 4.5],
			"to": [12, 8, 11.5],
			"rotation": {"angle": 0, "axis": "y", "origin": [8, 1, 8]},
			"faces": {
				"north": {"uv": [3.5, 3.5, 7.5, 7], "texture": "#0"},
				"east": {"uv": [0, 3.5, 3.5, 7], "texture": "#0"},
				"south": {"uv": [11, 3.5, 15, 7], "texture": "#0"},
				"west": {"uv": [7.5, 3.5, 11, 7], "texture": "#0"},
				"up": {"uv": [7.5, 3.5, 3.5, 0], "texture": "#0"},
				"down": {"uv": [11.5, 0, 7.5, 3.5], "texture": "#0"}
			}
		},
		{
			"name": "left_wheel",
			"from": [2, 0, 3.5],
			"to": [4, 5, 8.5],
			"rotation": {"angle": 0, "axis": "y", "origin": [6, 0, 6]},
			"faces": {
				"north": {"uv": [2.5, 9.5, 3.5, 12], "texture": "#0"},
				"east": {"uv": [0, 9.5, 2.5, 12], "texture": "#0"},
				"south": {"uv": [6, 9.5, 7, 12], "texture": "#0"},
				"west": {"uv": [3.5, 9.5, 6, 12], "texture": "#0"},
				"up": {"uv": [3.5, 9.5, 2.5, 7], "texture": "#0"},
				"down": {"uv": [4.5, 7, 3.5, 9.5], "texture": "#0"}
			}
		},
		{
			"name": "right_wheel",
			"from": [12, 0, 3.5],
			"to": [14, 5, 8.5],
			"rotation": {"angle": 0, "axis": "y", "origin": [10, 0, 6]},
			"faces": {
				"north": {"uv": [3.5, 9.5, 2.5, 12], "texture": "#0"},
				"east": {"uv": [6, 9.5, 3.5, 12], "texture": "#0"},
				"south": {"uv": [7, 9.5, 6, 12], "texture": "#0"},
				"west": {"uv": [2.5, 9.5, 0, 12], "texture": "#0"},
				"up": {"uv": [2.5, 9.5, 3.5, 7], "texture": "#0"},
				"down": {"uv": [3.5, 7, 4.5, 9.5], "texture": "#0"}
			}
		},
		{
			"name": "antenna",
			"from": [8, 8, 7.5],
			"to": [8, 12, 11.5],
			"rotation": {"angle": 0, "axis": "y", "origin": [8, 8, 8]},
			"faces": {
				"north": {"uv": [13.5, 0, 13.5, 2], "texture": "#0"},
				"east": {"uv": [11.5, 0, 13.5, 2], "texture": "#0"},
				"south": {"uv": [15.5, 0, 15.5, 2], "texture": "#0"},
				"west": {"uv": [13.5, 0, 15.5, 2], "texture": "#0"},
				"up": {"uv": [13.5, 0, 13.5, -2], "texture": "#0"},
				"down": {"uv": [13.5, -2, 13.5, 0], "texture": "#0"}
			}
		}
	],
	"groups": [
		{
			"name": "body",
			"origin": [8, 0, 8],
			"color": 0,
			"children": [
				0,
				{
					"name": "left_wheel",
					"origin": [3, 2.5, 7],
					"color": 0,
					"children": [1]
				},
				{
					"name": "right_wheel",
					"origin": [12, 2.5, 7],
					"color": 0,
					"children": [2]
				},
				{
					"name": "antenna",
					"origin": [8, 8, 8],
					"color": 0,
					"children": [3]
				}
			]
		}
	]
}
