{
    "providers": [
        {"type": "bitmap","file": "mc_calamity:gui/bossbar/desertscourge.png","ascent": 10.5,"height": 50,"chars": ["\ufff1"]},
        {"type": "bitmap","file": "mc_calamity:gui/bossbar/test_bar.png","ascent": 10.5,"height": 50,"chars": ["\ufff2"]},
        {"type": "bitmap","file": "mc_calamity:gui/bossbar/eye_of_cthulhu.png","ascent": 10.5,"height": 50,"chars": ["\ufff3"]},
        {"type": "bitmap","file": "mc_calamity:gui/bossbar/king_slime.png","ascent": 10.5,"height": 50,"chars": ["\ufff4"]},
        {"type": "bitmap","file": "mc_calamity:gui/bossbar/crabulon.png","ascent": 10.5,"height": 50,"chars": ["\ufff5"]},
        {"type": "bitmap","file": "mc_calamity:gui/bossbar/giant_clam.png","ascent": 10.5,"height": 50,"chars": ["\ufff6"]},
        {"type": "bitmap","file": "mc_calamity:gui/bossbar/yharon.png","ascent": 10.5,"height": 50,"chars": ["\ufff7"]},
        {"type": "bitmap","file": "mc_calamity:gui/bossbar/devourer_of_gods.png","ascent": 10.5,"height": 50,"chars": ["\ufff8"]},
        {"type": "bitmap","file": "mc_calamity:gui/bossbar/yharon_transition.png","ascent": 20.5,"height": 50,"chars": ["\uffe0","\uffe1","\uffe2","\uffe3","\uffe4","\uffe5","\uffe6","\uffe7"]},
        {"type": "bitmap","file": "mc_calamity:gui/bossbar/yharon2.png","ascent": 20.5,"height": 50,"chars": ["\uffe8","\uffe9","\uffea","\uffeb","\uffec","\uffed"]}
    ]
}
