{
	"providers": [
        {"type": "space", "advances": {" ": -18,"\u0000": 0}},
		{"type": "bitmap","file": "mc_calamity:font/effect/numeral_omit.png","ascent": 0,"height": 18,"chars": ["0"]},
		{"type": "bitmap","file": "mc_calamity:font/effect/numeral_1.png","ascent": -2,"height": 16,"chars": ["1"]},
		{"type": "bitmap","file": "mc_calamity:font/effect/numeral_5.png","ascent": -2,"height": 16,"chars": ["2"]},
		{"type": "bitmap","file": "mc_calamity:font/effect/numeral_10.png","ascent": -2,"height": 16,"chars": ["3"]},
		{"type": "bitmap","file": "mc_calamity:font/effect/ammo_reservation.png","ascent": 0,"height": 18,"chars": ["A"]},
		{"type": "bitmap","file": "mc_calamity:font/effect/armor_crunch.png","ascent": 0,"height": 18,"chars": ["B"]},
		{"type": "bitmap","file": "mc_calamity:font/effect/astral_infection.png","ascent": 0,"height": 18,"chars": ["C"]},
		{"type": "bitmap","file": "mc_calamity:font/effect/calcium.png","ascent": 0,"height": 18,"chars": ["D"]},
		{"type": "bitmap","file": "mc_calamity:font/effect/ceaseless_hunger.png","ascent": 0,"height": 18,"chars": ["E"]},
		{"type": "bitmap","file": "mc_calamity:font/effect/crate.png","ascent": 0,"height": 18,"chars": ["F"]},
		{"type": "bitmap","file": "mc_calamity:font/effect/crush_depth.png","ascent": 0,"height": 18,"chars": ["G"]},
		{"type": "bitmap","file": "mc_calamity:font/effect/fishing.png","ascent": 0,"height": 18,"chars": ["H"]},
		{"type": "bitmap","file": "mc_calamity:font/effect/inferno.png","ascent": 0,"height": 18,"chars": ["I"]},
		{"type": "bitmap","file": "mc_calamity:font/effect/magic_power.png","ascent": 0,"height": 18,"chars": ["J"]},
		{"type": "bitmap","file": "mc_calamity:font/effect/mana_regen.png","ascent": 0,"height": 18,"chars": ["K"]},
		{"type": "bitmap","file": "mc_calamity:font/effect/nightwither.png","ascent": 0,"height": 18,"chars": ["L"]},
		{"type": "bitmap","file": "mc_calamity:font/effect/photosynthesis.png","ascent": 0,"height": 18,"chars": ["M"]},
		{"type": "bitmap","file": "mc_calamity:font/effect/plague.png","ascent": 0,"height": 18,"chars": ["N"]},
		{"type": "bitmap","file": "mc_calamity:font/effect/riptide.png","ascent": 0,"height": 18,"chars": ["O"]},
		{"type": "bitmap","file": "mc_calamity:font/effect/shadow.png","ascent": 0,"height": 18,"chars": ["P"]},
		{"type": "bitmap","file": "mc_calamity:font/effect/sonar.png","ascent": 0,"height": 18,"chars": ["Q"]},
		{"type": "bitmap","file": "mc_calamity:font/effect/sulpherskin.png","ascent": 0,"height": 18,"chars": ["R"]},
		{"type": "bitmap","file": "mc_calamity:font/effect/summon.png","ascent": 0,"height": 18,"chars": ["S"]},
		{"type": "bitmap","file": "mc_calamity:font/effect/temporal_sadness.png","ascent": 0,"height": 18,"chars": ["T"]},
		{"type": "bitmap","file": "mc_calamity:font/effect/electrified.png","ascent": 0,"height": 18,"chars": ["U"]},
		{"type": "bitmap","file": "mc_calamity:font/effect/thorns.png","ascent": 0,"height": 18,"chars": ["V"]},
		{"type": "bitmap","file": "mc_calamity:font/effect/titan.png","ascent": 0,"height": 18,"chars": ["\uE027"]},
		{"type": "bitmap","file": "mc_calamity:font/effect/well_fed.png","ascent": 0,"height": 18,"chars": ["W"]},
		{"type": "bitmap","file": "mc_calamity:font/effect/wrath.png","ascent": 0,"height": 18,"chars": ["X"]},
		{"type": "bitmap","file": "mc_calamity:font/effect/midas.png","ascent": 0,"height": 18,"chars": ["Y"]},
		{"type": "bitmap","file": "mc_calamity:font/effect/warped.png","ascent": 0,"height": 18,"chars": ["a"]},
		{"type": "bitmap","file": "mc_calamity:font/effect/extreme_gravity.png","ascent": 0,"height": 18,"chars": ["b"]},
		{"type": "bitmap","file": "mc_calamity:font/effect/distorted.png","ascent": 0,"height": 18,"chars": ["Z"]},
		{"type": "bitmap","file": "mc_calamity:font/effect/tesla.png","ascent": 0,"height": 18,"chars": ["c"]},
		{"type": "bitmap","file": "mc_calamity:font/effect/vulnerability_hex.png","ascent": 0,"height": 18,"chars": ["d"]},
		{"type": "bitmap","file": "mc_calamity:font/effect/dragonfire.png","ascent": 0,"height": 18,"chars": ["e"]},
		{"type": "bitmap","file": "mc_calamity:font/effect/godslayer_inferno.png","ascent": 0,"height": 18,"chars": ["f"]},
		{"type": "bitmap","file": "mc_calamity:font/effect/holyfire.png","ascent": 0,"height": 18,"chars": ["g"]},
		{"type": "bitmap","file": "mc_calamity:font/effect/shadowflame.png","ascent": 0,"height": 18,"chars": ["h"]},
		{"type": "bitmap","file": "mc_calamity:font/effect/ichor.png","ascent": 0,"height": 18,"chars": ["i"]},
		{"type": "bitmap","file": "mc_calamity:font/effect/frostburn.png","ascent": 0,"height": 18,"chars": ["j"]},
		{"type": "bitmap","file": "mc_calamity:font/effect/cursed_flames.png","ascent": 0,"height": 18,"chars": ["k"]},
		{"type": "bitmap","file": "mc_calamity:font/effect/wulfrum_power_armor.png","ascent": 0,"height": 18,"chars": ["l"]},
		{"type": "bitmap","file": "mc_calamity:font/effect/wulfrum_power_armor_cooldown.png","ascent": 0,"height": 18,"chars": ["m"]}
	]
}
