{
	"providers": [
		{"type": "bitmap","file": "minecraft:item/emerald.png","ascent": 16,"height": 18,"chars": ["\uE000"]},
		{"type": "bitmap","file": "mc_calamity:item/material/sapphire.png","ascent": 16,"height": 18,"chars": ["\uE001"]},
		{"type": "bitmap","file": "mc_calamity:item/material/ruby.png","ascent": 16,"height": 18,"chars": ["\uE002"]},
		{"type": "bitmap","file": "mc_calamity:item/material/lonsdaleite.png","ascent": 16,"height": 18,"chars": ["\uE003"]},
		{"type": "bitmap","file": "mc_calamity:item/gui/icon_dp.png","ascent": 8,"height": 9,"chars": ["\uE010"]},
		{"type": "bitmap","file": "mc_calamity:gui/crafting_menu/null_icon.png","ascent": 8,"height": 9,"chars": [" "]},
		{"type": "bitmap","file": "mc_calamity:gui/crafting_menu/arrow_left.png","ascent": 8,"height": 9,"chars": ["\uE011"]},
		{"type": "bitmap","file": "mc_calamity:gui/crafting_menu/arrow_left_select.png","ascent": 8,"height": 9,"chars": ["\uE012"]},
		{"type": "bitmap","file": "mc_calamity:gui/crafting_menu/arrow_right.png","ascent": 8,"height": 9,"chars": ["\uE013"]},
		{"type": "bitmap","file": "mc_calamity:gui/crafting_menu/arrow_right_select.png","ascent": 8,"height": 9,"chars": ["\uE014"]},
		{"type": "bitmap","file": "mc_calamity:gui/crafting_menu/knowledge_book.png","ascent": 8,"height": 9,"chars": ["\uE015"]},
		{"type": "bitmap","file": "mc_calamity:gui/crafting_menu/knowledge_book_open.png","ascent": 8,"height": 9,"chars": ["\uE016"]},
		{"type": "bitmap","file": "mc_calamity:gui/crafting_menu/search.png","ascent": 8,"height": 9,"chars": ["\uE017"]},
		{"type": "bitmap","file": "mc_calamity:item/gui/icon_pt.png","ascent": 8,"height": 9,"chars": ["\uE018"]},
		{"type": "bitmap","file": "mc_calamity:item/gui/icon_mp.png","ascent": 8,"height": 9,"chars": ["\uE019"]}
	]
}
