{
	"providers": [
		{"type": "bitmap","file": "minecraft:item/stick.png","ascent": 8,"height": 9,"chars": ["\uE000"]},
		{"type": "bitmap","file": "minecraft:item/gold_ingot.png","ascent": 8,"height": 9,"chars": ["\uE001"]},
		{"type": "bitmap","file": "minecraft:item/gold_nugget.png","ascent": 8,"height": 9,"chars": ["\uE002"]},
		{"type": "bitmap","file": "minecraft:item/iron_ingot.png","ascent": 8,"height": 9,"chars": ["\uE003"]},
		{"type": "bitmap","file": "minecraft:item/copper_ingot.png","ascent": 8,"height": 9,"chars": ["\uE004"]},
		{"type": "bitmap","file": "minecraft:item/emerald.png","ascent": 8,"height": 9,"chars": ["\uE005"]},
		{"type": "bitmap","file": "minecraft:item/diamond.png","ascent": 8,"height": 9,"chars": ["\uE006"]},
		{"type": "bitmap","file": "minecraft:item/chain.png","ascent": 8,"height": 9,"chars": ["\uE007"]},
		{"type": "bitmap","file": "minecraft:item/slime_ball.png","ascent": 8,"height": 9,"chars": ["\uE008"]},
		{"type": "bitmap","file": "minecraft:item/brick.png","ascent": 8,"height": 9,"chars": ["\uE009"]},
		{"type": "bitmap","file": "minecraft:item/carrot.png","ascent": 8,"height": 9,"chars": ["\uE010"]},
		{"type": "bitmap","file": "minecraft:item/potato.png","ascent": 8,"height": 9,"chars": ["\uE011"]},
		{"type": "bitmap","file": "minecraft:item/baked_potato.png","ascent": 8,"height": 9,"chars": ["\uE012"]},
		{"type": "bitmap","file": "minecraft:item/bowl.png","ascent": 8,"height": 9,"chars": ["\uE013"]},
		{"type": "bitmap","file": "minecraft:item/apple.png","ascent": 8,"height": 9,"chars": ["\uE014"]},
		{"type": "bitmap","file": "minecraft:item/glass_bottle.png","ascent": 8,"height": 9,"chars": ["\uE015"]},
		{"type": "bitmap","file": "minecraft:item/melon_slice.png","ascent": 8,"height": 9,"chars": ["\uE016"]},
		{"type": "bitmap","file": "minecraft:item/sweet_berries.png","ascent": 8,"height": 9,"chars": ["\uE017"]},
		{"type": "bitmap","file": "minecraft:item/string.png","ascent": 8,"height": 9,"chars": ["\uE018"]},
		{"type": "bitmap","file": "minecraft:item/amethyst_shard.png","ascent": 8,"height": 9,"chars": ["\uE019"]},
		{"type": "bitmap","file": "minecraft:item/netherite_scrap.png","ascent": 8,"height": 9,"chars": ["\uE020"]},
		{"type": "bitmap","file": "minecraft:item/netherite_ingot.png","ascent": 8,"height": 9,"chars": ["\uE021"]},
		{"type": "bitmap","file": "minecraft:item/glowstone_dust.png","ascent": 8,"height": 9,"chars": ["\uE022"]},
		{"type": "bitmap","file": "minecraft:item/white_dye.png","ascent": 8,"height": 9,"chars": ["\uE023"]},
		{"type": "bitmap","file": "minecraft:item/orange_dye.png","ascent": 8,"height": 9,"chars": ["\uE024"]},
		{"type": "bitmap","file": "minecraft:item/magenta_dye.png","ascent": 8,"height": 9,"chars": ["\uE025"]},
		{"type": "bitmap","file": "minecraft:item/light_blue_dye.png","ascent": 8,"height": 9,"chars": ["\uE026"]},
		{"type": "bitmap","file": "minecraft:item/yellow_dye.png","ascent": 8,"height": 9,"chars": ["\uE027"]},
		{"type": "bitmap","file": "minecraft:item/lime_dye.png","ascent": 8,"height": 9,"chars": ["\uE028"]},
		{"type": "bitmap","file": "minecraft:item/pink_dye.png","ascent": 8,"height": 9,"chars": ["\uE029"]},
		{"type": "bitmap","file": "minecraft:item/gray_dye.png","ascent": 8,"height": 9,"chars": ["\uE030"]},
		{"type": "bitmap","file": "minecraft:item/light_gray_dye.png","ascent": 8,"height": 9,"chars": ["\uE031"]},
		{"type": "bitmap","file": "minecraft:item/cyan_dye.png","ascent": 8,"height": 9,"chars": ["\uE032"]},
		{"type": "bitmap","file": "minecraft:item/purple_dye.png","ascent": 8,"height": 9,"chars": ["\uE033"]},
		{"type": "bitmap","file": "minecraft:item/blue_dye.png","ascent": 8,"height": 9,"chars": ["\uE034"]},
		{"type": "bitmap","file": "minecraft:item/brown_dye.png","ascent": 8,"height": 9,"chars": ["\uE035"]},
		{"type": "bitmap","file": "minecraft:item/green_dye.png","ascent": 8,"height": 9,"chars": ["\uE036"]},
		{"type": "bitmap","file": "minecraft:item/red_dye.png","ascent": 8,"height": 9,"chars": ["\uE037"]},
		{"type": "bitmap","file": "minecraft:item/black_dye.png","ascent": 8,"height": 9,"chars": ["\uE038"]},
		{"type": "bitmap","file": "mc_calamity:font/icons/water_bottle.png","ascent": 8,"height": 9,"chars": ["\uE039"]},
		{"type": "bitmap","file": "minecraft:item/blaze_powder.png","ascent": 8,"height": 9,"chars": ["\uE040"]},
		{"type": "bitmap","file": "minecraft:item/honeycomb.png","ascent": 8,"height": 9,"chars": ["\uE041"]},
		{"type": "bitmap","file": "minecraft:item/leather.png","ascent": 8,"height": 9,"chars": ["\uE042"]},
		{"type": "bitmap","file": "minecraft:item/coal.png","ascent": 8,"height": 9,"chars": ["\uE043"]},
		{"type": "bitmap","file": "minecraft:item/sea_pickle.png","ascent": 8,"height": 9,"chars": ["\uE044"]},
		{"type": "bitmap","file": "minecraft:item/redstone.png","ascent": 8,"height": 9,"chars": ["\uE045"]},
		{"type": "bitmap","file": "minecraft:item/lava_bucket.png","ascent": 8,"height": 9,"chars": ["\uE046"]},
		{"type": "bitmap","file": "minecraft:item/nautilus_shell.png","ascent": 8,"height": 9,"chars": ["\uE047"]},
		{"type": "bitmap","file": "minecraft:item/magma_cream.png","ascent": 8,"height": 9,"chars": ["\uE048"]},
		{"type": "bitmap","file": "minecraft:item/clay_ball.png","ascent": 8,"height": 9,"chars": ["\uE049"]},
		{"type": "bitmap","file": "mc_calamity:font/icons/fruit.png","ascent": 8,"height": 9,"chars": ["\uE050"]},
		{"type": "bitmap","file": "minecraft:item/echo_shard.png","ascent": 8,"height": 9,"chars": ["\uE051"]},
		{"type": "bitmap","file": "minecraft:item/water_bucket.png","ascent": 8,"height": 9,"chars": ["\uE052"]},
		{"type": "bitmap","file": "minecraft:item/kelp.png","ascent": 8,"height": 9,"chars": ["\uE053"]},
		{"type": "bitmap","file": "minecraft:item/cod.png","ascent": 8,"height": 9,"chars": ["\uE054"]}
	]
}