{
	"providers": [
		{"type": "bitmap","file": "minecraft:block/oak_planks.png","ascent": 8,"height": 9,"chars": ["\uE000"]},
		{"type": "bitmap","file": "minecraft:block/cobblestone.png","ascent": 8,"height": 9,"chars": ["\uE001"]},
		{"type": "bitmap","file": "minecraft:block/torch.png","ascent": 8,"height": 9,"chars": ["\uE002"]},
		{"type": "bitmap","file": "minecraft:block/sand.png","ascent": 8,"height": 9,"chars": ["\uE003"]},
		{"type": "bitmap","file": "minecraft:block/glass.png","ascent": 8,"height": 9,"chars": ["\uE004"]},
		{"type": "bitmap","file": "minecraft:block/snow.png","ascent": 8,"height": 9,"chars": ["\uE005"]},
		{"type": "bitmap","file": "minecraft:block/ice.png","ascent": 8,"height": 9,"chars": ["\uE006"]},
		{"type": "bitmap","file": "minecraft:block/spruce_planks.png","ascent": 8,"height": 9,"chars": ["\uE007"]},
		{"type": "bitmap","file": "minecraft:block/dead_horn_coral.png","ascent": 8,"height": 9,"chars": ["\uE008"]},
		{"type": "bitmap","file": "minecraft:block/moss_block.png","ascent": 8,"height": 9,"chars": ["\uE009"]},

		{"type": "bitmap","file": "minecraft:block/brown_mushroom.png","ascent": 8,"height": 9,"chars": ["\uE010"]},
		{"type": "bitmap","file": "minecraft:block/red_mushroom.png","ascent": 8,"height": 9,"chars": ["\uE011"]},
		{"type": "bitmap","file": "minecraft:block/dandelion.png","ascent": 8,"height": 9,"chars": ["\uE012"]},
		{"type": "bitmap","file": "minecraft:block/poppy.png","ascent": 8,"height": 9,"chars": ["\uE013"]},
		{"type": "bitmap","file": "minecraft:block/blue_orchid.png","ascent": 8,"height": 9,"chars": ["\uE014"]},
		{"type": "bitmap","file": "minecraft:block/allium.png","ascent": 8,"height": 9,"chars": ["\uE015"]},
		{"type": "bitmap","file": "minecraft:block/azure_bluet.png","ascent": 8,"height": 9,"chars": ["\uE016"]},
		{"type": "bitmap","file": "minecraft:block/red_tulip.png","ascent": 8,"height": 9,"chars": ["\uE017"]},
		{"type": "bitmap","file": "minecraft:block/orange_tulip.png","ascent": 8,"height": 9,"chars": ["\uE018"]},
		{"type": "bitmap","file": "minecraft:block/white_tulip.png","ascent": 8,"height": 9,"chars": ["\uE019"]},
		{"type": "bitmap","file": "minecraft:block/pink_tulip.png","ascent": 8,"height": 9,"chars": ["\uE020"]},
		{"type": "bitmap","file": "minecraft:block/oxeye_daisy.png","ascent": 8,"height": 9,"chars": ["\uE021"]},
		{"type": "bitmap","file": "minecraft:block/cornflower.png","ascent": 8,"height": 9,"chars": ["\uE022"]},
		{"type": "bitmap","file": "minecraft:block/lily_of_the_valley.png","ascent": 8,"height": 9,"chars": ["\uE023"]},
		{"type": "bitmap","file": "minecraft:block/torchflower.png","ascent": 8,"height": 9,"chars": ["\uE024"]},
		{"type": "bitmap","file": "minecraft:block/wither_rose.png","ascent": 8,"height": 9,"chars": ["\uE025"]},
		{"type": "bitmap","file": "minecraft:block/obsidian.png","ascent": 8,"height": 9,"chars": ["\uE026"]},
		{"type": "bitmap","file": "minecraft:item/pitcher_plant.png","ascent": 8,"height": 9,"chars": ["\uE027"]},

		{"type": "bitmap","file": "minecraft:block/jungle_planks.png","ascent": 8,"height": 9,"chars": ["\uE028"]},
		{"type": "bitmap","file": "minecraft:block/vine.png","ascent": 8,"height": 9,"chars": ["\uE029"]},
		{"type": "bitmap","file": "minecraft:block/big_dripleaf_top.png","ascent": 8,"height": 9,"chars": ["\uE030"]},
		{"type": "bitmap","file": "minecraft:block/lily_pad.png","ascent": 8,"height": 9,"chars": ["\uE031"]},
		{"type": "bitmap","file": "minecraft:item/campfire.png","ascent": 8,"height": 9,"chars": ["\uE032"]},
		{"type": "bitmap","file": "minecraft:block/honey_block_side.png","ascent": 8,"height": 9,"chars": ["\uE033"]},
		{"type": "bitmap","file": "minecraft:block/enchanting_table_side.png","ascent": 8,"height": 9,"chars": ["\uE034"]}
	]
}
