{
    "providers": [
        {"type": "bitmap","file": "mc_calamity:gui/rippers/stealth.png","ascent": -15,"height": 10,"chars": [
 "\u0001","\u0002","\u0003","\u0004","\u0005","\u0006","\u0007","\u0008","\u0009","\u0010","\u0011","\u0012","\u0013","\u0014","\u0015","\u0016","\u0017","\u0018","\u0019","\u0020"
        ]},
        {"type": "space", "advances": {"\u000a": -20,"\u000b": -10,"\u000c": 0,"\u000e": -10}},

        {"type": "bitmap","file": "mc_calamity:gui/rippers/rage.png","ascent": -30,"height": 14,"chars": ["\u0101","\u0102","\u0103","\u0104","\u0105","\u0106","\u0107","\u0108","\u0109","\u0110","\u0111","\u0112","\u0113","\u0114","\u0115","\u0116","\u0117","\u0118","\u0119","\u0120","\u0121","\u0122","\u0123","\u0124","\u0125","\u0126","\u0127","\u0128","\u0129","\u0130","\u0131","\u0132","\u0133","\u0134","\u0135","\u0136","\u0137","\u0138","\u0139","\u0140","\u0141","\u0142","\u0143","\u0144","\u0145","\u0146","\u0147","\u0148","\u0149","\u0150"]},
        {"type": "space", "advances": {"\u010a": -53.66666667,"\u010b": -173,"\u010c": 283,"\u010d": -165}},

        {"type": "bitmap","file": "mc_calamity:gui/rippers/adrenaline.png","ascent": -40,"height": 27,"chars": ["\u0201","\u0202","\u0203","\u0204","\u0205","\u0206","\u0207","\u0208","\u0209","\u0210","\u0211","\u0212","\u0213","\u0214","\u0215","\u0216","\u0217","\u0218","\u0219","\u0220","\u0221","\u0222","\u0223","\u0224","\u0225","\u0226","\u0227","\u0228","\u0229","\u0230","\u0231","\u0232","\u0233","\u0234","\u0235","\u0236","\u0237","\u0238","\u0239","\u0240","\u0241","\u0242","\u0243","\u0244","\u0245","\u0246","\u0247","\u0248","\u0249","\u0250"]},
        {"type": "space", "advances": {"\u020a": -61.14705882,"\u020b": -178,"\u020c": 281,"\u020d": -165}},

        {"type": "bitmap","file": "mc_calamity:gui/rippers/mana_bar.png","ascent": -34,"height": 7,"chars":["\u0300"]},
        {"type": "bitmap","file": "mc_calamity:gui/rippers/mana_other.png","ascent": -34,"height": 7,"chars": ["\u0301","\u0302","\u0303","\u0304","\u0305","\u0306","\u0307","\u0308","\u0309","\u0310","\u0311","\u0312","\u0313","\u0314","\u0315","\u0316"]},
        {"type": "space", "advances": {"\u030a": 185,"\u030b": -93,"\u030c": 1,"\u030d": -93}},
        {"type": "space", "advances": {"\u031a": -1,"\u031b": 11,"\u031c": 21}},
        {"type": "space", "advances": {"\u032a": 181,"\u032b": -91,"\u032c": 0,"\u032d": -91}}
    ]
}
