{
	"credit": "Made by Skart2000",
	"texture_size": [32, 32],
	"textures": {
		"particle": "mc_calamity:block/cooking_pot",
		"pot": "mc_calamity:block/cooking_pot"
	},
	"elements": [
		{
			"name": "wood",
			"from": [3, 0, 3],
			"to": [13, 2, 13],
			"rotation": {"angle": -45, "axis": "y", "origin": [8, 0, 8]},
			"faces": {
				"north": {"uv": [6, 10, 11, 11], "texture": "#pot"},
				"east": {"uv": [6, 10, 11, 11], "texture": "#pot"},
				"south": {"uv": [6, 10, 11, 11], "texture": "#pot"},
				"west": {"uv": [6, 10, 11, 11], "texture": "#pot"},
				"up": {"uv": [6, 5, 11, 10], "texture": "#pot"},
				"down": {"uv": [6, 5, 11, 10], "texture": "#pot"}
			}
		},
		{
			"name": "pot_0",
			"from": [2, 2, 2],
			"to": [14, 12, 14],
			"faces": {
				"north": {"uv": [6, 0, 12, 5], "texture": "#pot"},
				"east": {"uv": [6, 0, 12, 5], "texture": "#pot"},
				"south": {"uv": [6, 0, 12, 5], "texture": "#pot"},
				"west": {"uv": [6, 0, 12, 5], "texture": "#pot"},
				"up": {"uv": [0, 0, 6, 6], "texture": "#pot"},
				"down": {"uv": [0, 6, 6, 12], "texture": "#pot"}
			}
		},
		{
			"name": "pot_1",
			"from": [4, 12, 4],
			"to": [12, 14, 12],
			"faces": {
				"north": {"uv": [12, 0, 16, 1], "texture": "#pot"},
				"east": {"uv": [12, 0, 16, 1], "texture": "#pot"},
				"south": {"uv": [12, 0, 16, 1], "texture": "#pot"},
				"west": {"uv": [12, 0, 16, 1], "texture": "#pot"}
			}
		},
		{
			"name": "pot_2",
			"from": [12, 14, 12],
			"to": [4, 12, 4],
			"faces": {
				"north": {"uv": [12, 1, 16, 2], "rotation": 180, "texture": "#pot"},
				"east": {"uv": [12, 1, 16, 2], "rotation": 180, "texture": "#pot"},
				"south": {"uv": [12, 1, 16, 2], "rotation": 180, "texture": "#pot"},
				"west": {"uv": [12, 1, 16, 2], "rotation": 180, "texture": "#pot"}
			}
		},
		{
			"name": "pot_3",
			"from": [3, 14, 3],
			"to": [13, 14, 13],
			"faces": {
				"up": {"uv": [11, 5, 16, 10], "texture": "#pot"},
				"down": {"uv": [11, 10, 16, 15], "texture": "#pot"}
			}
		},
		{
			"name": "handle_left",
			"from": [0, 10, 5],
			"to": [2, 10, 11],
			"faces": {
				"up": {"uv": [12, 2, 13, 5], "texture": "#pot"},
				"down": {"uv": [12, 2, 13, 5], "texture": "#pot"}
			}
		},
		{
			"name": "handle_right",
			"from": [14, 10, 5],
			"to": [16, 10, 11],
			"faces": {
				"up": {"uv": [13, 2, 12, 5], "texture": "#pot"},
				"down": {"uv": [13, 2, 12, 5], "texture": "#pot"}
			}
		}
	],
	"display": {
		"thirdperson_righthand": {
			"rotation": [75, 45, 0],
			"translation": [0, 2.5, 0],
			"scale": [0.375, 0.375, 0.375]
		},
		"thirdperson_lefthand": {
			"rotation": [75, 45, 0],
			"translation": [0, 2.5, 0],
			"scale": [0.375, 0.375, 0.375]
		},
		"firstperson_righthand": {
			"rotation": [180, 45, 180],
			"scale": [0.4, 0.4, 0.4]
		},
		"firstperson_lefthand": {
			"rotation": [180, 45, 180],
			"scale": [0.4, 0.4, 0.4]
		},
		"ground": {
			"translation": [0, 3, 0],
			"scale": [0.25, 0.25, 0.25]
		},
		"gui": {
			"rotation": [30, 225, 0],
			"scale": [0.625, 0.625, 0.625]
		},
		"head": {
			"translation": [0, 12.75, 0],
			"scale": [0.8, 0.8, 0.8]
		},
		"fixed": {
			"scale": [0.5, 0.5, 0.5]
		}
	},
	"groups": [
		{
			"name": "cooking_pot",
			"origin": [8, 8, 8],
			"color": 0,
			"children": [0, 1, 2, 3, 4, 5, 6]
		}
	]
}
