{
	"credit": "Made by Skart2000",
	"texture_size": [64, 64],
	"textures": {
		"particle": "mc_calamity:block/demon_altar",
		"altar": "mc_calamity:block/demon_altar"
	},
	"elements": [
		{
			"name": "altar_0",
			"from": [1, 0, 1],
			"to": [16, 3, 15],
			"rotation": {"angle": 0, "axis": "y", "origin": [16, 0, 8]},
			"faces": {
				"north": {"uv": [0, 3.5, 3.75, 4.25], "texture": "#altar"},
				"south": {"uv": [3.75, 3.5, 0, 4.25], "texture": "#altar"},
				"west": {"uv": [0, 4.25, 3.5, 5], "texture": "#altar"},
				"up": {"uv": [0, 0, 3.75, 3.5], "texture": "#altar"},
				"down": {"uv": [0, 3.5, 3.75, 0], "texture": "#altar"}
			}
		},
		{
			"name": "altar_1",
			"from": [3, 3, 2],
			"to": [16, 13, 14],
			"rotation": {"angle": 0, "axis": "y", "origin": [16, 0, 8]},
			"faces": {
				"north": {"uv": [0, 5, 3.25, 7.5], "texture": "#altar"},
				"south": {"uv": [3.25, 5, 0, 7.5], "texture": "#altar"},
				"west": {"uv": [0, 7.5, 3, 10], "texture": "#altar"}
			}
		},
		{
			"name": "altar_2",
			"from": [2, 13, 1],
			"to": [16, 16, 15],
			"rotation": {"angle": 0, "axis": "y", "origin": [16, 0, 8]},
			"faces": {
				"north": {"uv": [0, 13.5, 3.5, 14.25], "texture": "#altar"},
				"south": {"uv": [3.5, 13.5, 0, 14.25], "texture": "#altar"},
				"west": {"uv": [0, 14.25, 3.5, 15], "texture": "#altar"},
				"up": {"uv": [0, 10, 3.5, 13.5], "texture": "#altar"},
				"down": {"uv": [3.75, 0, 7.25, 3.5], "texture": "#altar"}
			}
		},
		{
			"name": "spike_0",
			"from": [14, 13, -1.5],
			"to": [16, 21, 2.5],
			"rotation": {"angle": -22.5, "axis": "x", "origin": [16, 16, 1]},
			"faces": {
				"north": {"uv": [3.75, 3.5, 4.25, 5.5], "texture": "#altar"},
				"south": {"uv": [4.25, 3.5, 3.75, 5.5], "texture": "#altar"},
				"west": {"uv": [4.25, 3.5, 5.25, 5.5], "texture": "#altar"},
				"up": {"uv": [5.25, 3.5, 5.75, 4.5], "texture": "#altar"},
				"down": {"uv": [5.25, 4.5, 5.75, 5.5], "texture": "#altar"}
			}
		},
		{
			"name": "spike_1",
			"from": [8, 14, -0.5],
			"to": [11, 19, 2.5],
			"rotation": {"angle": -45, "axis": "x", "origin": [9.5, 16, 1]},
			"faces": {
				"north": {"uv": [3.75, 5.5, 4.5, 6.75], "texture": "#altar"},
				"east": {"uv": [4.5, 5.5, 3.75, 6.75], "texture": "#altar"},
				"south": {"uv": [3.75, 5.5, 4.5, 6.75], "texture": "#altar"},
				"west": {"uv": [4.5, 5.5, 3.75, 6.75], "texture": "#altar"},
				"up": {"uv": [4.5, 5.5, 5.25, 6.25], "texture": "#altar"},
				"down": {"uv": [4.5, 5.5, 5.25, 6.25], "texture": "#altar"}
			}
		},
		{
			"name": "spike_2",
			"from": [0.5, 14, 3],
			"to": [3.5, 20, 6],
			"rotation": {"angle": 22.5, "axis": "z", "origin": [2, 16, 4.5]},
			"faces": {
				"north": {"uv": [4.5, 6.75, 3.75, 8.25], "texture": "#altar"},
				"east": {"uv": [3.75, 6.75, 4.5, 8.25], "texture": "#altar"},
				"south": {"uv": [4.5, 6.75, 3.75, 8.25], "texture": "#altar"},
				"west": {"uv": [3.75, 6.75, 4.5, 8.25], "texture": "#altar"},
				"up": {"uv": [4.5, 6.75, 5.25, 7.5], "texture": "#altar"},
				"down": {"uv": [4.5, 7.5, 5.25, 8.25], "texture": "#altar"}
			}
		},
		{
			"name": "spike_3",
			"from": [0.5, 14, 10],
			"to": [3.5, 20, 13],
			"rotation": {"angle": 22.5, "axis": "z", "origin": [2, 16, 11.5]},
			"faces": {
				"north": {"uv": [4.5, 6.75, 3.75, 8.25], "texture": "#altar"},
				"east": {"uv": [3.75, 6.75, 4.5, 8.25], "texture": "#altar"},
				"south": {"uv": [4.5, 6.75, 3.75, 8.25], "texture": "#altar"},
				"west": {"uv": [3.75, 6.75, 4.5, 8.25], "texture": "#altar"},
				"up": {"uv": [4.5, 6.75, 5.25, 7.5], "texture": "#altar"},
				"down": {"uv": [4.5, 7.5, 5.25, 8.25], "texture": "#altar"}
			}
		},
		{
			"name": "spike_4",
			"from": [5, 14, 13.5],
			"to": [8, 19, 16.5],
			"rotation": {"angle": 45, "axis": "x", "origin": [6.5, 16, 15]},
			"faces": {
				"north": {"uv": [3.75, 5.5, 4.5, 6.75], "texture": "#altar"},
				"east": {"uv": [4.5, 5.5, 3.75, 6.75], "texture": "#altar"},
				"south": {"uv": [3.75, 5.5, 4.5, 6.75], "texture": "#altar"},
				"west": {"uv": [4.5, 5.5, 3.75, 6.75], "texture": "#altar"},
				"up": {"uv": [4.5, 5.5, 5.25, 6.25], "texture": "#altar"},
				"down": {"uv": [4.5, 5.5, 5.25, 6.25], "texture": "#altar"}
			}
		},
		{
			"name": "spike_5",
			"from": [11, 14, 13.5],
			"to": [14, 21, 16.5],
			"rotation": {"angle": 22.5, "axis": "x", "origin": [12.5, 16, 15]},
			"faces": {
				"north": {"uv": [3.5, 8.25, 4.25, 10], "texture": "#altar"},
				"east": {"uv": [4.25, 8.25, 3.5, 10], "texture": "#altar"},
				"south": {"uv": [3.5, 8.25, 4.25, 10], "texture": "#altar"},
				"west": {"uv": [4.25, 8.25, 3.5, 10], "texture": "#altar"},
				"up": {"uv": [4.25, 8.25, 5, 9], "texture": "#altar"},
				"down": {"uv": [4.25, 9, 5, 9.75], "texture": "#altar"}
			}
		},
		{
			"name": "altar_3",
			"from": [16, 0, 1],
			"to": [31, 3, 15],
			"rotation": {"angle": 0, "axis": "y", "origin": [16, 0, 8]},
			"faces": {
				"north": {"uv": [3.75, 3.5, 0, 4.25], "texture": "#altar"},
				"east": {"uv": [3.5, 4.25, 0, 5], "texture": "#altar"},
				"south": {"uv": [0, 3.5, 3.75, 4.25], "texture": "#altar"},
				"up": {"uv": [3.75, 0, 0, 3.5], "texture": "#altar"},
				"down": {"uv": [3.75, 3.5, 0, 0], "texture": "#altar"}
			}
		},
		{
			"name": "altar_4",
			"from": [16, 3, 2],
			"to": [29, 13, 14],
			"rotation": {"angle": 0, "axis": "y", "origin": [16, 0, 8]},
			"faces": {
				"north": {"uv": [3.25, 5, 0, 7.5], "texture": "#altar"},
				"east": {"uv": [3, 7.5, 0, 10], "texture": "#altar"},
				"south": {"uv": [0, 5, 3.25, 7.5], "texture": "#altar"}
			}
		},
		{
			"name": "altar_5",
			"from": [16, 13, 1],
			"to": [30, 16, 15],
			"rotation": {"angle": 0, "axis": "y", "origin": [16, 0, 8]},
			"faces": {
				"north": {"uv": [3.5, 13.5, 0, 14.25], "texture": "#altar"},
				"east": {"uv": [3.5, 14.25, 0, 15], "texture": "#altar"},
				"south": {"uv": [0, 13.5, 3.5, 14.25], "texture": "#altar"},
				"up": {"uv": [3.5, 10, 0, 13.5], "texture": "#altar"},
				"down": {"uv": [7.25, 0, 3.75, 3.5], "texture": "#altar"}
			}
		},
		{
			"name": "spike_6",
			"from": [16, 13, -1.5],
			"to": [18, 21, 2.5],
			"rotation": {"angle": -22.5, "axis": "x", "origin": [16, 16, 1]},
			"faces": {
				"north": {"uv": [4.25, 3.5, 3.75, 5.5], "texture": "#altar"},
				"east": {"uv": [5.25, 3.5, 4.25, 5.5], "texture": "#altar"},
				"south": {"uv": [3.75, 3.5, 4.25, 5.5], "texture": "#altar"},
				"up": {"uv": [5.75, 3.5, 5.25, 4.5], "texture": "#altar"},
				"down": {"uv": [5.75, 4.5, 5.25, 5.5], "texture": "#altar"}
			}
		},
		{
			"name": "spike_7",
			"from": [21, 14, -0.5],
			"to": [24, 19, 2.5],
			"rotation": {"angle": -45, "axis": "x", "origin": [22.5, 16, 1]},
			"faces": {
				"north": {"uv": [4.5, 5.5, 3.75, 6.75], "texture": "#altar"},
				"east": {"uv": [3.75, 5.5, 4.5, 6.75], "texture": "#altar"},
				"south": {"uv": [4.5, 5.5, 3.75, 6.75], "texture": "#altar"},
				"west": {"uv": [3.75, 5.5, 4.5, 6.75], "texture": "#altar"},
				"up": {"uv": [5.25, 5.5, 4.5, 6.25], "texture": "#altar"},
				"down": {"uv": [5.25, 5.5, 4.5, 6.25], "texture": "#altar"}
			}
		},
		{
			"name": "spike_8",
			"from": [28.5, 14, 3],
			"to": [31.5, 20, 6],
			"rotation": {"angle": -22.5, "axis": "z", "origin": [30, 16, 4.5]},
			"faces": {
				"north": {"uv": [3.75, 6.75, 4.5, 8.25], "texture": "#altar"},
				"east": {"uv": [4.5, 6.75, 3.75, 8.25], "texture": "#altar"},
				"south": {"uv": [3.75, 6.75, 4.5, 8.25], "texture": "#altar"},
				"west": {"uv": [4.5, 6.75, 3.75, 8.25], "texture": "#altar"},
				"up": {"uv": [5.25, 6.75, 4.5, 7.5], "texture": "#altar"},
				"down": {"uv": [5.25, 7.5, 4.5, 8.25], "texture": "#altar"}
			}
		},
		{
			"name": "spike_9",
			"from": [28.5, 14, 10],
			"to": [31.5, 20, 13],
			"rotation": {"angle": -22.5, "axis": "z", "origin": [30, 16, 11.5]},
			"faces": {
				"north": {"uv": [3.75, 6.75, 4.5, 8.25], "texture": "#altar"},
				"east": {"uv": [4.5, 6.75, 3.75, 8.25], "texture": "#altar"},
				"south": {"uv": [3.75, 6.75, 4.5, 8.25], "texture": "#altar"},
				"west": {"uv": [4.5, 6.75, 3.75, 8.25], "texture": "#altar"},
				"up": {"uv": [5.25, 6.75, 4.5, 7.5], "texture": "#altar"},
				"down": {"uv": [5.25, 7.5, 4.5, 8.25], "texture": "#altar"}
			}
		},
		{
			"name": "spike_10",
			"from": [24, 14, 13.5],
			"to": [27, 19, 16.5],
			"rotation": {"angle": 45, "axis": "x", "origin": [25.5, 16, 15]},
			"faces": {
				"north": {"uv": [4.5, 5.5, 3.75, 6.75], "texture": "#altar"},
				"east": {"uv": [3.75, 5.5, 4.5, 6.75], "texture": "#altar"},
				"south": {"uv": [4.5, 5.5, 3.75, 6.75], "texture": "#altar"},
				"west": {"uv": [3.75, 5.5, 4.5, 6.75], "texture": "#altar"},
				"up": {"uv": [5.25, 5.5, 4.5, 6.25], "texture": "#altar"},
				"down": {"uv": [5.25, 5.5, 4.5, 6.25], "texture": "#altar"}
			}
		},
		{
			"name": "spike_11",
			"from": [18, 14, 13.5],
			"to": [21, 21, 16.5],
			"rotation": {"angle": 22.5, "axis": "x", "origin": [19.5, 16, 15]},
			"faces": {
				"north": {"uv": [4.25, 8.25, 3.5, 10], "texture": "#altar"},
				"east": {"uv": [3.5, 8.25, 4.25, 10], "texture": "#altar"},
				"south": {"uv": [4.25, 8.25, 3.5, 10], "texture": "#altar"},
				"west": {"uv": [3.5, 8.25, 4.25, 10], "texture": "#altar"},
				"up": {"uv": [5, 8.25, 4.25, 9], "texture": "#altar"},
				"down": {"uv": [5, 9, 4.25, 9.75], "texture": "#altar"}
			}
		}
	],
	"display": {
		"thirdperson_righthand": {
			"rotation": [75, 45, 0],
			"translation": [0, 1.5, 0],
			"scale": [0.3, 0.3, 0.3]
		},
		"thirdperson_lefthand": {
			"rotation": [75, 45, 0],
			"translation": [3.25, 4.5, 0],
			"scale": [0.3, 0.3, 0.3]
		},
		"firstperson_righthand": {
			"rotation": [180, 45, 180],
			"translation": [7.5, 0, 0],
			"scale": [0.4, 0.4, 0.4]
		},
		"firstperson_lefthand": {
			"rotation": [180, 45, 180],
			"translation": [0, 0, -3],
			"scale": [0.4, 0.4, 0.4]
		},
		"ground": {
			"translation": [-2, 3, 0],
			"scale": [0.25, 0.25, 0.25]
		},
		"gui": {
			"rotation": [30, 225, 0],
			"translation": [2.5, 0.5, 0],
			"scale": [0.45, 0.45, 0.45]
		},
		"head": {
			"translation": [-6.25, 12.75, 0],
			"scale": [0.8, 0.8, 0.8]
		},
		"fixed": {
			"translation": [-4, 0, 0],
			"scale": [0.5, 0.5, 0.5]
		}
	},
	"groups": [
		{
			"name": "altar_left",
			"origin": [8, 8, 8],
			"color": 0,
			"children": [0, 1, 2, 3, 4, 5, 6, 7, 8]
		},
		{
			"name": "altar_right",
			"origin": [8, 8, 8],
			"color": 0,
			"children": [9, 10, 11, 12, 13, 14, 15, 16, 17]
		}
	]
}
