{
	"credit": "Made by Skart2000",
	"texture_size": [64, 64],
	"textures": {
		"particle": "mc_calamity:block/furnace",
		"furnace": "mc_calamity:block/furnace",
		"fire": "mc_calamity:block/furnace_fire"
	},
	"elements": [
		{
			"name": "furnace_0",
			"from": [0, 0, 1],
			"to": [16, 6, 15],
			"faces": {
				"north": {"uv": [0, 0, 4, 1.5], "texture": "#furnace"},
				"east": {"uv": [0, 1.5, 3.5, 3], "texture": "#furnace"},
				"south": {"uv": [0, 0, 4, 1.5], "texture": "#furnace"},
				"west": {"uv": [0, 1.5, 3.5, 3], "texture": "#furnace"},
				"up": {"uv": [0, 6.5, 4, 10], "texture": "#furnace"},
				"down": {"uv": [0, 3, 4, 6.5], "texture": "#furnace"}
			}
		},
		{
			"name": "furnace_1",
			"from": [3, 6, 4],
			"to": [6, 12, 14],
			"faces": {
				"north": {"uv": [4, 3, 4.75, 4.5], "texture": "#furnace"},
				"east": {"uv": [4, 1.5, 6.5, 3], "texture": "#furnace"},
				"south": {"uv": [4.75, 3, 5.5, 4.5], "texture": "#furnace"},
				"west": {"uv": [4, 0, 6.5, 1.5], "texture": "#furnace"}
			}
		},
		{
			"name": "furnace_2",
			"from": [12, 6, 4],
			"to": [15, 12, 14],
			"faces": {
				"north": {"uv": [4.75, 3, 4, 4.5], "texture": "#furnace"},
				"east": {"uv": [6.5, 0, 4, 1.5], "texture": "#furnace"},
				"south": {"uv": [5.5, 3, 4.75, 4.5], "texture": "#furnace"},
				"west": {"uv": [6.5, 1.5, 4, 3], "texture": "#furnace"}
			}
		},
		{
			"name": "furnace_3",
			"from": [6, 6, 10],
			"to": [12, 12, 14],
			"faces": {
				"north": {"uv": [6.5, 1.5, 8, 3], "texture": "#furnace"},
				"south": {"uv": [6.5, 0, 8, 1.5], "texture": "#furnace"}
			}
		},
		{
			"name": "furnace_4",
			"from": [3, 12, 4],
			"to": [15, 16, 14],
			"faces": {
				"north": {"uv": [8, 5, 11, 6], "texture": "#furnace"},
				"east": {"uv": [10.5, 7, 8, 8], "texture": "#furnace"},
				"south": {"uv": [8, 6, 11, 7], "texture": "#furnace"},
				"west": {"uv": [8, 7, 10.5, 8], "texture": "#furnace"},
				"up": {"uv": [8, 0, 11, 2.5], "texture": "#furnace"},
				"down": {"uv": [8, 2.5, 11, 5], "texture": "#furnace"}
			}
		},
		{
			"name": "furnace_5",
			"from": [5, 12, 1],
			"to": [13, 14, 4],
			"faces": {
				"north": {"uv": [11, 1.5, 13, 2], "texture": "#furnace"},
				"east": {"uv": [11.75, 2, 11, 2.5], "texture": "#furnace"},
				"west": {"uv": [11, 2, 11.75, 2.5], "texture": "#furnace"},
				"up": {"uv": [11, 0, 13, 0.75], "texture": "#furnace"},
				"down": {"uv": [11, 0.75, 13, 1.5], "texture": "#furnace"}
			}
		},
		{
			"name": "bellow_0",
			"from": [0, 6, 0],
			"to": [5, 7, 3],
			"faces": {
				"north": {"uv": [0, 10.75, 1.25, 11], "texture": "#furnace"},
				"east": {"uv": [0.75, 11, 0, 11.25], "texture": "#furnace"},
				"south": {"uv": [1.25, 10.75, 0, 11], "texture": "#furnace"},
				"west": {"uv": [0, 11, 0.75, 11.25], "texture": "#furnace"},
				"up": {"uv": [0, 10, 1.25, 10.75], "texture": "#furnace"},
				"down": {"uv": [0, 10.75, 1.25, 10], "texture": "#furnace"}
			}
		},
		{
			"name": "bellow_1",
			"from": [-2, 6, 1],
			"to": [0, 7, 2],
			"faces": {
				"north": {"uv": [1.25, 11, 0.75, 11.25], "texture": "#furnace"},
				"south": {"uv": [0.75, 11, 1.25, 11.25], "texture": "#furnace"},
				"west": {"uv": [1.25, 11, 1.5, 11.25], "texture": "#furnace"},
				"up": {"uv": [0.75, 11, 1.25, 11.25], "texture": "#furnace"},
				"down": {"uv": [0.75, 11, 1.25, 11.25], "texture": "#furnace"}
			}
		},
		{
			"name": "bellow_2",
			"from": [0, 7, 0],
			"to": [5, 8, 3],
			"rotation": {"angle": -22.5, "axis": "z", "origin": [5, 7, 1.5]},
			"faces": {
				"north": {"uv": [0, 10.75, 1.25, 11], "texture": "#furnace"},
				"east": {"uv": [0.75, 11, 0, 11.25], "texture": "#furnace"},
				"south": {"uv": [1.25, 10.75, 0, 11], "texture": "#furnace"},
				"west": {"uv": [0, 11, 0.75, 11.25], "texture": "#furnace"},
				"up": {"uv": [0, 10, 1.25, 10.75], "texture": "#furnace"},
				"down": {"uv": [0, 10, 1.25, 10.75], "texture": "#furnace"}
			}
		},
		{
			"name": "bellow_3",
			"from": [-2, 7, 1],
			"to": [0, 8, 2],
			"rotation": {"angle": -22.5, "axis": "z", "origin": [5, 7, 1.5]},
			"faces": {
				"north": {"uv": [1.25, 11, 0.75, 11.25], "texture": "#furnace"},
				"south": {"uv": [0.75, 11, 1.25, 11.25], "texture": "#furnace"},
				"west": {"uv": [1.25, 11, 1.5, 11.25], "texture": "#furnace"},
				"up": {"uv": [0.75, 11, 1.25, 11.25], "texture": "#furnace"},
				"down": {"uv": [0.75, 11, 1.25, 11.25], "texture": "#furnace"}
			}
		},
		{
			"name": "bellow_4",
			"from": [5, 6.5, 1],
			"to": [7, 7.5, 2],
			"faces": {
				"north": {"uv": [0.75, 11, 1.25, 11.25], "texture": "#furnace"},
				"east": {"uv": [1.25, 11, 1.5, 11.25], "texture": "#furnace"},
				"south": {"uv": [1.25, 11, 0.75, 11.25], "texture": "#furnace"},
				"up": {"uv": [1.25, 11, 0.75, 11.25], "texture": "#furnace"},
				"down": {"uv": [1.25, 11, 0.75, 11.25], "texture": "#furnace"}
			}
		},
		{
			"name": "bellow_5",
			"from": [1, 6, 0.5],
			"to": [5, 7, 2.5],
			"rotation": {"angle": -22.5, "axis": "z", "origin": [5, 7, 1.5]},
			"faces": {
				"north": {"uv": [0, 11.25, 1, 11.5], "texture": "#furnace"},
				"south": {"uv": [1, 11.25, 0, 11.5], "texture": "#furnace"},
				"west": {"uv": [0, 11.5, 0.5, 11.75], "texture": "#furnace"}
			}
		},
		{
			"name": "bellow_6",
			"from": [1, 5.2, 0.5],
			"to": [3, 6.2, 2.5],
			"rotation": {"angle": -22.5, "axis": "z", "origin": [5, 7, 1.5]},
			"faces": {
				"north": {"uv": [0, 11.75, 0.5, 12], "texture": "#furnace"},
				"south": {"uv": [0.5, 11.75, 0, 12], "texture": "#furnace"},
				"west": {"uv": [0, 12, 0.5, 12.25], "texture": "#furnace"}
			}
		},
		{
			"name": "fire",
			"from": [6, 6, 7],
			"to": [12, 10, 7],
			"faces": {
				"north": {"uv": [2, 8, 14, 16], "texture": "#fire"},
				"south": {"uv": [14, 8, 2, 16], "texture": "#fire"}
			}
		}
	],
	"groups": [
		{
			"name": "furnace",
			"origin": [8, 8, 8],
			"color": 0,
			"children": [0, 1, 2, 3, 4, 5, 6, 7, 8, 9, 10, 11, 12, 13]
		}
	]
}
