{
	"credit": "Made by Skart2000",
	"texture_size": [32, 32],
	"textures": {
		"particle": "mc_calamity:block/loom",
		"loom": "mc_calamity:block/loom"
	},
	"elements": [
		{
			"name": "loom_0",
			"from": [1, 3, 5],
			"to": [11, 13, 11],
			"faces": {
				"north": {"uv": [0, 0, 5, 5], "texture": "#loom"},
				"east": {"uv": [0, 5, 5, 8], "rotation": 90, "texture": "#loom"},
				"south": {"uv": [0, 0, 5, 5], "texture": "#loom"},
				"west": {"uv": [0, 8, 5, 5], "rotation": 90, "texture": "#loom"},
				"up": {"uv": [0, 8, 5, 11], "texture": "#loom"},
				"down": {"uv": [0, 11, 5, 14], "texture": "#loom"}
			}
		},
		{
			"name": "loom_1",
			"from": [11, 13, 11],
			"to": [1, 3, 5],
			"faces": {
				"north": {"uv": [5, 0, 10, 5], "rotation": 180, "texture": "#loom"},
				"east": {"uv": [5, 11, 0, 14], "rotation": 90, "texture": "#loom"},
				"south": {"uv": [5, 0, 10, 5], "rotation": 180, "texture": "#loom"},
				"west": {"uv": [0, 11, 5, 14], "rotation": 90, "texture": "#loom"},
				"up": {"uv": [0, 11, 5, 14], "texture": "#loom"},
				"down": {"uv": [0, 11, 5, 14], "texture": "#loom"}
			}
		},
		{
			"name": "loom_2",
			"from": [0, 4, 6],
			"to": [16, 5, 10],
			"faces": {
				"north": {"uv": [5, 9, 13, 9.5], "texture": "#loom"},
				"east": {"uv": [5, 10, 7, 10.5], "texture": "#loom"},
				"south": {"uv": [5, 9.5, 13, 10], "texture": "#loom"},
				"west": {"uv": [5, 10, 7, 10.5], "texture": "#loom"},
				"up": {"uv": [5, 5, 13, 7], "texture": "#loom"},
				"down": {"uv": [5, 7, 13, 9], "texture": "#loom"}
			}
		},
		{
			"name": "loom_3",
			"from": [12, 0, 6],
			"to": [16, 4, 6],
			"faces": {
				"north": {"uv": [5, 10.5, 7, 12.5], "texture": "#loom"},
				"south": {"uv": [7, 10.5, 5, 12.5], "texture": "#loom"}
			}
		},
		{
			"name": "leg_0",
			"from": [0, 0, 4],
			"to": [2, 4, 6],
			"faces": {
				"north": {"uv": [10, 0, 11, 2], "texture": "#loom"},
				"east": {"uv": [11, 0, 10, 2], "texture": "#loom"},
				"south": {"uv": [10, 0, 11, 2], "texture": "#loom"},
				"west": {"uv": [11, 0, 10, 2], "texture": "#loom"},
				"up": {"uv": [10, 2, 11, 3], "texture": "#loom"},
				"down": {"uv": [10, 3, 11, 4], "texture": "#loom"}
			}
		},
		{
			"name": "leg_1",
			"from": [0, 0, 10],
			"to": [2, 4, 12],
			"faces": {
				"north": {"uv": [11, 0, 10, 2], "texture": "#loom"},
				"east": {"uv": [10, 0, 11, 2], "texture": "#loom"},
				"south": {"uv": [11, 0, 10, 2], "texture": "#loom"},
				"west": {"uv": [10, 0, 11, 2], "texture": "#loom"},
				"up": {"uv": [10, 3, 11, 2], "texture": "#loom"},
				"down": {"uv": [10, 4, 11, 3], "texture": "#loom"}
			}
		},
		{
			"name": "leg_2",
			"from": [10, 0, 4],
			"to": [12, 4, 6],
			"faces": {
				"north": {"uv": [11, 0, 10, 2], "texture": "#loom"},
				"east": {"uv": [10, 0, 11, 2], "texture": "#loom"},
				"south": {"uv": [11, 0, 10, 2], "texture": "#loom"},
				"west": {"uv": [10, 0, 11, 2], "texture": "#loom"},
				"up": {"uv": [11, 2, 10, 3], "texture": "#loom"},
				"down": {"uv": [11, 3, 10, 4], "texture": "#loom"}
			}
		},
		{
			"name": "leg_3",
			"from": [10, 0, 10],
			"to": [12, 4, 12],
			"faces": {
				"north": {"uv": [10, 0, 11, 2], "texture": "#loom"},
				"east": {"uv": [11, 0, 10, 2], "texture": "#loom"},
				"south": {"uv": [10, 0, 11, 2], "texture": "#loom"},
				"west": {"uv": [11, 0, 10, 2], "texture": "#loom"},
				"up": {"uv": [11, 3, 10, 2], "texture": "#loom"},
				"down": {"uv": [11, 4, 10, 3], "texture": "#loom"}
			}
		}
	],
	"display": {
		"thirdperson_righthand": {
			"rotation": [75, 45, 0],
			"translation": [0, 2.5, 0],
			"scale": [0.375, 0.375, 0.375]
		},
		"thirdperson_lefthand": {
			"rotation": [75, 45, 0],
			"translation": [0, 2.5, 0],
			"scale": [0.375, 0.375, 0.375]
		},
		"firstperson_righthand": {
			"rotation": [180, 45, 180],
			"translation": [0, 1, 0],
			"scale": [0.4, 0.4, 0.4]
		},
		"firstperson_lefthand": {
			"rotation": [180, 45, 180],
			"translation": [0, 1, 0],
			"scale": [0.4, 0.4, 0.4]
		},
		"ground": {
			"translation": [0, 3, 0],
			"scale": [0.25, 0.25, 0.25]
		},
		"gui": {
			"rotation": [30, 225, 0],
			"translation": [-0.75, 0.75, 0],
			"scale": [0.8, 0.8, 0.8]
		},
		"head": {
			"translation": [0, 12.75, 0],
			"scale": [0.8, 0.8, 0.8]
		},
		"fixed": {
			"translation": [0, 0.75, 0],
			"scale": [0.5, 0.5, 0.5]
		}
	},
	"groups": [
		{
			"name": "loom",
			"origin": [8, 8, 8],
			"color": 0,
			"children": [0, 1, 2, 3, 4, 5, 6, 7]
		}
	]
}
