{
	"credit": "Made by Skart2000",
	"texture_size": [32, 32],
	"textures": {
		"particle": "mc_calamity:block/piggy_bank",
		"bank": "mc_calamity:block/piggy_bank"
	},
	"elements": [
		{
			"name": "pig",
			"from": [3.5, 2, 5.5],
			"to": [12.5, 7, 10.5],
			"faces": {
				"north": {"uv": [0, 0, 4.5, 2.5], "texture": "#bank"},
				"east": {"uv": [2.5, 7.5, 5, 10], "texture": "#bank"},
				"south": {"uv": [4.5, 0, 0, 2.5], "texture": "#bank"},
				"west": {"uv": [0, 7.5, 2.5, 10], "texture": "#bank"},
				"up": {"uv": [0, 5, 4.5, 7.5], "texture": "#bank"},
				"down": {"uv": [0, 2.5, 4.5, 5], "texture": "#bank"}
			}
		},
		{
			"name": "left_ear",
			"from": [4.5, 7, 8.49],
			"to": [5.5, 9, 10.49],
			"rotation": {"angle": 22.5, "axis": "z", "origin": [5.5, 7, 9.5]},
			"faces": {
				"north": {"uv": [8.5, 0, 9, 1], "texture": "#bank"},
				"east": {"uv": [8.5, 0, 7.5, 1], "texture": "#bank"},
				"south": {"uv": [9, 0, 8.5, 1], "texture": "#bank"},
				"west": {"uv": [7.5, 0, 6.5, 1], "texture": "#bank"},
				"up": {"uv": [7.5, 1, 6.5, 1.5], "rotation": 90, "texture": "#bank"}
			}
		},
		{
			"name": "right_ear",
			"from": [4.5, 7, 5.51],
			"to": [5.5, 9, 7.51],
			"rotation": {"angle": 22.5, "axis": "z", "origin": [5.5, 7, 6.5]},
			"faces": {
				"north": {"uv": [8.5, 0, 9, 1], "texture": "#bank"},
				"east": {"uv": [7.5, 0, 8.5, 1], "texture": "#bank"},
				"south": {"uv": [9, 0, 8.5, 1], "texture": "#bank"},
				"west": {"uv": [6.5, 0, 7.5, 1], "texture": "#bank"},
				"up": {"uv": [6.5, 1, 7.5, 1.5], "rotation": 90, "texture": "#bank"}
			}
		},
		{
			"name": "snout",
			"from": [2.5, 3, 6.5],
			"to": [3.5, 6, 9.5],
			"faces": {
				"north": {"uv": [6, 0, 6.5, 1.5], "texture": "#bank"},
				"south": {"uv": [6.5, 0, 6, 1.5], "texture": "#bank"},
				"west": {"uv": [4.5, 0, 6, 1.5], "texture": "#bank"},
				"up": {"uv": [6, 0, 6.5, 1.5], "texture": "#bank"},
				"down": {"uv": [6, 0, 6.5, 1.5], "texture": "#bank"}
			}
		},
		{
			"name": "tail",
			"from": [12.5, 3, 7],
			"to": [15.5, 5, 9],
			"rotation": {"angle": 22.5, "axis": "z", "origin": [12.5, 3, 8]},
			"faces": {
				"north": {"uv": [4.5, 3.5, 6, 4.5], "texture": "#bank"},
				"east": {"uv": [4.5, 6.5, 5.5, 7.5], "texture": "#bank"},
				"south": {"uv": [6, 3.5, 4.5, 4.5], "texture": "#bank"},
				"up": {"uv": [4.5, 5.5, 6, 6.5], "texture": "#bank"},
				"down": {"uv": [4.5, 4.5, 6, 5.5], "texture": "#bank"}
			}
		},
		{
			"name": "leg_0",
			"from": [4.5, 0, 5.5],
			"to": [6.5, 2, 7.5],
			"faces": {
				"north": {"uv": [4.5, 1.5, 5.5, 2.5], "texture": "#bank"},
				"east": {"uv": [4.5, 2.5, 5.5, 3.5], "texture": "#bank"},
				"south": {"uv": [5.5, 1.5, 4.5, 2.5], "texture": "#bank"},
				"west": {"uv": [5.5, 1.5, 6.5, 2.5], "texture": "#bank"},
				"down": {"uv": [5.5, 2.5, 6.5, 3.5], "texture": "#bank"}
			}
		},
		{
			"name": "leg_1",
			"from": [4.5, 0, 8.5],
			"to": [6.5, 2, 10.5],
			"faces": {
				"north": {"uv": [4.5, 1.5, 5.5, 2.5], "texture": "#bank"},
				"east": {"uv": [4.5, 2.5, 5.5, 3.5], "texture": "#bank"},
				"south": {"uv": [5.5, 1.5, 4.5, 2.5], "texture": "#bank"},
				"west": {"uv": [5.5, 1.5, 6.5, 2.5], "texture": "#bank"},
				"down": {"uv": [5.5, 2.5, 6.5, 3.5], "texture": "#bank"}
			}
		},
		{
			"name": "leg_2",
			"from": [9.5, 0, 5.5],
			"to": [11.5, 2, 7.5],
			"faces": {
				"north": {"uv": [4.5, 1.5, 5.5, 2.5], "texture": "#bank"},
				"east": {"uv": [4.5, 2.5, 5.5, 3.5], "texture": "#bank"},
				"south": {"uv": [5.5, 1.5, 4.5, 2.5], "texture": "#bank"},
				"west": {"uv": [5.5, 1.5, 6.5, 2.5], "texture": "#bank"},
				"down": {"uv": [5.5, 2.5, 6.5, 3.5], "texture": "#bank"}
			}
		},
		{
			"name": "leg_3",
			"from": [9.5, 0, 8.5],
			"to": [11.5, 2, 10.5],
			"faces": {
				"north": {"uv": [4.5, 1.5, 5.5, 2.5], "texture": "#bank"},
				"east": {"uv": [4.5, 2.5, 5.5, 3.5], "texture": "#bank"},
				"south": {"uv": [5.5, 1.5, 4.5, 2.5], "texture": "#bank"},
				"west": {"uv": [5.5, 1.5, 6.5, 2.5], "texture": "#bank"},
				"down": {"uv": [5.5, 2.5, 6.5, 3.5], "texture": "#bank"}
			}
		}
	],
	"display": {
		"thirdperson_righthand": {
			"rotation": [75, 45, 0],
			"translation": [0, 2.5, 0],
			"scale": [0.375, 0.375, 0.375]
		},
		"thirdperson_lefthand": {
			"rotation": [75, 45, 0],
			"translation": [0, 2.5, 0],
			"scale": [0.375, 0.375, 0.375]
		},
		"firstperson_righthand": {
			"rotation": [0, -45, 0],
			"translation": [0, 3, 0],
			"scale": [0.4, 0.4, 0.4]
		},
		"firstperson_lefthand": {
			"rotation": [180, 45, 180],
			"translation": [0, 3, 0],
			"scale": [0.4, 0.4, 0.4]
		},
		"ground": {
			"translation": [0, 3, 0],
			"scale": [0.25, 0.25, 0.25]
		},
		"gui": {
			"rotation": [30, 135, 0],
			"translation": [0, 4.5, 0],
			"scale": [1.2, 1.2, 1.2]
		},
		"head": {
			"rotation": [0, -90, 0],
			"translation": [0, 12.75, 0],
			"scale": [0.8, 0.8, 0.8]
		},
		"fixed": {
			"scale": [0.5, 0.5, 0.5]
		}
	},
	"groups": [
		{
			"name": "pig",
			"origin": [8, 8, 8],
			"color": 0,
			"children": [0, 1, 2, 3, 4, 5, 6, 7, 8]
		}
	]
}
