{
	"credit": "Made by shureee and Skart2000",
	"parent": "block/block",
	"texture_size": [64, 64],
	"textures": {
		"particle": "#table",
		"table": "mc_calamity:block/tinkerers_workshop"
	},
	"elements": [
		{
			"name": "top",
			"from": [0, 14, 0],
			"to": [16, 16, 16],
			"rotation": {"angle": 0, "axis": "y", "origin": [8, 0, 8]},
			"faces": {
				"north": {"uv": [0, 4, 4, 4.5], "texture": "#table"},
				"east": {"uv": [4, 4, 0, 4.5], "texture": "#table"},
				"south": {"uv": [4, 4, 0, 4.5], "texture": "#table"},
				"west": {"uv": [0, 4, 4, 4.5], "texture": "#table"},
				"up": {"uv": [0, 0, 4, 4], "rotation": 180, "texture": "#table"},
				"down": {"uv": [0, 4.5, 4, 8.5], "rotation": 180, "texture": "#table"}
			}
		},
		{
			"name": "drawers",
			"from": [3, 4, 3],
			"to": [13, 14, 13],
			"rotation": {"angle": 0, "axis": "y", "origin": [8, 0, 8]},
			"faces": {
				"north": {"uv": [6.5, 0, 9, 2.5], "texture": "#table"},
				"east": {"uv": [4, 0, 6.5, 2.5], "texture": "#table"},
				"south": {"uv": [6.5, 2.5, 4, 5], "texture": "#table"},
				"west": {"uv": [9, 0, 11.5, 2.5], "texture": "#table"},
				"down": {"uv": [6.5, 2.5, 9, 5], "rotation": 180, "texture": "#table"}
			}
		},
		{
			"name": "leg_0",
			"from": [2, 0, 2],
			"to": [4, 14, 4],
			"rotation": {"angle": 0, "axis": "y", "origin": [8, 0, 8]},
			"faces": {
				"north": {"uv": [5, 5, 4.5, 8.5], "texture": "#table"},
				"east": {"uv": [4.5, 5, 4, 8.5], "texture": "#table"},
				"south": {"uv": [4, 5, 4.5, 8.5], "texture": "#table"},
				"west": {"uv": [4.5, 5, 5, 8.5], "texture": "#table"},
				"down": {"uv": [5.5, 5, 6, 5.5], "rotation": 270, "texture": "#table"}
			}
		},
		{
			"name": "leg_1",
			"from": [12, 0, 2],
			"to": [14, 14, 4],
			"rotation": {"angle": 0, "axis": "y", "origin": [8, 0, 8]},
			"faces": {
				"north": {"uv": [4.5, 5, 5, 8.5], "texture": "#table"},
				"east": {"uv": [5, 5, 4.5, 8.5], "texture": "#table"},
				"south": {"uv": [4.5, 5, 4, 8.5], "texture": "#table"},
				"west": {"uv": [4, 5, 4.5, 8.5], "texture": "#table"},
				"down": {"uv": [5.5, 5, 6, 5.5], "rotation": 180, "texture": "#table"}
			}
		},
		{
			"name": "leg_2",
			"from": [2, 0, 12],
			"to": [4, 14, 14],
			"rotation": {"angle": 0, "axis": "y", "origin": [8, 0, 8]},
			"faces": {
				"north": {"uv": [4.5, 5, 4, 8.5], "texture": "#table"},
				"east": {"uv": [4, 5, 4.5, 8.5], "texture": "#table"},
				"south": {"uv": [4.5, 5, 5, 8.5], "texture": "#table"},
				"west": {"uv": [5, 5, 4.5, 8.5], "texture": "#table"},
				"down": {"uv": [5.5, 5, 6, 5.5], "texture": "#table"}
			}
		},
		{
			"name": "leg_3",
			"from": [12, 0, 12],
			"to": [14, 14, 14],
			"rotation": {"angle": 0, "axis": "y", "origin": [8, 0, 8]},
			"faces": {
				"north": {"uv": [4, 5, 4.5, 8.5], "texture": "#table"},
				"east": {"uv": [4.5, 5, 5, 8.5], "texture": "#table"},
				"south": {"uv": [5, 5, 4.5, 8.5], "texture": "#table"},
				"west": {"uv": [4.5, 5, 4, 8.5], "texture": "#table"},
				"down": {"uv": [5.5, 5, 6, 5.5], "rotation": 90, "texture": "#table"}
			}
		},
		{
			"name": "plank_0",
			"from": [1, 12, 1],
			"to": [3, 14, 15],
			"rotation": {"angle": 0, "axis": "y", "origin": [9, 0, 8]},
			"faces": {
				"north": {"uv": [5.5, 5, 6, 5.5], "texture": "#table"},
				"east": {"uv": [5, 5, 5.5, 8.5], "rotation": 90, "texture": "#table"},
				"south": {"uv": [6, 5, 5.5, 5.5], "texture": "#table"},
				"west": {"uv": [5, 5, 5.5, 8.5], "rotation": 90, "texture": "#table"},
				"down": {"uv": [5.5, 5, 5, 8.5], "texture": "#table"}
			}
		},
		{
			"name": "plank_1",
			"from": [13, 12, 1],
			"to": [15, 14, 15],
			"rotation": {"angle": 0, "axis": "y", "origin": [7, 0, 8]},
			"faces": {
				"north": {"uv": [6, 5, 5.5, 5.5], "texture": "#table"},
				"east": {"uv": [5, 8.5, 5.5, 5], "rotation": 90, "texture": "#table"},
				"south": {"uv": [5.5, 5, 6, 5.5], "texture": "#table"},
				"west": {"uv": [5, 5, 5.5, 8.5], "rotation": 90, "texture": "#table"},
				"down": {"uv": [5, 5, 5.5, 8.5], "texture": "#table"}
			}
		}
	],
	"display": {
		"gui": {
			"rotation": [30, 225, 0],
			"translation": [0, -0.5, 0],
			"scale": [0.625, 0.625, 0.625]
		},
		"head": {
			"translation": [0, 12.75, 0],
			"scale": [0.8, 0.8, 0.8]
		}
	},
	"groups": [
		{
			"name": "table",
			"origin": [8, 8, 8],
			"color": 0,
			"children": [0, 1, 2, 3, 4, 5, 6, 7]
		}
	]
}
