{
  "model": {
    "type": "minecraft:condition",
    "property": "minecraft:custom_model_data",
    "on_false": {
      "type": "minecraft:composite",
      "models": [
        {
          "type": "minecraft:model",
          "model": "tcc:entity/geomancer/head/normal"
        },
        {
          "type": "minecraft:model",
          "model": "tcc:entity/geomancer/facial_hair/normal"
        }
      ]
    },
    "on_true": {
      "type": "minecraft:composite",
      "models": [
        {
          "type": "minecraft:model",
          "model": "tcc:entity/geomancer/head/hurt"
        },
        {
          "type": "minecraft:model",
          "model": "tcc:entity/geomancer/facial_hair/hurt"
        }
      ]
    }
  }
}