{
	"textures": {
		"0": "tcc:entity/coral_drowned/brain",
		"particle": "#0"
	},
	"elements": [
		{
			"from": [4, 4, 4],
			"to": [12, 12, 12],
			"rotation": {"angle": 0, "axis": "y", "origin": [8, 8, 8]},
			"faces": {
				"north": {"uv": [2.66667, 4, 5.33333, 8], "texture": "#0"},
				"east": {"uv": [0, 4, 2.66667, 8], "texture": "#0"},
				"south": {"uv": [8, 4, 10.66667, 8], "texture": "#0"},
				"west": {"uv": [5.33333, 4, 8, 8], "texture": "#0"},
				"up": {"uv": [2.66667, 0, 5.33333, 4], "texture": "#0"},
				"down": {"uv": [5.33333, 0, 8, 4], "texture": "#0"}
			}
		},
		{
			"from": [0, 4, 8],
			"to": [16, 20, 8],
			"rotation": {"angle": 0, "axis": "y", "origin": [8, 4, 8]},
			"faces": {
				"north": {"uv": [10.66667, 8, 16, 16], "texture": "#0"},
				"south": {"uv": [16, 8, 10.66667, 16], "texture": "#0"}
			}
		}
	],
	"display": {
		"head": {
			"scale": [1.72, 1.72, 1.72]
		}
	}
}
