{
	"credit": "Made with Blockbench",
	"textures": {
		"0": "mc_calamity:item/entity/projectile/artery",
		"particle": "mc_calamity:item/entity/projectile/artery"
	},
	"elements": [
		{
			"from": [7, 7, 7],
			"to": [9, 9, 9],
			"rotation": {"angle": 0, "axis": "y", "origin": [7, 7, 7]},
			"faces": {
				"north": {"uv": [10, 0, 12, 2], "texture": "#0"},
				"south": {"uv": [10, 2, 12, 4], "texture": "#0"},
				"up": {"uv": [12, 6, 10, 4], "texture": "#0"},
				"down": {"uv": [12, 6, 10, 8], "texture": "#0"}
			}
		},
		{
			"from": [9, 5, 5],
			"to": [11, 11, 11],
			"rotation": {"angle": 0, "axis": "y", "origin": [9, 7, 7]},
			"faces": {
				"north": {"uv": [6, 0, 8, 6], "texture": "#0"},
				"east": {"uv": [0, 0, 6, 6], "texture": "#0"},
				"south": {"uv": [6, 6, 8, 12], "texture": "#0"},
				"west": {"uv": [0, 6, 6, 12], "texture": "#0"},
				"up": {"uv": [10, 6, 8, 0], "texture": "#0"},
				"down": {"uv": [10, 6, 8, 12], "texture": "#0"}
			}
		},
		{
			"from": [5, 5, 5],
			"to": [7, 11, 11],
			"rotation": {"angle": 0, "axis": "y", "origin": [7, 7, 7]},
			"faces": {
				"north": {"uv": [8, 0, 6, 6], "texture": "#0"},
				"east": {"uv": [6, 6, 0, 12], "texture": "#0"},
				"south": {"uv": [8, 6, 6, 12], "texture": "#0"},
				"west": {"uv": [6, 0, 0, 6], "texture": "#0"},
				"up": {"uv": [8, 6, 10, 0], "texture": "#0"},
				"down": {"uv": [8, 6, 10, 12], "texture": "#0"}
			}
		}
	]
}
