{
	"credit": "Roger_Swifer_Cleaner",
	"textures": {
		"1": "mc_calamity:item/entity/projectile/basic_bullet"
	},
	"elements": [
		{
			"from": [7, 7, 7],
			"to": [9, 9, 9],
			"faces": {
				"north": {"uv": [16, 16, 0, 0], "texture": "#1"},
				"east": {"uv": [16, 16, 0, 0], "texture": "#1"},
				"south": {"uv": [16, 16, 0, 0], "texture": "#1"},
				"west": {"uv": [16, 16, 0, 0], "texture": "#1"},
				"up": {"uv": [16, 16, 0, 0], "texture": "#1"},
				"down": {"uv": [16, 16, 0, 0], "texture": "#1"}
			}
		}
	],
	"display": {
		"head": {
			"scale": [1.2, 1.2, 1.2]
		}
	}
}
