{
	"credit": "Made with Blockbench",
	"texture_size": [32, 32],
	"textures": {
		"0": "mc_calamity:item/entity/projectile/bone_javelin",
		"particle": "mc_calamity:item/entity/projectile/bone_javelin"
	},
	"elements": [
		{
			"from": [8, 5.5, -8],
			"to": [8, 10.5, 24],
			"rotation": {"angle": 0, "axis": "y", "origin": [7, 7.5, 16]},
			"faces": {
				"north": {"uv": [0, 0, 0, 2.5], "texture": "#0"},
				"east": {"uv": [16, 0, 0, 2.5], "texture": "#0"},
				"south": {"uv": [0, 0, 0, 2.5], "texture": "#0"},
				"west": {"uv": [0, 0, 16, 2.5], "texture": "#0"},
				"up": {"uv": [0, 16, 0, 0], "texture": "#0"},
				"down": {"uv": [0, 0, 0, 16], "texture": "#0"}
			}
		},
		{
			"from": [5.5, 8, -8],
			"to": [10.5, 8, 24],
			"rotation": {"angle": 0, "axis": "z", "origin": [8.5, 7, 16]},
			"faces": {
				"north": {"uv": [0, 0, 0, 2.5], "rotation": 90, "texture": "#0"},
				"east": {"uv": [0, 0, 0, 16], "rotation": 270, "texture": "#0"},
				"south": {"uv": [0, 0, 0, 2.5], "rotation": 270, "texture": "#0"},
				"west": {"uv": [0, 16, 0, 0], "rotation": 270, "texture": "#0"},
				"up": {"uv": [16, 0, 0, 2.5], "rotation": 270, "texture": "#0"},
				"down": {"uv": [0, 0, 16, 2.5], "rotation": 270, "texture": "#0"}
			}
		}
	]
}