{
	"textures": {
		"particle": "#0"
	},
	"elements": [
		{
			"from": [1, 0, 1],
			"to": [15, 16, 15],
			"faces": {
				"north": {"uv": [0, 2, 7, 10], "texture": "#0"},
				"east": {"uv": [7, 2, 0, 10], "texture": "#0"},
				"south": {"uv": [0, 2, 7, 10], "texture": "#0"},
				"west": {"uv": [7, 2, 0, 10], "texture": "#0"},
				"up": {"uv": [16, 7, 9, 0], "texture": "#0"},
				"down": {"uv": [9, 7, 16, 14], "texture": "#0"}
			}
		},
		{
			"from": [4, 16.9, 4],
			"to": [12, 19.9, 12],
			"faces": {
				"north": {"uv": [1.5, 0, 5.5, 1.5], "texture": "#0"},
				"east": {"uv": [1.5, 0, 5.5, 1.5], "texture": "#0"},
				"south": {"uv": [1.5, 0, 5.5, 1.5], "texture": "#0"},
				"west": {"uv": [1.5, 0, 5.5, 1.5], "texture": "#0"},
				"up": {"uv": [0, 12, 4, 16], "texture": "#0"},
				"down": {"uv": [4, 12, 8, 16], "texture": "#0"}
			}
		},
		{
			"from": [4.75, 15.75, 4.75],
			"to": [11.25, 17.25, 11.25],
			"faces": {
				"north": {"uv": [2, 1.5, 5, 2], "texture": "#0"},
				"east": {"uv": [2, 1.5, 5, 2], "texture": "#0"},
				"south": {"uv": [2, 1.5, 5, 2], "texture": "#0"},
				"west": {"uv": [2, 1.5, 5, 2], "texture": "#0"}
			}
		}
	],
	"display": {
		"thirdperson_righthand": {
			"rotation": [0, 90, 0],
			"translation": [0, 2, 0.5],
			"scale": [0.375, 0.375, 0.375]
		},
		"firstperson_righthand": {
			"rotation": [0, 90, 0],
			"scale": [0.375, 0.375, 0.375]
		},
		"ground": {
			"translation": [0, 1, 0],
			"scale": [0.25, 0.25, 0.25]
		},
		"gui": {
			"rotation": [30, 45, 0],
			"scale": [0.6, 0.6, 0.6]
		},
		"head": {
			"rotation": [0, 180, 0],
			"translation": [0, 16, 0],
			"scale": [1.5, 1.5, 1.5]
		},
		"fixed": {
			"rotation": [0, 180, 0],
			"scale": [0.5, 0.5, 0.5]
		}
	}
}