{
	"credit": "Made by Skart2000",
	"render_type": "cutout_mipped",
	"texture_size": [64, 64],
	"textures": {
		"table": "mc_calamity:block/alchemy_table",
		"particle": "mc_calamity:block/alchemy_table_animated",
		"animated": "mc_calamity:block/alchemy_table_animated"
	},
	"elements": [
		{
			"name": "table_0",
			"from": [1, 0, 1],
			"to": [15, 2, 15],
			"faces": {
				"north": {"uv": [4, 7, 7.5, 7.5], "texture": "#table"},
				"east": {"uv": [4, 7, 7.5, 7.5], "texture": "#table"},
				"south": {"uv": [4, 7, 7.5, 7.5], "texture": "#table"},
				"west": {"uv": [4, 7, 7.5, 7.5], "texture": "#table"},
				"up": {"uv": [4, 3.5, 7.5, 7], "texture": "#table"},
				"down": {"uv": [4, 0, 7.5, 3.5], "texture": "#table"}
			}
		},
		{
			"name": "table_1",
			"from": [2, 2, 2],
			"to": [14, 4, 14],
			"faces": {
				"north": {"uv": [0, 8, 3, 8.5], "texture": "#table"},
				"east": {"uv": [0, 8, 3, 8.5], "texture": "#table"},
				"south": {"uv": [0, 8, 3, 8.5], "texture": "#table"},
				"west": {"uv": [0, 8, 3, 8.5], "texture": "#table"}
			}
		},
		{
			"name": "table_2",
			"from": [0, 4, 0],
			"to": [16, 10, 16],
			"faces": {
				"north": {"uv": [0, 0, 16, 6], "texture": "#animated"},
				"east": {"uv": [0, 0, 16, 6], "texture": "#animated"},
				"south": {"uv": [0, 0, 16, 6], "texture": "#animated"},
				"west": {"uv": [0, 0, 16, 6], "texture": "#animated"},
				"up": {"uv": [0, 0, 4, 4], "texture": "#table"},
				"down": {"uv": [0, 4, 4, 8], "texture": "#table"}
			}
		},
		{
			"name": "table_3",
			"from": [6, 2, 0],
			"to": [10, 4, 0],
			"faces": {
				"north": {"uv": [0, 8.5, 1, 9], "texture": "#table"},
				"south": {"uv": [2, 8.5, 1, 9], "texture": "#table"}
			}
		},
		{
			"name": "table_4",
			"from": [6, 2, 16],
			"to": [10, 4, 16],
			"faces": {
				"north": {"uv": [1, 8.5, 2, 9], "texture": "#table"},
				"south": {"uv": [1, 8.5, 0, 9], "texture": "#table"}
			}
		},
		{
			"name": "table_5",
			"from": [0, 2, 6],
			"to": [0, 4, 10],
			"faces": {
				"east": {"uv": [1, 8.5, 2, 9], "texture": "#table"},
				"west": {"uv": [1, 8.5, 0, 9], "texture": "#table"}
			}
		},
		{
			"name": "table_6",
			"from": [16, 2, 6],
			"to": [16, 4, 10],
			"faces": {
				"east": {"uv": [0, 8.5, 1, 9], "texture": "#table"},
				"west": {"uv": [2, 8.5, 1, 9], "texture": "#table"}
			}
		},
		{
			"name": "fire_0",
			"from": [8.8, 10, 6],
			"to": [14.8, 13, 6],
			"rotation": {"angle": -45, "axis": "y", "origin": [9, 10, 6]},
			"faces": {
				"north": {"uv": [8, 6, 14, 9], "texture": "#animated"},
				"south": {"uv": [8, 6, 14, 9], "texture": "#animated"}
			}
		},
		{
			"name": "fire_1",
			"from": [7.2, 10, 6],
			"to": [13.2, 13, 6],
			"rotation": {"angle": 45, "axis": "y", "origin": [13, 10, 6]},
			"faces": {
				"north": {"uv": [8, 6, 14, 9], "texture": "#animated"},
				"south": {"uv": [8, 6, 14, 9], "texture": "#animated"}
			}
		},
		{
			"name": "potion_0",
			"from": [9, 13, 6],
			"to": [13, 17, 10],
			"rotation": {"angle": 0, "axis": "y", "origin": [-1, 1, 0]},
			"faces": {
				"north": {"uv": [7.5, 0, 8.5, 1], "texture": "#table"},
				"east": {"uv": [8.5, 0, 7.5, 1], "texture": "#table"},
				"south": {"uv": [7.5, 0, 8.5, 1], "texture": "#table"},
				"west": {"uv": [8.5, 0, 7.5, 1], "texture": "#table"},
				"up": {"uv": [7.5, 1, 8.5, 2], "texture": "#table"},
				"down": {"uv": [8.5, 0, 7.5, 1], "texture": "#table"}
			}
		},
		{
			"name": "potion_1",
			"from": [5, 15, 7],
			"to": [9, 17, 9],
			"rotation": {"angle": -22.5, "axis": "z", "origin": [9, 15, 8]},
			"faces": {
				"north": {"uv": [7.5, 2, 8.5, 2.5], "texture": "#table"},
				"south": {"uv": [8.5, 2.5, 7.5, 2], "texture": "#table"},
				"west": {"uv": [7.5, 2.5, 8, 3], "texture": "#table"},
				"up": {"uv": [8.5, 2, 7.5, 2.5], "texture": "#table"},
				"down": {"uv": [8.5, 2, 7.5, 2.5], "texture": "#table"}
			}
		},
		{
			"name": "potion_2",
			"from": [3, 10, 5.5],
			"to": [8, 13, 10.5],
			"rotation": {"angle": 0, "axis": "y", "origin": [-1, 0, 0]},
			"faces": {
				"north": {"uv": [9.25, 0, 10.5, 0.75], "texture": "#table"},
				"east": {"uv": [10.5, 0, 9.25, 0.75], "texture": "#table"},
				"south": {"uv": [9.25, 0, 10.5, 0.75], "texture": "#table"},
				"west": {"uv": [10.5, 0, 9.25, 0.75], "texture": "#table"},
				"up": {"uv": [9.25, 0.75, 10.5, 2], "texture": "#table"}
			}
		},
		{
			"name": "potion_3",
			"from": [4, 13, 6.5],
			"to": [7, 14, 9.5],
			"rotation": {"angle": 0, "axis": "y", "origin": [-1, 0, 0]},
			"faces": {
				"north": {"uv": [9.25, 2, 10, 2.25], "texture": "#table"},
				"east": {"uv": [9.25, 2, 10, 2.25], "texture": "#table"},
				"south": {"uv": [9.25, 2, 10, 2.25], "texture": "#table"},
				"west": {"uv": [9.25, 2, 10, 2.25], "texture": "#table"}
			}
		},
		{
			"name": "potion_4",
			"from": [3, 14, 5.5],
			"to": [8, 15, 10.5],
			"rotation": {"angle": 0, "axis": "y", "origin": [-1, 0, 0]},
			"faces": {
				"north": {"uv": [9.25, 2.25, 10.5, 2.5], "texture": "#table"},
				"east": {"uv": [9.25, 2.25, 10.5, 2.5], "texture": "#table"},
				"south": {"uv": [9.25, 2.25, 10.5, 2.5], "texture": "#table"},
				"west": {"uv": [9.25, 2.25, 10.5, 2.5], "texture": "#table"},
				"up": {"uv": [9.25, 2.5, 10.5, 3.75], "texture": "#table"},
				"down": {"uv": [9.25, 3.75, 10.5, 5], "texture": "#table"}
			}
		},
		{
			"name": "potion_5",
			"from": [8, 10, 2],
			"to": [11, 13, 5],
			"faces": {
				"north": {"uv": [8.5, 0, 9.25, 0.75], "texture": "#table"},
				"east": {"uv": [9.25, 0, 8.5, 0.75], "texture": "#table"},
				"south": {"uv": [8.5, 0, 9.25, 0.75], "texture": "#table"},
				"west": {"uv": [9.25, 0, 8.5, 0.75], "texture": "#table"},
				"up": {"uv": [8.5, 0.75, 9.25, 1.5], "texture": "#table"},
				"down": {"uv": [8.5, 1.5, 9.25, 2.25], "texture": "#table"}
			}
		},
		{
			"name": "potion_6",
			"from": [11, 10, 11],
			"to": [14, 13, 14],
			"faces": {
				"north": {"uv": [8.5, 0, 9.25, 0.75], "texture": "#table"},
				"east": {"uv": [9.25, 0, 8.5, 0.75], "texture": "#table"},
				"south": {"uv": [8.5, 0, 9.25, 0.75], "texture": "#table"},
				"west": {"uv": [9.25, 0, 8.5, 0.75], "texture": "#table"},
				"up": {"uv": [8.5, 0.75, 9.25, 1.5], "texture": "#table"},
				"down": {"uv": [8.5, 1.5, 9.25, 2.25], "texture": "#table"}
			}
		},
		{
			"name": "potion_7",
			"from": [2, 10, 12],
			"to": [5, 13, 15],
			"faces": {
				"north": {"uv": [8.5, 0, 9.25, 0.75], "texture": "#table"},
				"east": {"uv": [9.25, 0, 8.5, 0.75], "texture": "#table"},
				"south": {"uv": [8.5, 0, 9.25, 0.75], "texture": "#table"},
				"west": {"uv": [9.25, 0, 8.5, 0.75], "texture": "#table"},
				"up": {"uv": [8.5, 0.75, 9.25, 1.5], "texture": "#table"},
				"down": {"uv": [8.5, 1.5, 9.25, 2.25], "texture": "#table"}
			}
		},
		{
			"name": "liquid_0",
			"from": [9.5, 13.5, 6.5],
			"to": [12.5, 16.5, 9.5],
			"rotation": {"angle": 0, "axis": "y", "origin": [-1, 1, 0]},
			"faces": {
				"north": {"uv": [0, 6, 3, 9], "texture": "#animated"},
				"east": {"uv": [3, 6, 0, 9], "texture": "#animated"},
				"south": {"uv": [0, 6, 3, 9], "texture": "#animated"},
				"west": {"uv": [3, 6, 0, 9], "texture": "#animated"},
				"up": {"uv": [0, 9, 3, 12], "texture": "#animated"},
				"down": {"uv": [0, 12, 3, 15], "texture": "#animated"}
			}
		},
		{
			"name": "liquid_1",
			"from": [5, 12, 8],
			"to": [6, 18, 8],
			"rotation": {"angle": 0, "axis": "y", "origin": [-1, 1, 0]},
			"faces": {
				"north": {"uv": [7, 6, 8, 12], "texture": "#animated"},
				"south": {"uv": [7, 6, 8, 12], "texture": "#animated"}
			}
		},
		{
			"name": "liquid_2",
			"from": [3.5, 10.5, 6],
			"to": [7.5, 12.5, 10],
			"rotation": {"angle": 0, "axis": "y", "origin": [-1, 0, 0]},
			"faces": {
				"north": {"uv": [3, 6, 7, 8], "texture": "#animated"},
				"east": {"uv": [7, 6, 3, 8], "texture": "#animated"},
				"south": {"uv": [3, 6, 7, 8], "texture": "#animated"},
				"west": {"uv": [7, 6, 3, 8], "texture": "#animated"},
				"up": {"uv": [3, 8, 7, 12], "texture": "#animated"},
				"down": {"uv": [3, 12, 7, 16], "texture": "#animated"}
			}
		},
		{
			"name": "liquid_3",
			"from": [8.5, 10.5, 2.5],
			"to": [10.5, 12.5, 4.5],
			"faces": {
				"north": {"uv": [8.5, 1.5, 9, 2], "texture": "#table"},
				"east": {"uv": [9, 1.5, 8.5, 2], "texture": "#table"},
				"south": {"uv": [8.5, 1.5, 9, 2], "texture": "#table"},
				"west": {"uv": [9, 1.5, 8.5, 2], "texture": "#table"},
				"up": {"uv": [8.5, 2, 9, 2.5], "texture": "#table"},
				"down": {"uv": [8.5, 2.5, 9, 3], "texture": "#table"}
			}
		},
		{
			"name": "liquid_4",
			"from": [11.5, 10.5, 11.5],
			"to": [13.5, 12.5, 13.5],
			"faces": {
				"north": {"uv": [8.5, 1.5, 9, 2], "texture": "#table"},
				"east": {"uv": [9, 1.5, 8.5, 2], "texture": "#table"},
				"south": {"uv": [8.5, 1.5, 9, 2], "texture": "#table"},
				"west": {"uv": [9, 1.5, 8.5, 2], "texture": "#table"},
				"up": {"uv": [8.5, 2, 9, 2.5], "texture": "#table"},
				"down": {"uv": [8.5, 2.5, 9, 3], "texture": "#table"}
			}
		},
		{
			"name": "liquid_5",
			"from": [2.5, 10.5, 12.5],
			"to": [4.5, 12.5, 14.5],
			"faces": {
				"north": {"uv": [8.5, 3, 9, 3.5], "texture": "#table"},
				"east": {"uv": [9, 3, 8.5, 3.5], "texture": "#table"},
				"south": {"uv": [8.5, 3, 9, 3.5], "texture": "#table"},
				"west": {"uv": [9, 3, 8.5, 3.5], "texture": "#table"},
				"up": {"uv": [8.5, 3.5, 9, 4], "texture": "#table"},
				"down": {"uv": [8.5, 4, 9, 4.5], "texture": "#table"}
			}
		}
	],
	"display": {
		"thirdperson_righthand": {
			"rotation": [75, 45, 0],
			"translation": [0, 2.5, 0],
			"scale": [0.375, 0.375, 0.375]
		},
		"thirdperson_lefthand": {
			"rotation": [75, 45, 0],
			"translation": [0, 2.5, 0],
			"scale": [0.375, 0.375, 0.375]
		},
		"firstperson_righthand": {
			"rotation": [180, 45, 180],
			"scale": [0.4, 0.4, 0.4]
		},
		"firstperson_lefthand": {
			"rotation": [180, 45, 180],
			"scale": [0.4, 0.4, 0.4]
		},
		"ground": {
			"translation": [0, 3, 0],
			"scale": [0.25, 0.25, 0.25]
		},
		"gui": {
			"rotation": [30, 225, 0],
			"translation": [0, 0.5, 0],
			"scale": [0.625, 0.625, 0.625]
		},
		"head": {
			"translation": [0, 12.75, 0],
			"scale": [0.8, 0.8, 0.8]
		},
		"fixed": {
			"scale": [0.5, 0.5, 0.5]
		}
	},
	"groups": [
		{
			"name": "table",
			"origin": [8, 8, 8],
			"color": 0,
			"children": [0, 1, 2, 3, 4, 5, 6, 7, 8, 9, 10, 11, 12, 13, 14, 15, 16, 17, 18, 19, 20, 21, 22]
		}
	]
}