{
	"credit": "Made by Skart2000",
	"texture_size": [32, 32],
	"textures": {
		"particle": "mc_calamity:block/antlion_eggs",
		"eggs": "mc_calamity:block/antlion_eggs"
	},
	"elements": [
		{
			"name": "root_0",
			"from": [10, 0, 3],
			"to": [14, 4, 3],
			"rotation": {"angle": -45, "axis": "y", "origin": [12, 0, 3]},
			"faces": {
				"north": {"uv": [5, 0, 3, 2], "texture": "#eggs"},
				"south": {"uv": [3, 0, 5, 2], "texture": "#eggs"}
			}
		},
		{
			"name": "root_1",
			"from": [10, 0, 3],
			"to": [14, 4, 3],
			"rotation": {"angle": 45, "axis": "y", "origin": [12, 0, 3]},
			"faces": {
				"north": {"uv": [5, 0, 3, 2], "texture": "#eggs"},
				"south": {"uv": [3, 0, 5, 2], "texture": "#eggs"}
			}
		},
		{
			"name": "root_2",
			"from": [2, 0, 3],
			"to": [6, 3, 3],
			"rotation": {"angle": -45, "axis": "y", "origin": [4, 0, 3]},
			"faces": {
				"north": {"uv": [7, 0, 5, 1.5], "texture": "#eggs"},
				"south": {"uv": [5, 0, 7, 1.5], "texture": "#eggs"}
			}
		},
		{
			"name": "root_3",
			"from": [2, 0, 3],
			"to": [6, 3, 3],
			"rotation": {"angle": 45, "axis": "y", "origin": [4, 0, 3]},
			"faces": {
				"north": {"uv": [7, 0, 5, 1.5], "texture": "#eggs"},
				"south": {"uv": [5, 0, 7, 1.5], "texture": "#eggs"}
			}
		},
		{
			"name": "root_4",
			"from": [10, 0, 11],
			"to": [14, 3, 11],
			"rotation": {"angle": -45, "axis": "y", "origin": [12, 0, 11]},
			"faces": {
				"north": {"uv": [7, 0, 5, 1.5], "texture": "#eggs"},
				"south": {"uv": [5, 0, 7, 1.5], "texture": "#eggs"}
			}
		},
		{
			"name": "root_5",
			"from": [10, 0, 11],
			"to": [14, 3, 11],
			"rotation": {"angle": 45, "axis": "y", "origin": [12, 0, 11]},
			"faces": {
				"north": {"uv": [7, 0, 5, 1.5], "texture": "#eggs"},
				"south": {"uv": [5, 0, 7, 1.5], "texture": "#eggs"}
			}
		},
		{
			"name": "root_6",
			"from": [2, 0, 13],
			"to": [6, 4, 13],
			"rotation": {"angle": -45, "axis": "y", "origin": [4, 0, 13]},
			"faces": {
				"north": {"uv": [5, 0, 3, 2], "texture": "#eggs"},
				"south": {"uv": [3, 0, 5, 2], "texture": "#eggs"}
			}
		},
		{
			"name": "root_7",
			"from": [2, 0, 13],
			"to": [6, 4, 13],
			"rotation": {"angle": 45, "axis": "y", "origin": [4, 0, 13]},
			"faces": {
				"north": {"uv": [5, 0, 3, 2], "texture": "#eggs"},
				"south": {"uv": [3, 0, 5, 2], "texture": "#eggs"}
			}
		},
		{
			"name": "root_8",
			"from": [4, 0, 8],
			"to": [10, 5, 8],
			"rotation": {"angle": -45, "axis": "y", "origin": [7, 0, 8]},
			"faces": {
				"north": {"uv": [0, 0, 3, 2.5], "texture": "#eggs"},
				"south": {"uv": [3, 0, 0, 2.5], "texture": "#eggs"}
			}
		},
		{
			"name": "root_9",
			"from": [4, 0, 8],
			"to": [10, 5, 8],
			"rotation": {"angle": 45, "axis": "y", "origin": [7, 0, 8]},
			"faces": {
				"north": {"uv": [0, 0, 3, 2.5], "texture": "#eggs"},
				"south": {"uv": [3, 0, 0, 2.5], "texture": "#eggs"}
			}
		},
		{
			"name": "egg_0_0",
			"from": [10, 4, 1],
			"to": [14, 8, 5],
			"faces": {
				"north": {"uv": [0, 2.5, 2, 4.5], "texture": "#eggs"},
				"east": {"uv": [0, 2.5, 2, 4.5], "texture": "#eggs"},
				"south": {"uv": [0, 2.5, 2, 4.5], "texture": "#eggs"},
				"west": {"uv": [0, 2.5, 2, 4.5], "texture": "#eggs"},
				"up": {"uv": [2, 2.5, 4, 4.5], "texture": "#eggs"},
				"down": {"uv": [4, 2.5, 6, 4.5], "texture": "#eggs"}
			}
		},
		{
			"name": "egg_1_0",
			"from": [2, 3, 1],
			"to": [6, 7, 5],
			"faces": {
				"north": {"uv": [2, 2.5, 0, 4.5], "texture": "#eggs"},
				"east": {"uv": [2, 2.5, 0, 4.5], "texture": "#eggs"},
				"south": {"uv": [2, 2.5, 0, 4.5], "texture": "#eggs"},
				"west": {"uv": [2, 2.5, 0, 4.5], "texture": "#eggs"},
				"up": {"uv": [2, 2.5, 4, 4.5], "texture": "#eggs"},
				"down": {"uv": [4, 2.5, 6, 4.5], "texture": "#eggs"}
			}
		},
		{
			"name": "egg_2_0",
			"from": [10, 3, 9],
			"to": [14, 7, 13],
			"faces": {
				"north": {"uv": [2, 2.5, 0, 4.5], "texture": "#eggs"},
				"east": {"uv": [2, 2.5, 0, 4.5], "texture": "#eggs"},
				"south": {"uv": [2, 2.5, 0, 4.5], "texture": "#eggs"},
				"west": {"uv": [2, 2.5, 0, 4.5], "texture": "#eggs"},
				"up": {"uv": [2, 2.5, 4, 4.5], "texture": "#eggs"},
				"down": {"uv": [4, 2.5, 6, 4.5], "texture": "#eggs"}
			}
		},
		{
			"name": "egg_3_0",
			"from": [2, 4, 11],
			"to": [6, 8, 15],
			"faces": {
				"north": {"uv": [0, 2.5, 2, 4.5], "texture": "#eggs"},
				"east": {"uv": [0, 2.5, 2, 4.5], "texture": "#eggs"},
				"south": {"uv": [0, 2.5, 2, 4.5], "texture": "#eggs"},
				"west": {"uv": [0, 2.5, 2, 4.5], "texture": "#eggs"},
				"up": {"uv": [2, 2.5, 4, 4.5], "texture": "#eggs"},
				"down": {"uv": [4, 2.5, 6, 4.5], "texture": "#eggs"}
			}
		},
		{
			"name": "egg_4_0",
			"from": [5, 5, 6],
			"to": [9, 9, 10],
			"faces": {
				"north": {"uv": [9, 5.5, 11, 7.5], "texture": "#eggs"},
				"east": {"uv": [9, 5.5, 11, 7.5], "texture": "#eggs"},
				"south": {"uv": [9, 5.5, 11, 7.5], "texture": "#eggs"},
				"west": {"uv": [9, 5.5, 11, 7.5], "texture": "#eggs"},
				"up": {"uv": [11, 5.5, 13, 7.5], "texture": "#eggs"},
				"down": {"uv": [13, 5.5, 15, 7.5], "texture": "#eggs"}
			}
		},
		{
			"name": "egg_0_1",
			"from": [9.5, 4, 0.5],
			"to": [14.5, 9, 5.5],
			"faces": {
				"north": {"uv": [2.5, 7.5, 0, 10], "texture": "#eggs"},
				"east": {"uv": [2.5, 7.5, 0, 10], "texture": "#eggs"},
				"south": {"uv": [2.5, 7.5, 0, 10], "texture": "#eggs"},
				"west": {"uv": [2.5, 7.5, 0, 10], "texture": "#eggs"},
				"up": {"uv": [2.5, 7.5, 5, 10], "texture": "#eggs"},
				"down": {"uv": [5, 7.5, 7.5, 10], "texture": "#eggs"}
			}
		},
		{
			"name": "egg_1_1",
			"from": [1.5, 3, 0.5],
			"to": [6.5, 8, 5.5],
			"faces": {
				"north": {"uv": [0, 7.5, 2.5, 10], "texture": "#eggs"},
				"east": {"uv": [0, 7.5, 2.5, 10], "texture": "#eggs"},
				"south": {"uv": [0, 7.5, 2.5, 10], "texture": "#eggs"},
				"west": {"uv": [0, 7.5, 2.5, 10], "texture": "#eggs"},
				"up": {"uv": [2.5, 7.5, 5, 10], "texture": "#eggs"},
				"down": {"uv": [5, 7.5, 7.5, 10], "texture": "#eggs"}
			}
		},
		{
			"name": "egg_2_1",
			"from": [9.5, 3, 8.5],
			"to": [14.5, 8, 13.5],
			"faces": {
				"north": {"uv": [0, 7.5, 2.5, 10], "texture": "#eggs"},
				"east": {"uv": [0, 7.5, 2.5, 10], "texture": "#eggs"},
				"south": {"uv": [0, 7.5, 2.5, 10], "texture": "#eggs"},
				"west": {"uv": [0, 7.5, 2.5, 10], "texture": "#eggs"},
				"up": {"uv": [2.5, 7.5, 5, 10], "texture": "#eggs"},
				"down": {"uv": [5, 7.5, 7.5, 10], "texture": "#eggs"}
			}
		},
		{
			"name": "egg_3_1",
			"from": [1.5, 4, 10.5],
			"to": [6.5, 9, 15.5],
			"faces": {
				"north": {"uv": [2.5, 7.5, 0, 10], "texture": "#eggs"},
				"east": {"uv": [2.5, 7.5, 0, 10], "texture": "#eggs"},
				"south": {"uv": [2.5, 7.5, 0, 10], "texture": "#eggs"},
				"west": {"uv": [2.5, 7.5, 0, 10], "texture": "#eggs"},
				"up": {"uv": [2.5, 7.5, 5, 10], "texture": "#eggs"},
				"down": {"uv": [5, 7.5, 7.5, 10], "texture": "#eggs"}
			}
		},
		{
			"name": "egg_4_1",
			"from": [4.5, 5, 5.5],
			"to": [9.5, 10, 10.5],
			"faces": {
				"north": {"uv": [2.5, 7.5, 0, 10], "texture": "#eggs"},
				"east": {"uv": [2.5, 7.5, 0, 10], "texture": "#eggs"},
				"south": {"uv": [2.5, 7.5, 0, 10], "texture": "#eggs"},
				"west": {"uv": [2.5, 7.5, 0, 10], "texture": "#eggs"},
				"up": {"uv": [2.5, 7.5, 5, 10], "texture": "#eggs"},
				"down": {"uv": [5, 7.5, 7.5, 10], "texture": "#eggs"}
			}
		},
		{
			"name": "egg_0_2",
			"from": [9, 4, 0],
			"to": [15, 10, 6],
			"faces": {
				"north": {"uv": [9, 1.5, 6, 4.5], "texture": "#eggs"},
				"east": {"uv": [9, 1.5, 6, 4.5], "texture": "#eggs"},
				"south": {"uv": [9, 1.5, 6, 4.5], "texture": "#eggs"},
				"west": {"uv": [9, 1.5, 6, 4.5], "texture": "#eggs"},
				"up": {"uv": [9, 1.5, 12, 4.5], "texture": "#eggs"},
				"down": {"uv": [12, 1.5, 15, 4.5], "texture": "#eggs"}
			}
		},
		{
			"name": "egg_1_2",
			"from": [1, 3, 0],
			"to": [7, 9, 6],
			"faces": {
				"north": {"uv": [6, 1.5, 9, 4.5], "texture": "#eggs"},
				"east": {"uv": [6, 1.5, 9, 4.5], "texture": "#eggs"},
				"south": {"uv": [6, 1.5, 9, 4.5], "texture": "#eggs"},
				"west": {"uv": [6, 1.5, 9, 4.5], "texture": "#eggs"},
				"up": {"uv": [9, 1.5, 12, 4.5], "texture": "#eggs"},
				"down": {"uv": [12, 1.5, 15, 4.5], "texture": "#eggs"}
			}
		},
		{
			"name": "egg_2_2",
			"from": [9, 3, 8],
			"to": [15, 9, 14],
			"faces": {
				"north": {"uv": [6, 1.5, 9, 4.5], "texture": "#eggs"},
				"east": {"uv": [6, 1.5, 9, 4.5], "texture": "#eggs"},
				"south": {"uv": [6, 1.5, 9, 4.5], "texture": "#eggs"},
				"west": {"uv": [6, 1.5, 9, 4.5], "texture": "#eggs"},
				"up": {"uv": [9, 1.5, 12, 4.5], "texture": "#eggs"},
				"down": {"uv": [12, 1.5, 15, 4.5], "texture": "#eggs"}
			}
		},
		{
			"name": "egg_3_2",
			"from": [1, 4, 10],
			"to": [7, 10, 16],
			"faces": {
				"north": {"uv": [9, 1.5, 6, 4.5], "texture": "#eggs"},
				"east": {"uv": [9, 1.5, 6, 4.5], "texture": "#eggs"},
				"south": {"uv": [9, 1.5, 6, 4.5], "texture": "#eggs"},
				"west": {"uv": [9, 1.5, 6, 4.5], "texture": "#eggs"},
				"up": {"uv": [9, 1.5, 12, 4.5], "texture": "#eggs"},
				"down": {"uv": [12, 1.5, 15, 4.5], "texture": "#eggs"}
			}
		},
		{
			"name": "egg_4_2",
			"from": [4, 5, 5],
			"to": [10, 11, 11],
			"faces": {
				"north": {"uv": [3, 4.5, 0, 7.5], "texture": "#eggs"},
				"east": {"uv": [3, 4.5, 0, 7.5], "texture": "#eggs"},
				"south": {"uv": [3, 4.5, 0, 7.5], "texture": "#eggs"},
				"west": {"uv": [3, 4.5, 0, 7.5], "texture": "#eggs"},
				"up": {"uv": [3, 4.5, 6, 7.5], "texture": "#eggs"},
				"down": {"uv": [6, 4.5, 9, 7.5], "texture": "#eggs"}
			}
		}
	],
	"display": {
		"thirdperson_righthand": {
			"rotation": [75, 45, 0],
			"translation": [0, 2.5, 0],
			"scale": [0.375, 0.375, 0.375]
		},
		"thirdperson_lefthand": {
			"rotation": [75, 45, 0],
			"translation": [0, 2.5, 0],
			"scale": [0.375, 0.375, 0.375]
		},
		"firstperson_righthand": {
			"rotation": [180, 45, 180],
			"scale": [0.4, 0.4, 0.4]
		},
		"firstperson_lefthand": {
			"rotation": [180, 45, 180],
			"scale": [0.4, 0.4, 0.4]
		},
		"ground": {
			"translation": [0, 3, 0],
			"scale": [0.25, 0.25, 0.25]
		},
		"gui": {
			"rotation": [30, 225, 0],
			"translation": [0, 1.5, 0],
			"scale": [0.625, 0.625, 0.625]
		},
		"head": {
			"translation": [0, 12.75, 0],
			"scale": [0.8, 0.8, 0.8]
		},
		"fixed": {
			"scale": [0.5, 0.5, 0.5]
		}
	},
	"groups": [
		{
			"name": "eggs",
			"origin": [8, 8, 8],
			"color": 0,
			"children": [
				0,
				1,
				2,
				3,
				4,
				5,
				6,
				7,
				8,
				9,
				{
					"name": "frame_0",
					"origin": [8, 8, 8],
					"color": 0,
					"children": [10, 11, 12, 13, 14]
				},
				{
					"name": "frame_1",
					"origin": [8, 8, 8],
					"color": 0,
					"children": [15, 16, 17, 18, 19]
				},
				{
					"name": "frame_2",
					"origin": [8, 8, 8],
					"color": 0,
					"children": [20, 21, 22, 23, 24]
				}
			]
		}
	]
}
