{
	"credit": "Made by Skart2000",
	"texture_size": [32, 32],
	"textures": {
		"particle": "mc_calamity:block/lead_anvil",
		"anvil": "mc_calamity:block/lead_anvil"
	},
	"elements": [
		{
			"name": "anvil_0",
			"from": [2, 0, 3],
			"to": [14, 4, 13],
			"faces": {
				"north": {"uv": [0, 10, 6, 12], "texture": "#anvil"},
				"east": {"uv": [5, 12, 0, 14], "texture": "#anvil"},
				"south": {"uv": [6, 10, 0, 12], "texture": "#anvil"},
				"west": {"uv": [0, 12, 5, 14], "texture": "#anvil"},
				"up": {"uv": [0, 0, 6, 5], "texture": "#anvil"},
				"down": {"uv": [0, 5, 6, 10], "texture": "#anvil"}
			}
		},
		{
			"name": "anvil_1",
			"from": [4, 4, 5],
			"to": [12, 5, 11],
			"faces": {
				"north": {"uv": [10, 3, 14, 3.5], "texture": "#anvil"},
				"east": {"uv": [13, 3.5, 10, 4], "texture": "#anvil"},
				"south": {"uv": [14, 3, 10, 3.5], "texture": "#anvil"},
				"west": {"uv": [10, 3.5, 13, 4], "texture": "#anvil"},
				"up": {"uv": [10, 0, 14, 3], "texture": "#anvil"}
			}
		},
		{
			"name": "anvil_2",
			"from": [5, 5, 6],
			"to": [11, 10, 10],
			"faces": {
				"north": {"uv": [10, 4, 13, 6.5], "texture": "#anvil"},
				"east": {"uv": [12, 6.5, 10, 9], "texture": "#anvil"},
				"south": {"uv": [13, 4, 10, 6.5], "texture": "#anvil"},
				"west": {"uv": [10, 6.5, 12, 9], "texture": "#anvil"}
			}
		},
		{
			"name": "anvil_3",
			"from": [4, 10, 4],
			"to": [12, 16, 12],
			"faces": {
				"north": {"uv": [6, 0, 10, 3], "texture": "#anvil"},
				"east": {"uv": [10, 3, 6, 6], "texture": "#anvil"},
				"south": {"uv": [10, 0, 6, 3], "texture": "#anvil"},
				"west": {"uv": [6, 3, 10, 6], "texture": "#anvil"},
				"up": {"uv": [6, 6, 10, 10], "texture": "#anvil"},
				"down": {"uv": [6, 10, 10, 14], "texture": "#anvil"}
			}
		},
		{
			"name": "anvil_4",
			"from": [12, 11, 5],
			"to": [16, 15, 11],
			"rotation": {"angle": 0, "axis": "z", "origin": [12, 11, 8]},
			"faces": {
				"north": {"uv": [14, 0, 16, 2], "texture": "#anvil"},
				"east": {"uv": [13, 3.5, 16, 5.5], "texture": "#anvil"},
				"south": {"uv": [16, 0, 14, 2], "texture": "#anvil"},
				"up": {"uv": [13, 5.5, 16, 7.5], "rotation": 90, "texture": "#anvil"},
				"down": {"uv": [13, 7.5, 16, 9.5], "rotation": 90, "texture": "#anvil"}
			}
		},
		{
			"name": "anvil_5",
			"from": [0, 13, 5],
			"to": [4, 16, 11],
			"rotation": {"angle": 0, "axis": "z", "origin": [12, 11, 8]},
			"faces": {
				"north": {"uv": [13, 13, 15, 14.5], "texture": "#anvil"},
				"south": {"uv": [15, 13, 13, 14.5], "texture": "#anvil"},
				"west": {"uv": [13, 11.5, 16, 13], "texture": "#anvil"},
				"up": {"uv": [13, 9.5, 16, 11.5], "rotation": 90, "texture": "#anvil"}
			}
		},
		{
			"name": "anvil_6",
			"from": [0, 13, 5.005],
			"to": [5, 15, 10.995],
			"rotation": {"angle": -22.5, "axis": "z", "origin": [0, 13, 8]},
			"faces": {
				"north": {"uv": [10, 9, 12.5, 10], "texture": "#anvil"},
				"south": {"uv": [12.5, 9, 10, 10], "texture": "#anvil"},
				"down": {"uv": [10, 10, 12.5, 12.995], "texture": "#anvil"}
			}
		}
	],
	"display": {
		"thirdperson_righthand": {
			"rotation": [75, 45, 0],
			"translation": [0, 2.5, 0],
			"scale": [0.375, 0.375, 0.375]
		},
		"thirdperson_lefthand": {
			"rotation": [75, 45, 0],
			"translation": [0, 2.5, 0],
			"scale": [0.375, 0.375, 0.375]
		},
		"firstperson_righthand": {
			"rotation": [180, 45, 180],
			"scale": [0.4, 0.4, 0.4]
		},
		"firstperson_lefthand": {
			"rotation": [180, 45, 180],
			"scale": [0.4, 0.4, 0.4]
		},
		"ground": {
			"translation": [0, 3, 0],
			"scale": [0.25, 0.25, 0.25]
		},
		"gui": {
			"rotation": [30, 225, 0],
			"scale": [0.625, 0.625, 0.625]
		},
		"head": {
			"translation": [0, 12.75, 0],
			"scale": [0.8, 0.8, 0.8]
		},
		"fixed": {
			"scale": [0.5, 0.5, 0.5]
		}
	},
	"groups": [
		{
			"name": "anvil",
			"origin": [8, 8, 8],
			"color": 0,
			"children": [0, 1, 2, 3, 4, 5, 6]
		}
	]
}
