{
	"credit": "Made by Skart2000",
	"texture_size": [64, 64],
	"textures": {
		"particle": "mc_calamity:block/crimson_altar",
		"altar": "mc_calamity:block/crimson_altar"
	},
	"elements": [
		{
			"name": "altar_0",
			"from": [1, 0, 1],
			"to": [16, 3, 15],
			"rotation": {"angle": 0, "axis": "y", "origin": [16, 0, 8]},
			"faces": {
				"north": {"uv": [0, 3.5, 3.75, 4.25], "texture": "#altar"},
				"south": {"uv": [3.75, 3.5, 0, 4.25], "texture": "#altar"},
				"west": {"uv": [0, 4.25, 3.5, 5], "texture": "#altar"},
				"up": {"uv": [0, 0, 3.75, 3.5], "texture": "#altar"},
				"down": {"uv": [0, 3.5, 3.75, 0], "texture": "#altar"}
			}
		},
		{
			"name": "altar_1",
			"from": [3, 3, 2],
			"to": [16, 13, 14],
			"rotation": {"angle": 0, "axis": "y", "origin": [16, 0, 8]},
			"faces": {
				"north": {"uv": [0, 5, 3.25, 7.5], "texture": "#altar"},
				"south": {"uv": [3.25, 5, 0, 7.5], "texture": "#altar"},
				"west": {"uv": [0, 7.5, 3, 10], "texture": "#altar"}
			}
		},
		{
			"name": "altar_2",
			"from": [2, 13, 1],
			"to": [16, 16, 15],
			"rotation": {"angle": 0, "axis": "y", "origin": [16, 0, 8]},
			"faces": {
				"north": {"uv": [0, 13.5, 3.5, 14.25], "texture": "#altar"},
				"south": {"uv": [3.5, 13.5, 0, 14.25], "texture": "#altar"},
				"west": {"uv": [0, 14.25, 3.5, 15], "texture": "#altar"},
				"up": {"uv": [0, 10, 3.5, 13.5], "texture": "#altar"},
				"down": {"uv": [3.75, 0, 7.25, 3.5], "texture": "#altar"}
			}
		},
		{
			"name": "eye_0",
			"from": [14, 14, -1],
			"to": [16, 18, 3],
			"rotation": {"angle": -45, "axis": "x", "origin": [16, 16, 1]},
			"faces": {
				"north": {"uv": [4.75, 3.5, 5.25, 4.5], "texture": "#altar"},
				"south": {"uv": [5.25, 3.5, 4.75, 4.5], "texture": "#altar"},
				"west": {"uv": [3.75, 3.5, 4.75, 4.5], "texture": "#altar"},
				"up": {"uv": [5.25, 3.5, 5.75, 4.5], "texture": "#altar"}
			}
		},
		{
			"name": "eye_1",
			"from": [8, 14, -1],
			"to": [12, 18, 3],
			"rotation": {"angle": -22.5, "axis": "x", "origin": [10, 16, 1]},
			"faces": {
				"north": {"uv": [5.75, 4.5, 6.75, 5.5], "texture": "#altar"},
				"east": {"uv": [5.75, 4.5, 6.75, 5.5], "texture": "#altar"},
				"south": {"uv": [5.75, 4.5, 6.75, 5.5], "texture": "#altar"},
				"west": {"uv": [5.75, 4.5, 6.75, 5.5], "texture": "#altar"},
				"up": {"uv": [4.75, 4.5, 5.75, 5.5], "texture": "#altar"},
				"down": {"uv": [3.75, 4.5, 4.75, 5.5], "texture": "#altar"}
			}
		},
		{
			"name": "eye_2",
			"from": [1, 14, 0],
			"to": [5, 18, 4],
			"rotation": {"angle": 0, "axis": "y", "origin": [3, 16, 2]},
			"faces": {
				"north": {"uv": [5.75, 4.5, 6.75, 5.5], "texture": "#altar"},
				"east": {"uv": [5.75, 4.5, 6.75, 5.5], "texture": "#altar"},
				"south": {"uv": [5.75, 4.5, 6.75, 5.5], "texture": "#altar"},
				"west": {"uv": [5.75, 4.5, 6.75, 5.5], "texture": "#altar"},
				"up": {"uv": [4.75, 4.5, 5.75, 5.5], "texture": "#altar"},
				"down": {"uv": [3.75, 4.5, 4.75, 5.5], "texture": "#altar"}
			}
		},
		{
			"name": "eye_3",
			"from": [1, 13, 6],
			"to": [5, 17, 10],
			"rotation": {"angle": 45, "axis": "z", "origin": [2, 16, 8]},
			"faces": {
				"north": {"uv": [5.75, 4.5, 6.75, 5.5], "texture": "#altar"},
				"east": {"uv": [5.75, 4.5, 6.75, 5.5], "texture": "#altar"},
				"south": {"uv": [5.75, 4.5, 6.75, 5.5], "texture": "#altar"},
				"west": {"uv": [5.75, 4.5, 6.75, 5.5], "texture": "#altar"},
				"up": {"uv": [4.75, 4.5, 5.75, 5.5], "texture": "#altar"},
				"down": {"uv": [3.75, 4.5, 4.75, 5.5], "texture": "#altar"}
			}
		},
		{
			"name": "eye_4",
			"from": [1, 14, 12],
			"to": [5, 18, 16],
			"rotation": {"angle": 0, "axis": "y", "origin": [3, 16, 14]},
			"faces": {
				"north": {"uv": [5.75, 4.5, 6.75, 5.5], "texture": "#altar"},
				"east": {"uv": [5.75, 4.5, 6.75, 5.5], "texture": "#altar"},
				"south": {"uv": [5.75, 4.5, 6.75, 5.5], "texture": "#altar"},
				"west": {"uv": [5.75, 4.5, 6.75, 5.5], "texture": "#altar"},
				"up": {"uv": [4.75, 4.5, 5.75, 5.5], "texture": "#altar"},
				"down": {"uv": [3.75, 4.5, 4.75, 5.5], "texture": "#altar"}
			}
		},
		{
			"name": "eye_5",
			"from": [10, 14, 13],
			"to": [14, 18, 17],
			"rotation": {"angle": 22.5, "axis": "x", "origin": [12, 16, 15]},
			"faces": {
				"north": {"uv": [5.75, 4.5, 6.75, 5.5], "texture": "#altar"},
				"east": {"uv": [5.75, 4.5, 6.75, 5.5], "texture": "#altar"},
				"south": {"uv": [5.75, 4.5, 6.75, 5.5], "texture": "#altar"},
				"west": {"uv": [5.75, 4.5, 6.75, 5.5], "texture": "#altar"},
				"up": {"uv": [4.75, 4.5, 5.75, 5.5], "texture": "#altar"},
				"down": {"uv": [3.75, 4.5, 4.75, 5.5], "texture": "#altar"}
			}
		},
		{
			"name": "altar_3",
			"from": [16, 0, 1],
			"to": [31, 3, 15],
			"rotation": {"angle": 0, "axis": "y", "origin": [16, 0, 8]},
			"faces": {
				"north": {"uv": [3.75, 3.5, 0, 4.25], "texture": "#altar"},
				"east": {"uv": [3.5, 4.25, 0, 5], "texture": "#altar"},
				"south": {"uv": [0, 3.5, 3.75, 4.25], "texture": "#altar"},
				"up": {"uv": [3.75, 0, 0, 3.5], "texture": "#altar"},
				"down": {"uv": [3.75, 3.5, 0, 0], "texture": "#altar"}
			}
		},
		{
			"name": "altar_4",
			"from": [16, 3, 2],
			"to": [29, 13, 14],
			"rotation": {"angle": 0, "axis": "y", "origin": [16, 0, 8]},
			"faces": {
				"north": {"uv": [3.25, 5, 0, 7.5], "texture": "#altar"},
				"east": {"uv": [3, 7.5, 0, 10], "texture": "#altar"},
				"south": {"uv": [0, 5, 3.25, 7.5], "texture": "#altar"}
			}
		},
		{
			"name": "altar_5",
			"from": [16, 13, 1],
			"to": [30, 16, 15],
			"rotation": {"angle": 0, "axis": "y", "origin": [16, 0, 8]},
			"faces": {
				"north": {"uv": [3.5, 13.5, 0, 14.25], "texture": "#altar"},
				"east": {"uv": [3.5, 14.25, 0, 15], "texture": "#altar"},
				"south": {"uv": [0, 13.5, 3.5, 14.25], "texture": "#altar"},
				"up": {"uv": [3.5, 10, 0, 13.5], "texture": "#altar"},
				"down": {"uv": [7.25, 0, 3.75, 3.5], "texture": "#altar"}
			}
		},
		{
			"name": "eye_6",
			"from": [16, 14, -1],
			"to": [18, 18, 3],
			"rotation": {"angle": -45, "axis": "x", "origin": [16, 16, 1]},
			"faces": {
				"north": {"uv": [5.25, 3.5, 4.75, 4.5], "texture": "#altar"},
				"east": {"uv": [4.75, 3.5, 3.75, 4.5], "texture": "#altar"},
				"south": {"uv": [4.75, 3.5, 5.25, 4.5], "texture": "#altar"},
				"up": {"uv": [5.75, 3.5, 5.25, 4.5], "texture": "#altar"}
			}
		},
		{
			"name": "eye_7",
			"from": [20, 14, -1],
			"to": [24, 18, 3],
			"rotation": {"angle": -22.5, "axis": "x", "origin": [22, 16, 1]},
			"faces": {
				"north": {"uv": [6.75, 4.5, 5.75, 5.5], "texture": "#altar"},
				"east": {"uv": [6.75, 4.5, 5.75, 5.5], "texture": "#altar"},
				"south": {"uv": [6.75, 4.5, 5.75, 5.5], "texture": "#altar"},
				"west": {"uv": [6.75, 4.5, 5.75, 5.5], "texture": "#altar"},
				"up": {"uv": [5.75, 4.5, 4.75, 5.5], "texture": "#altar"},
				"down": {"uv": [4.75, 4.5, 3.75, 5.5], "texture": "#altar"}
			}
		},
		{
			"name": "eye_8",
			"from": [27, 14, 0],
			"to": [31, 18, 4],
			"rotation": {"angle": 0, "axis": "y", "origin": [29, 16, 2]},
			"faces": {
				"north": {"uv": [6.75, 4.5, 5.75, 5.5], "texture": "#altar"},
				"east": {"uv": [6.75, 4.5, 5.75, 5.5], "texture": "#altar"},
				"south": {"uv": [6.75, 4.5, 5.75, 5.5], "texture": "#altar"},
				"west": {"uv": [6.75, 4.5, 5.75, 5.5], "texture": "#altar"},
				"up": {"uv": [5.75, 4.5, 4.75, 5.5], "texture": "#altar"},
				"down": {"uv": [4.75, 4.5, 3.75, 5.5], "texture": "#altar"}
			}
		},
		{
			"name": "eye_9",
			"from": [27, 13, 6],
			"to": [31, 17, 10],
			"rotation": {"angle": -45, "axis": "z", "origin": [30, 16, 8]},
			"faces": {
				"north": {"uv": [6.75, 4.5, 5.75, 5.5], "texture": "#altar"},
				"east": {"uv": [6.75, 4.5, 5.75, 5.5], "texture": "#altar"},
				"south": {"uv": [6.75, 4.5, 5.75, 5.5], "texture": "#altar"},
				"west": {"uv": [6.75, 4.5, 5.75, 5.5], "texture": "#altar"},
				"up": {"uv": [5.75, 4.5, 4.75, 5.5], "texture": "#altar"},
				"down": {"uv": [4.75, 4.5, 3.75, 5.5], "texture": "#altar"}
			}
		},
		{
			"name": "eye_10",
			"from": [27, 14, 12],
			"to": [31, 18, 16],
			"rotation": {"angle": 0, "axis": "y", "origin": [29, 16, 14]},
			"faces": {
				"north": {"uv": [6.75, 4.5, 5.75, 5.5], "texture": "#altar"},
				"east": {"uv": [6.75, 4.5, 5.75, 5.5], "texture": "#altar"},
				"south": {"uv": [6.75, 4.5, 5.75, 5.5], "texture": "#altar"},
				"west": {"uv": [6.75, 4.5, 5.75, 5.5], "texture": "#altar"},
				"up": {"uv": [5.75, 4.5, 4.75, 5.5], "texture": "#altar"},
				"down": {"uv": [4.75, 4.5, 3.75, 5.5], "texture": "#altar"}
			}
		},
		{
			"name": "eye_11",
			"from": [18, 14, 13],
			"to": [22, 18, 17],
			"rotation": {"angle": 22.5, "axis": "x", "origin": [20, 16, 15]},
			"faces": {
				"north": {"uv": [6.75, 4.5, 5.75, 5.5], "texture": "#altar"},
				"east": {"uv": [6.75, 4.5, 5.75, 5.5], "texture": "#altar"},
				"south": {"uv": [6.75, 4.5, 5.75, 5.5], "texture": "#altar"},
				"west": {"uv": [6.75, 4.5, 5.75, 5.5], "texture": "#altar"},
				"up": {"uv": [5.75, 4.5, 4.75, 5.5], "texture": "#altar"},
				"down": {"uv": [4.75, 4.5, 3.75, 5.5], "texture": "#altar"}
			}
		}
	],
	"display": {
		"thirdperson_righthand": {
			"rotation": [75, 45, 0],
			"translation": [0, 1.5, 0],
			"scale": [0.3, 0.3, 0.3]
		},
		"thirdperson_lefthand": {
			"rotation": [75, 45, 0],
			"translation": [3.25, 4.5, 0],
			"scale": [0.3, 0.3, 0.3]
		},
		"firstperson_righthand": {
			"rotation": [180, 45, 180],
			"translation": [7.5, 0, 0],
			"scale": [0.4, 0.4, 0.4]
		},
		"firstperson_lefthand": {
			"rotation": [180, 45, 180],
			"translation": [0, 0, -3],
			"scale": [0.4, 0.4, 0.4]
		},
		"ground": {
			"translation": [-2, 3, 0],
			"scale": [0.25, 0.25, 0.25]
		},
		"gui": {
			"rotation": [30, 225, 0],
			"translation": [2.5, 1, 0],
			"scale": [0.45, 0.45, 0.45]
		},
		"head": {
			"translation": [-6.25, 12.75, 0],
			"scale": [0.8, 0.8, 0.8]
		},
		"fixed": {
			"translation": [-4, 0, 0],
			"scale": [0.5, 0.5, 0.5]
		}
	},
	"groups": [
		{
			"name": "altar_left",
			"origin": [8, 8, 8],
			"color": 0,
			"children": [0, 1, 2, 3, 4, 5, 6, 7, 8]
		},
		{
			"name": "altar_right",
			"origin": [8, 8, 8],
			"color": 0,
			"children": [9, 10, 11, 12, 13, 14, 15, 16, 17]
		}
	]
}
