{
	"credit": "Made by Skart2000",
	"texture_size": [32, 32],
	"textures": {
		"particle": "mc_calamity:block/extractinator",
		"extractinator": "mc_calamity:block/extractinator",
		"extractinator_animated": "mc_calamity:block/extractinator_animated"
	},
	"elements": [
		{
			"name": "extractinator_0",
			"from": [8, 0, 4],
			"to": [16, 6, 12],
			"faces": {
				"north": {"uv": [0, 0, 4, 3], "texture": "#extractinator"},
				"east": {"uv": [0, 6, 4, 9], "texture": "#extractinator"},
				"south": {"uv": [4, 0, 0, 3], "texture": "#extractinator"},
				"west": {"uv": [0, 3, 4, 6], "texture": "#extractinator"},
				"up": {"uv": [0, 9, 4, 13], "texture": "#extractinator"},
				"down": {"uv": [4, 0, 8, 4], "texture": "#extractinator"}
			}
		},
		{
			"name": "extractinator_1",
			"from": [7, 1, 6.5],
			"to": [8, 4, 9.5],
			"faces": {
				"north": {"uv": [3, 13, 3.5, 14.5], "texture": "#extractinator"},
				"south": {"uv": [3, 13, 3.5, 14.5], "texture": "#extractinator"},
				"up": {"uv": [3, 13, 3.5, 14.5], "texture": "#extractinator"},
				"down": {"uv": [3, 13, 3.5, 14.5], "texture": "#extractinator"}
			}
		},
		{
			"name": "extractinator_2",
			"from": [1, 0, 5],
			"to": [7, 5, 11],
			"faces": {
				"north": {"uv": [4, 4, 7, 6.5], "texture": "#extractinator"},
				"east": {"uv": [4, 9, 7, 11.5], "texture": "#extractinator"},
				"south": {"uv": [7, 4, 4, 6.5], "texture": "#extractinator"},
				"west": {"uv": [4, 6.5, 7, 9], "texture": "#extractinator"},
				"up": {"uv": [4, 11.5, 7, 14.5], "texture": "#extractinator"},
				"down": {"uv": [0, 13, 3, 16], "texture": "#extractinator"}
			}
		},
		{
			"name": "extractinator_3",
			"from": [2, 5, 5],
			"to": [6, 7, 11],
			"faces": {
				"north": {"uv": [8, 1, 10, 2], "texture": "#extractinator"},
				"east": {"uv": [11, 0, 8, 1], "texture": "#extractinator"},
				"south": {"uv": [10, 1, 8, 2], "texture": "#extractinator"},
				"west": {"uv": [8, 0, 11, 1], "texture": "#extractinator"}
			}
		},
		{
			"name": "extractinator_4",
			"from": [1, 7, 5],
			"to": [7, 11, 11],
			"faces": {
				"north": {"uv": [8, 2, 11, 4], "texture": "#extractinator"},
				"east": {"uv": [11, 4, 8, 6], "texture": "#extractinator"},
				"south": {"uv": [11, 2, 8, 4], "texture": "#extractinator"},
				"west": {"uv": [8, 4, 11, 6], "texture": "#extractinator"},
				"up": {"uv": [8, 6, 11, 9], "texture": "#extractinator"},
				"down": {"uv": [8, 9, 11, 12], "texture": "#extractinator"}
			}
		},
		{
			"name": "extractinator_5",
			"from": [0, 9, 7],
			"to": [2, 13, 9],
			"faces": {
				"north": {"uv": [11, 0, 12, 2], "texture": "#extractinator"},
				"east": {"uv": [13, 0, 14, 2], "texture": "#extractinator"},
				"south": {"uv": [12, 0, 11, 2], "texture": "#extractinator"},
				"west": {"uv": [12, 0, 13, 2], "texture": "#extractinator"},
				"up": {"uv": [11, 2, 12, 3], "texture": "#extractinator"},
				"down": {"uv": [12, 2, 13, 3], "texture": "#extractinator"}
			}
		},
		{
			"name": "extractinator_6",
			"from": [6, 9, 7],
			"to": [8, 14, 9],
			"faces": {
				"north": {"uv": [11, 3, 12, 5.5], "texture": "#extractinator"},
				"east": {"uv": [12, 3, 13, 5.5], "texture": "#extractinator"},
				"south": {"uv": [12, 3, 11, 5.5], "texture": "#extractinator"},
				"west": {"uv": [13, 3, 14, 5.5], "texture": "#extractinator"},
				"up": {"uv": [12, 5.5, 13, 6.5], "texture": "#extractinator"},
				"down": {"uv": [11, 5.5, 12, 6.5], "texture": "#extractinator"}
			}
		},
		{
			"name": "extractinator_7",
			"from": [9, 6, 5],
			"to": [15, 8, 11],
			"faces": {
				"north": {"uv": [0, 3, 3, 4], "texture": "#extractinator_animated"},
				"east": {"uv": [0, 3, 3, 4], "texture": "#extractinator_animated"},
				"south": {"uv": [0, 3, 3, 4], "texture": "#extractinator_animated"},
				"west": {"uv": [0, 3, 3, 4], "texture": "#extractinator_animated"},
				"up": {"uv": [0, 0, 3, 3], "texture": "#extractinator_animated"}
			}
		},
		{
			"name": "extractinator_8",
			"from": [10, 8, 6],
			"to": [14, 15, 10],
			"faces": {
				"north": {"uv": [0, 4, 2, 7.5], "texture": "#extractinator_animated"},
				"east": {"uv": [0, 4, 2, 7.5], "texture": "#extractinator_animated"},
				"south": {"uv": [0, 4, 2, 7.5], "texture": "#extractinator_animated"},
				"west": {"uv": [0, 4, 2, 7.5], "texture": "#extractinator_animated"}
			}
		},
		{
			"name": "extractinator_9",
			"from": [9, 15, 5],
			"to": [15, 16, 11],
			"faces": {
				"north": {"uv": [0, 10.5, 3, 11], "texture": "#extractinator_animated"},
				"east": {"uv": [3, 10.5, 0, 11], "texture": "#extractinator_animated"},
				"south": {"uv": [0, 10.5, 3, 11], "texture": "#extractinator_animated"},
				"west": {"uv": [3, 10.5, 0, 11], "texture": "#extractinator_animated"},
				"up": {"uv": [0, 7.5, 3, 10.5], "texture": "#extractinator_animated"},
				"down": {"uv": [0, 10.5, 3, 7.5], "texture": "#extractinator_animated"}
			}
		},
		{
			"name": "gear_0",
			"from": [4, 12, 5],
			"to": [10, 13, 11],
			"faces": {
				"north": {"uv": [0, 14, 3, 14.5], "texture": "#extractinator_animated"},
				"east": {"uv": [0, 14, 3, 14.5], "texture": "#extractinator_animated"},
				"south": {"uv": [0, 14, 3, 14.5], "texture": "#extractinator_animated"},
				"west": {"uv": [0, 14, 3, 14.5], "texture": "#extractinator_animated"},
				"up": {"uv": [0, 11, 3, 14], "texture": "#extractinator_animated"},
				"down": {"uv": [0, 14, 3, 11], "texture": "#extractinator_animated"}
			}
		},
		{
			"name": "extractinator_10",
			"from": [9, 6, 5],
			"to": [15, 7, 11],
			"faces": {
				"north": {"uv": [3, 3, 6, 3.5], "texture": "#extractinator_animated"},
				"east": {"uv": [3, 3, 6, 3.5], "texture": "#extractinator_animated"},
				"south": {"uv": [3, 3, 6, 3.5], "texture": "#extractinator_animated"},
				"west": {"uv": [3, 3, 6, 3.5], "texture": "#extractinator_animated"},
				"up": {"uv": [3, 0, 6, 3], "texture": "#extractinator_animated"},
				"down": {"uv": [3, 0, 6, 3], "texture": "#extractinator_animated"}
			}
		},
		{
			"name": "extractinator_11",
			"from": [10, 7, 6],
			"to": [14, 14, 10],
			"faces": {
				"north": {"uv": [3, 3.5, 5, 7], "texture": "#extractinator_animated"},
				"east": {"uv": [3, 3.5, 5, 7], "texture": "#extractinator_animated"},
				"south": {"uv": [3, 3.5, 5, 7], "texture": "#extractinator_animated"},
				"west": {"uv": [3, 3.5, 5, 7], "texture": "#extractinator_animated"}
			}
		},
		{
			"name": "extractinator_12",
			"from": [9, 14, 5],
			"to": [15, 15, 11],
			"faces": {
				"north": {"uv": [3, 10, 6, 10.5], "texture": "#extractinator_animated"},
				"east": {"uv": [6, 10, 3, 10.5], "texture": "#extractinator_animated"},
				"south": {"uv": [3, 10, 6, 10.5], "texture": "#extractinator_animated"},
				"west": {"uv": [6, 10, 3, 10.5], "texture": "#extractinator_animated"},
				"up": {"uv": [3, 7, 6, 10], "texture": "#extractinator_animated"},
				"down": {"uv": [3, 10, 6, 7], "texture": "#extractinator_animated"}
			}
		},
		{
			"name": "gear_1",
			"from": [4, 12, 5],
			"to": [10, 13, 11],
			"rotation": {"angle": 45, "axis": "y", "origin": [7, 13, 8]},
			"faces": {
				"north": {"uv": [3, 13.5, 6, 14], "texture": "#extractinator_animated"},
				"east": {"uv": [3, 13.5, 6, 14], "texture": "#extractinator_animated"},
				"south": {"uv": [3, 13.5, 6, 14], "texture": "#extractinator_animated"},
				"west": {"uv": [3, 13.5, 6, 14], "texture": "#extractinator_animated"},
				"up": {"uv": [3, 10.5, 6, 13.5], "texture": "#extractinator_animated"},
				"down": {"uv": [3, 10.5, 6, 13.5], "texture": "#extractinator_animated"}
			}
		},
		{
			"name": "extractinator_13",
			"from": [10, 6, 6],
			"to": [14, 13, 10],
			"faces": {
				"north": {"uv": [6, 0, 8, 3.5], "texture": "#extractinator_animated"},
				"east": {"uv": [6, 0, 8, 3.5], "texture": "#extractinator_animated"},
				"south": {"uv": [6, 0, 8, 3.5], "texture": "#extractinator_animated"},
				"west": {"uv": [6, 0, 8, 3.5], "texture": "#extractinator_animated"}
			}
		},
		{
			"name": "extractinator_14",
			"from": [9, 13, 5],
			"to": [15, 14, 11],
			"faces": {
				"north": {"uv": [6, 6.5, 9, 7], "texture": "#extractinator_animated"},
				"east": {"uv": [9, 6.5, 6, 7], "texture": "#extractinator_animated"},
				"south": {"uv": [6, 6.5, 9, 7], "texture": "#extractinator_animated"},
				"west": {"uv": [9, 6.5, 6, 7], "texture": "#extractinator_animated"},
				"up": {"uv": [6, 3.5, 9, 6.5], "texture": "#extractinator_animated"},
				"down": {"uv": [6, 6.5, 9, 3.5], "texture": "#extractinator_animated"}
			}
		},
		{
			"name": "gear_2",
			"from": [4, 12, 5],
			"to": [10, 13, 11],
			"rotation": {"angle": 0, "axis": "y", "origin": [7, 13, 8]},
			"faces": {
				"north": {"uv": [6, 10, 9, 10.5], "texture": "#extractinator_animated"},
				"east": {"uv": [6, 10, 9, 10.5], "texture": "#extractinator_animated"},
				"south": {"uv": [6, 10, 9, 10.5], "texture": "#extractinator_animated"},
				"west": {"uv": [6, 10, 9, 10.5], "texture": "#extractinator_animated"},
				"up": {"uv": [6, 7, 9, 10], "texture": "#extractinator_animated"},
				"down": {"uv": [6, 7, 9, 10], "texture": "#extractinator_animated"}
			}
		}
	],
	"display": {
		"thirdperson_righthand": {
			"rotation": [75, 45, 0],
			"translation": [0, 2.5, 0],
			"scale": [0.375, 0.375, 0.375]
		},
		"thirdperson_lefthand": {
			"rotation": [75, 45, 0],
			"translation": [0, 2.5, 0],
			"scale": [0.375, 0.375, 0.375]
		},
		"firstperson_righthand": {
			"rotation": [180, 45, 180],
			"scale": [0.4, 0.4, 0.4]
		},
		"firstperson_lefthand": {
			"rotation": [180, 45, 180],
			"scale": [0.4, 0.4, 0.4]
		},
		"ground": {
			"translation": [0, 3, 0],
			"scale": [0.25, 0.25, 0.25]
		},
		"gui": {
			"rotation": [30, 225, 0],
			"translation": [0.5, 1.5, 0],
			"scale": [0.8, 0.8, 0.8]
		},
		"head": {
			"translation": [0, 12.75, 0],
			"scale": [0.8, 0.8, 0.8]
		},
		"fixed": {
			"scale": [0.5, 0.5, 0.5]
		}
	},
	"groups": [
		{
			"name": "extractinator",
			"origin": [8, 8, 8],
			"color": 0,
			"children": [
				0,
				1,
				2,
				3,
				4,
				5,
				6,
				{
					"name": "frame_0",
					"origin": [8, 8, 8],
					"color": 0,
					"children": [
						7,
						8,
						9,
						{
							"name": "gear_0",
							"origin": [8, 8, 8],
							"color": 0,
							"children": [10]
						}
					]
				},
				{
					"name": "frame_1",
					"origin": [8, 8, 8],
					"color": 0,
					"children": [
						11,
						12,
						13,
						{
							"name": "gear_1",
							"origin": [8, 8, 8],
							"color": 0,
							"children": [14]
						}
					]
				},
				{
					"name": "frame_2",
					"origin": [8, 8, 8],
					"color": 0,
					"children": [
						15,
						16,
						{
							"name": "gear_2",
							"origin": [8, 8, 8],
							"color": 0,
							"children": [17]
						}
					]
				}
			]
		}
	]
}
