{
	"credit": "Made by Skart2000",
	"texture_size": [32, 32],
	"textures": {
		"0": "mc_calamity:block/wulfrum_lure",
		"particle": "mc_calamity:block/wulfrum_lure"
	},
	"elements": [
		{
			"name": "bottom",
			"from": [2, 0, 4.5],
			"to": [14, 2, 11.5],
			"faces": {
				"north": {"uv": [0, 7, 6, 8], "texture": "#0"},
				"east": {"uv": [9.5, 7.5, 6, 8.5], "texture": "#0"},
				"south": {"uv": [6, 7, 0, 8], "texture": "#0"},
				"west": {"uv": [6, 7.5, 9.5, 8.5], "texture": "#0"},
				"up": {"uv": [0, 0, 6, 3.5], "texture": "#0"},
				"down": {"uv": [0, 3.5, 6, 7], "texture": "#0"}
			}
		},
		{
			"name": "middle_front",
			"from": [5, 0, 3.5],
			"to": [11, 9, 6.5],
			"faces": {
				"north": {"uv": [6, 0, 9, 4.5], "texture": "#0"},
				"east": {"uv": [9, 6, 13.5, 4.5], "rotation": 90, "texture": "#0"},
				"south": {"uv": [12, 0, 15, 4.5], "texture": "#0"},
				"west": {"uv": [9, 4.5, 13.5, 6], "rotation": 90, "texture": "#0"},
				"up": {"uv": [9, 6, 12, 7.5], "texture": "#0"},
				"down": {"uv": [6, 4.5, 9, 6], "texture": "#0"}
			}
		},
		{
			"name": "left_front",
			"from": [2, 2, 5.5],
			"to": [5, 7, 6.5],
			"faces": {
				"north": {"uv": [0, 8, 1.5, 10.5], "texture": "#0"},
				"south": {"uv": [3, 8, 4.5, 10.5], "texture": "#0"},
				"west": {"uv": [4.5, 8, 5, 10.5], "texture": "#0"},
				"up": {"uv": [5.5, 8, 6, 9.5], "rotation": 90, "texture": "#0"}
			}
		},
		{
			"name": "right_front",
			"from": [11, 2, 5.5],
			"to": [14, 7, 6.5],
			"faces": {
				"north": {"uv": [1.5, 8, 0, 10.5], "texture": "#0"},
				"east": {"uv": [3.5, 8, 3, 10.5], "texture": "#0"},
				"south": {"uv": [3, 8, 1.5, 10.5], "texture": "#0"},
				"up": {"uv": [3.5, 9.5, 4, 8], "rotation": 90, "texture": "#0"}
			}
		},
		{
			"name": "middle_back",
			"from": [5, 0, 9.5],
			"to": [11, 9, 12.5],
			"faces": {
				"north": {"uv": [12, 0, 15, 4.5], "texture": "#0"},
				"east": {"uv": [9, 4.5, 13.5, 6], "rotation": 90, "texture": "#0"},
				"south": {"uv": [9, 0, 12, 4.5], "texture": "#0"},
				"west": {"uv": [9, 6, 13.5, 4.5], "rotation": 90, "texture": "#0"},
				"up": {"uv": [9, 7.5, 12, 6], "texture": "#0"},
				"down": {"uv": [6, 7.5, 9, 6], "texture": "#0"}
			}
		},
		{
			"name": "left_back",
			"from": [2, 2, 9.5],
			"to": [5, 7, 10.5],
			"faces": {
				"north": {"uv": [4.5, 8, 3, 10.5], "texture": "#0"},
				"south": {"uv": [1.5, 8, 3, 10.5], "texture": "#0"},
				"west": {"uv": [5, 8, 5.5, 10.5], "texture": "#0"},
				"up": {"uv": [5.5, 8, 6, 9.5], "rotation": 90, "texture": "#0"}
			}
		},
		{
			"name": "right_back",
			"from": [11, 2, 9.5],
			"to": [14, 7, 10.5],
			"faces": {
				"north": {"uv": [3, 8, 4.5, 10.5], "texture": "#0"},
				"east": {"uv": [5.5, 8, 5, 10.5], "texture": "#0"},
				"south": {"uv": [3, 8, 1.5, 10.5], "texture": "#0"},
				"up": {"uv": [5.5, 9.5, 6, 8], "rotation": 90, "texture": "#0"}
			}
		},
		{
			"name": "gear_center",
			"from": [6, 5, 6.5],
			"to": [10, 9, 9.5],
			"faces": {
				"north": {"uv": [0, 10.5, 2, 12.5], "texture": "#0"},
				"east": {"uv": [3.5, 10.5, 2, 12.5], "texture": "#0"},
				"south": {"uv": [2, 10.5, 0, 12.5], "texture": "#0"},
				"west": {"uv": [2, 10.5, 3.5, 12.5], "texture": "#0"},
				"up": {"uv": [2, 10.5, 3.5, 12.5], "rotation": 90, "texture": "#0"},
				"down": {"uv": [2, 10.5, 3.5, 12.5], "rotation": 90, "texture": "#0"}
			}
		},
		{
			"name": "gear_0",
			"from": [6.5, 9, 7],
			"to": [9.5, 13, 9],
			"faces": {
				"north": {"uv": [0, 12.5, 1.5, 14.5], "texture": "#0"},
				"east": {"uv": [1.5, 12.5, 2.5, 14.5], "texture": "#0"},
				"south": {"uv": [1.5, 12.5, 0, 14.5], "texture": "#0"},
				"west": {"uv": [1.5, 12.5, 2.5, 14.5], "texture": "#0"},
				"up": {"uv": [2.5, 12.5, 3.5, 14], "rotation": 90, "texture": "#0"}
			}
		},
		{
			"name": "gear_1",
			"from": [3.5, 8.5, 7],
			"to": [6.5, 11.5, 9],
			"faces": {
				"north": {"uv": [0, 14.5, 1.5, 16], "rotation": 90, "texture": "#0"},
				"south": {"uv": [1.5, 14.5, 0, 16], "rotation": 270, "texture": "#0"},
				"west": {"uv": [2.5, 14.5, 1.5, 16], "texture": "#0"},
				"up": {"uv": [1.5, 14.5, 2.5, 16], "rotation": 270, "texture": "#0"}
			}
		},
		{
			"name": "gear_2",
			"from": [2, 5.5, 7],
			"to": [6, 8.5, 9],
			"faces": {
				"north": {"uv": [0, 12.5, 1.5, 14.5], "rotation": 90, "texture": "#0"},
				"south": {"uv": [1.5, 12.5, 0, 14.5], "rotation": 270, "texture": "#0"},
				"west": {"uv": [2.5, 12.5, 3.5, 14], "texture": "#0"},
				"up": {"uv": [1.5, 12.5, 2.5, 14.5], "rotation": 270, "texture": "#0"},
				"down": {"uv": [1.5, 12.5, 2.5, 14.5], "rotation": 270, "texture": "#0"}
			}
		},
		{
			"name": "gear_3",
			"from": [3.5, 2.5, 7],
			"to": [6.5, 5.5, 9],
			"faces": {
				"north": {"uv": [1.5, 14.5, 0, 16], "rotation": 90, "texture": "#0"},
				"south": {"uv": [0, 14.5, 1.5, 16], "rotation": 270, "texture": "#0"},
				"west": {"uv": [2.5, 16, 1.5, 14.5], "texture": "#0"},
				"down": {"uv": [2.5, 14.5, 1.5, 16], "rotation": 270, "texture": "#0"}
			}
		},
		{
			"name": "gear_4",
			"from": [6.5, 1, 7],
			"to": [9.5, 5, 9],
			"faces": {
				"north": {"uv": [0, 12.5, 1.5, 14.5], "rotation": 180, "texture": "#0"},
				"east": {"uv": [1.5, 12.5, 2.5, 14.5], "rotation": 180, "texture": "#0"},
				"south": {"uv": [1.5, 12.5, 0, 14.5], "rotation": 180, "texture": "#0"},
				"west": {"uv": [1.5, 12.5, 2.5, 14.5], "rotation": 180, "texture": "#0"},
				"down": {"uv": [2.5, 12.5, 3.5, 14], "rotation": 270, "texture": "#0"}
			}
		},
		{
			"name": "gear_5",
			"from": [9.5, 2.5, 7],
			"to": [12.5, 5.5, 9],
			"faces": {
				"north": {"uv": [1.5, 16, 0, 14.5], "rotation": 90, "texture": "#0"},
				"east": {"uv": [1.5, 16, 2.5, 14.5], "texture": "#0"},
				"south": {"uv": [0, 16, 1.5, 14.5], "rotation": 270, "texture": "#0"},
				"down": {"uv": [2.5, 16, 1.5, 14.5], "rotation": 270, "texture": "#0"}
			}
		},
		{
			"name": "gear_6",
			"from": [10, 5.5, 7],
			"to": [14, 8.5, 9],
			"faces": {
				"north": {"uv": [0, 12.5, 1.5, 14.5], "rotation": 270, "texture": "#0"},
				"east": {"uv": [2.5, 12.5, 3.5, 14], "rotation": 180, "texture": "#0"},
				"south": {"uv": [1.5, 12.5, 0, 14.5], "rotation": 90, "texture": "#0"},
				"up": {"uv": [1.5, 12.5, 2.5, 14.5], "rotation": 90, "texture": "#0"},
				"down": {"uv": [1.5, 12.5, 2.5, 14.5], "rotation": 90, "texture": "#0"}
			}
		},
		{
			"name": "gear_7",
			"from": [9.5, 8.5, 7],
			"to": [12.5, 11.5, 9],
			"faces": {
				"north": {"uv": [0, 16, 1.5, 14.5], "rotation": 90, "texture": "#0"},
				"east": {"uv": [1.5, 14.5, 2.5, 16], "texture": "#0"},
				"south": {"uv": [1.5, 16, 0, 14.5], "rotation": 270, "texture": "#0"},
				"up": {"uv": [1.5, 16, 2.5, 14.5], "rotation": 270, "texture": "#0"}
			}
		},
		{
			"name": "gear_center",
			"from": [6, 5, 6.5],
			"to": [10, 9, 9.5],
			"rotation": {"angle": 22.5, "axis": "z", "origin": [8, 7, 8]},
			"faces": {
				"north": {"uv": [3.5, 10.5, 5.5, 12.5], "texture": "#0"},
				"east": {"uv": [7, 10.5, 5.5, 12.5], "texture": "#0"},
				"south": {"uv": [5.5, 10.5, 3.5, 12.5], "texture": "#0"},
				"west": {"uv": [5.5, 10.5, 7, 12.5], "texture": "#0"},
				"up": {"uv": [5.5, 10.5, 7, 12.5], "rotation": 90, "texture": "#0"},
				"down": {"uv": [5.5, 10.5, 7, 12.5], "rotation": 90, "texture": "#0"}
			}
		},
		{
			"name": "gear_0",
			"from": [6.5, 9, 7],
			"to": [9.5, 13, 9],
			"rotation": {"angle": 22.5, "axis": "z", "origin": [8, 7, 8]},
			"faces": {
				"north": {"uv": [3.5, 12.5, 5, 14.5], "texture": "#0"},
				"east": {"uv": [5, 12.5, 6, 14.5], "texture": "#0"},
				"south": {"uv": [5, 12.5, 3.5, 14.5], "texture": "#0"},
				"west": {"uv": [5, 12.5, 6, 14.5], "texture": "#0"},
				"up": {"uv": [6, 12.5, 7, 14], "rotation": 90, "texture": "#0"}
			}
		},
		{
			"name": "gear_1",
			"from": [3.5, 8.5, 7],
			"to": [6.5, 11.5, 9],
			"rotation": {"angle": 22.5, "axis": "z", "origin": [8, 7, 8]},
			"faces": {
				"north": {"uv": [3.5, 14.5, 5, 16], "rotation": 90, "texture": "#0"},
				"south": {"uv": [5, 14.5, 3.5, 16], "rotation": 270, "texture": "#0"},
				"west": {"uv": [6, 14.5, 5, 16], "texture": "#0"},
				"up": {"uv": [5, 14.5, 6, 16], "rotation": 270, "texture": "#0"}
			}
		},
		{
			"name": "gear_2",
			"from": [2, 5.5, 7],
			"to": [6, 8.5, 9],
			"rotation": {"angle": 22.5, "axis": "z", "origin": [8, 7, 8]},
			"faces": {
				"north": {"uv": [3.5, 12.5, 5, 14.5], "rotation": 90, "texture": "#0"},
				"south": {"uv": [5, 12.5, 3.5, 14.5], "rotation": 270, "texture": "#0"},
				"west": {"uv": [6, 12.5, 7, 14], "texture": "#0"},
				"up": {"uv": [5, 12.5, 6, 14.5], "rotation": 270, "texture": "#0"},
				"down": {"uv": [5, 12.5, 6, 14.5], "rotation": 270, "texture": "#0"}
			}
		},
		{
			"name": "gear_3",
			"from": [3.5, 2.5, 7],
			"to": [6.5, 5.5, 9],
			"rotation": {"angle": 22.5, "axis": "z", "origin": [8, 7, 8]},
			"faces": {
				"north": {"uv": [5, 14.5, 3.5, 16], "rotation": 90, "texture": "#0"},
				"south": {"uv": [3.5, 14.5, 5, 16], "rotation": 270, "texture": "#0"},
				"west": {"uv": [6, 16, 5, 14.5], "texture": "#0"},
				"down": {"uv": [6, 14.5, 5, 16], "rotation": 270, "texture": "#0"}
			}
		},
		{
			"name": "gear_4",
			"from": [6.5, 1, 7],
			"to": [9.5, 5, 9],
			"rotation": {"angle": 22.5, "axis": "z", "origin": [8, 7, 8]},
			"faces": {
				"north": {"uv": [3.5, 12.5, 5, 14.5], "rotation": 180, "texture": "#0"},
				"east": {"uv": [5, 12.5, 6, 14.5], "rotation": 180, "texture": "#0"},
				"south": {"uv": [5, 12.5, 3.5, 14.5], "rotation": 180, "texture": "#0"},
				"west": {"uv": [5, 12.5, 6, 14.5], "rotation": 180, "texture": "#0"},
				"down": {"uv": [6, 12.5, 7, 14], "rotation": 270, "texture": "#0"}
			}
		},
		{
			"name": "gear_5",
			"from": [9.5, 2.5, 7],
			"to": [12.5, 5.5, 9],
			"rotation": {"angle": 22.5, "axis": "z", "origin": [8, 7, 8]},
			"faces": {
				"north": {"uv": [5, 16, 3.5, 14.5], "rotation": 90, "texture": "#0"},
				"east": {"uv": [5, 16, 6, 14.5], "texture": "#0"},
				"south": {"uv": [3.5, 16, 5, 14.5], "rotation": 270, "texture": "#0"},
				"down": {"uv": [6, 16, 5, 14.5], "rotation": 270, "texture": "#0"}
			}
		},
		{
			"name": "gear_6",
			"from": [10, 5.5, 7],
			"to": [14, 8.5, 9],
			"rotation": {"angle": 22.5, "axis": "z", "origin": [8, 7, 8]},
			"faces": {
				"north": {"uv": [3.5, 12.5, 5, 14.5], "rotation": 270, "texture": "#0"},
				"east": {"uv": [6, 12.5, 7, 14], "rotation": 180, "texture": "#0"},
				"south": {"uv": [5, 12.5, 3.5, 14.5], "rotation": 90, "texture": "#0"},
				"up": {"uv": [5, 12.5, 6, 14.5], "rotation": 90, "texture": "#0"},
				"down": {"uv": [5, 12.5, 6, 14.5], "rotation": 90, "texture": "#0"}
			}
		},
		{
			"name": "gear_7",
			"from": [9.5, 8.5, 7],
			"to": [12.5, 11.5, 9],
			"rotation": {"angle": 22.5, "axis": "z", "origin": [8, 7, 8]},
			"faces": {
				"north": {"uv": [3.5, 16, 5, 14.5], "rotation": 90, "texture": "#0"},
				"east": {"uv": [5, 14.5, 6, 16], "texture": "#0"},
				"south": {"uv": [5, 16, 3.5, 14.5], "rotation": 270, "texture": "#0"},
				"up": {"uv": [5, 16, 6, 14.5], "rotation": 270, "texture": "#0"}
			}
		},
		{
			"name": "gear_center",
			"from": [6, 5, 6.5],
			"to": [10, 9, 9.5],
			"rotation": {"angle": 45, "axis": "z", "origin": [8, 7, 8]},
			"faces": {
				"north": {"uv": [7, 10.5, 9, 12.5], "texture": "#0"},
				"east": {"uv": [10.5, 10.5, 9, 12.5], "texture": "#0"},
				"south": {"uv": [9, 10.5, 7, 12.5], "texture": "#0"},
				"west": {"uv": [9, 10.5, 10.5, 12.5], "texture": "#0"},
				"up": {"uv": [9, 10.5, 10.5, 12.5], "rotation": 90, "texture": "#0"},
				"down": {"uv": [9, 10.5, 10.5, 12.5], "rotation": 90, "texture": "#0"}
			}
		},
		{
			"name": "gear_0",
			"from": [6.5, 9, 7],
			"to": [9.5, 13, 9],
			"rotation": {"angle": 45, "axis": "z", "origin": [8, 7, 8]},
			"faces": {
				"north": {"uv": [7, 12.5, 8.5, 14.5], "texture": "#0"},
				"east": {"uv": [8.5, 12.5, 9.5, 14.5], "texture": "#0"},
				"south": {"uv": [8.5, 12.5, 7, 14.5], "texture": "#0"},
				"west": {"uv": [8.5, 12.5, 9.5, 14.5], "texture": "#0"},
				"up": {"uv": [9.5, 12.5, 10.5, 14], "rotation": 90, "texture": "#0"}
			}
		},
		{
			"name": "gear_1",
			"from": [3.5, 8.5, 7],
			"to": [6.5, 11.5, 9],
			"rotation": {"angle": 45, "axis": "z", "origin": [8, 7, 8]},
			"faces": {
				"north": {"uv": [7, 14.5, 8.5, 16], "rotation": 90, "texture": "#0"},
				"south": {"uv": [8.5, 14.5, 7, 16], "rotation": 270, "texture": "#0"},
				"west": {"uv": [9.5, 14.5, 8.5, 16], "texture": "#0"},
				"up": {"uv": [8.5, 14.5, 9.5, 16], "rotation": 270, "texture": "#0"}
			}
		},
		{
			"name": "gear_2",
			"from": [2, 5.5, 7],
			"to": [6, 8.5, 9],
			"rotation": {"angle": 45, "axis": "z", "origin": [8, 7, 8]},
			"faces": {
				"north": {"uv": [7, 12.5, 8.5, 14.5], "rotation": 90, "texture": "#0"},
				"south": {"uv": [8.5, 12.5, 7, 14.5], "rotation": 270, "texture": "#0"},
				"west": {"uv": [9.5, 12.5, 10.5, 14], "texture": "#0"},
				"up": {"uv": [8.5, 12.5, 9.5, 14.5], "rotation": 270, "texture": "#0"},
				"down": {"uv": [8.5, 12.5, 9.5, 14.5], "rotation": 270, "texture": "#0"}
			}
		},
		{
			"name": "gear_3",
			"from": [3.5, 2.5, 7],
			"to": [6.5, 5.5, 9],
			"rotation": {"angle": 45, "axis": "z", "origin": [8, 7, 8]},
			"faces": {
				"north": {"uv": [8.5, 14.5, 7, 16], "rotation": 90, "texture": "#0"},
				"south": {"uv": [7, 14.5, 8.5, 16], "rotation": 270, "texture": "#0"},
				"west": {"uv": [9.5, 16, 8.5, 14.5], "texture": "#0"},
				"down": {"uv": [9.5, 14.5, 8.5, 16], "rotation": 270, "texture": "#0"}
			}
		},
		{
			"name": "gear_4",
			"from": [6.5, 1, 7],
			"to": [9.5, 5, 9],
			"rotation": {"angle": 45, "axis": "z", "origin": [8, 7, 8]},
			"faces": {
				"north": {"uv": [7, 12.5, 8.5, 14.5], "rotation": 180, "texture": "#0"},
				"east": {"uv": [8.5, 12.5, 9.5, 14.5], "rotation": 180, "texture": "#0"},
				"south": {"uv": [8.5, 12.5, 7, 14.5], "rotation": 180, "texture": "#0"},
				"west": {"uv": [8.5, 12.5, 9.5, 14.5], "rotation": 180, "texture": "#0"},
				"down": {"uv": [9.5, 12.5, 10.5, 14], "rotation": 270, "texture": "#0"}
			}
		},
		{
			"name": "gear_5",
			"from": [9.5, 2.5, 7],
			"to": [12.5, 5.5, 9],
			"rotation": {"angle": 45, "axis": "z", "origin": [8, 7, 8]},
			"faces": {
				"north": {"uv": [8.5, 16, 7, 14.5], "rotation": 90, "texture": "#0"},
				"east": {"uv": [8.5, 16, 9.5, 14.5], "texture": "#0"},
				"south": {"uv": [7, 16, 8.5, 14.5], "rotation": 270, "texture": "#0"},
				"down": {"uv": [9.5, 16, 8.5, 14.5], "rotation": 270, "texture": "#0"}
			}
		},
		{
			"name": "gear_6",
			"from": [10, 5.5, 7],
			"to": [14, 8.5, 9],
			"rotation": {"angle": 45, "axis": "z", "origin": [8, 7, 8]},
			"faces": {
				"north": {"uv": [7, 12.5, 8.5, 14.5], "rotation": 270, "texture": "#0"},
				"east": {"uv": [9.5, 12.5, 10.5, 14], "rotation": 180, "texture": "#0"},
				"south": {"uv": [8.5, 12.5, 7, 14.5], "rotation": 90, "texture": "#0"},
				"up": {"uv": [8.5, 12.5, 9.5, 14.5], "rotation": 90, "texture": "#0"},
				"down": {"uv": [8.5, 12.5, 9.5, 14.5], "rotation": 90, "texture": "#0"}
			}
		},
		{
			"name": "gear_7",
			"from": [9.5, 8.5, 7],
			"to": [12.5, 11.5, 9],
			"rotation": {"angle": 45, "axis": "z", "origin": [8, 7, 8]},
			"faces": {
				"north": {"uv": [7, 16, 8.5, 14.5], "rotation": 90, "texture": "#0"},
				"east": {"uv": [8.5, 14.5, 9.5, 16], "texture": "#0"},
				"south": {"uv": [8.5, 16, 7, 14.5], "rotation": 270, "texture": "#0"},
				"up": {"uv": [8.5, 16, 9.5, 14.5], "rotation": 270, "texture": "#0"}
			}
		},
		{
			"name": "gear_center",
			"from": [6, 5, 6.5],
			"to": [10, 9, 9.5],
			"rotation": {"angle": -22.5, "axis": "z", "origin": [8, 7, 8]},
			"faces": {
				"north": {"uv": [10.5, 10.5, 12.5, 12.5], "rotation": 90, "texture": "#0"},
				"east": {"uv": [12.5, 10.5, 14, 12.5], "texture": "#0"},
				"south": {"uv": [12.5, 10.5, 10.5, 12.5], "rotation": 270, "texture": "#0"},
				"west": {"uv": [12.5, 10.5, 14, 12.5], "texture": "#0"},
				"up": {"uv": [14, 10.5, 12.5, 12.5], "rotation": 270, "texture": "#0"},
				"down": {"uv": [12.5, 10.5, 14, 12.5], "rotation": 270, "texture": "#0"}
			}
		},
		{
			"name": "gear_0",
			"from": [2, 5.5, 7],
			"to": [6, 8.5, 9],
			"rotation": {"angle": -22.5, "axis": "z", "origin": [8, 7, 8]},
			"faces": {
				"north": {"uv": [10.5, 12.5, 12, 14.5], "rotation": 90, "texture": "#0"},
				"south": {"uv": [12, 12.5, 10.5, 14.5], "rotation": 270, "texture": "#0"},
				"west": {"uv": [13, 12.5, 14, 14], "texture": "#0"},
				"up": {"uv": [12, 12.5, 13, 14.5], "rotation": 270, "texture": "#0"},
				"down": {"uv": [12, 12.5, 13, 14.5], "rotation": 270, "texture": "#0"}
			}
		},
		{
			"name": "gear_1",
			"from": [3.5, 2.5, 7],
			"to": [6.5, 5.5, 9],
			"rotation": {"angle": -22.5, "axis": "z", "origin": [8, 7, 8]},
			"faces": {
				"north": {"uv": [10.5, 14.5, 12, 16], "rotation": 180, "texture": "#0"},
				"south": {"uv": [12, 14.5, 10.5, 16], "rotation": 180, "texture": "#0"},
				"west": {"uv": [12, 14.5, 13, 16], "rotation": 180, "texture": "#0"},
				"down": {"uv": [13, 14.5, 12, 16], "rotation": 270, "texture": "#0"}
			}
		},
		{
			"name": "gear_2",
			"from": [6.5, 1, 7],
			"to": [9.5, 5, 9],
			"rotation": {"angle": -22.5, "axis": "z", "origin": [8, 7, 8]},
			"faces": {
				"north": {"uv": [10.5, 12.5, 12, 14.5], "rotation": 180, "texture": "#0"},
				"east": {"uv": [12, 12.5, 13, 14.5], "rotation": 180, "texture": "#0"},
				"south": {"uv": [12, 12.5, 10.5, 14.5], "rotation": 180, "texture": "#0"},
				"west": {"uv": [12, 12.5, 13, 14.5], "rotation": 180, "texture": "#0"},
				"down": {"uv": [13, 12.5, 14, 14], "rotation": 270, "texture": "#0"}
			}
		},
		{
			"name": "gear_3",
			"from": [9.5, 2.5, 7],
			"to": [12.5, 5.5, 9],
			"rotation": {"angle": -22.5, "axis": "z", "origin": [8, 7, 8]},
			"faces": {
				"north": {"uv": [12, 14.5, 10.5, 16], "rotation": 180, "texture": "#0"},
				"east": {"uv": [13, 14.5, 12, 16], "rotation": 180, "texture": "#0"},
				"south": {"uv": [10.5, 14.5, 12, 16], "rotation": 180, "texture": "#0"},
				"down": {"uv": [13, 16, 12, 14.5], "rotation": 270, "texture": "#0"}
			}
		},
		{
			"name": "gear_4",
			"from": [10, 5.5, 7],
			"to": [14, 8.5, 9],
			"rotation": {"angle": -22.5, "axis": "z", "origin": [8, 7, 8]},
			"faces": {
				"north": {"uv": [10.5, 12.5, 12, 14.5], "rotation": 270, "texture": "#0"},
				"east": {"uv": [13, 12.5, 14, 14], "rotation": 180, "texture": "#0"},
				"south": {"uv": [12, 12.5, 10.5, 14.5], "rotation": 90, "texture": "#0"},
				"up": {"uv": [12, 12.5, 13, 14.5], "rotation": 90, "texture": "#0"},
				"down": {"uv": [12, 12.5, 13, 14.5], "rotation": 90, "texture": "#0"}
			}
		},
		{
			"name": "gear_5",
			"from": [9.5, 8.5, 7],
			"to": [12.5, 11.5, 9],
			"rotation": {"angle": -22.5, "axis": "z", "origin": [8, 7, 8]},
			"faces": {
				"north": {"uv": [12, 16, 10.5, 14.5], "rotation": 180, "texture": "#0"},
				"east": {"uv": [13, 16, 12, 14.5], "rotation": 180, "texture": "#0"},
				"south": {"uv": [10.5, 16, 12, 14.5], "rotation": 180, "texture": "#0"},
				"up": {"uv": [12, 16, 13, 14.5], "rotation": 270, "texture": "#0"}
			}
		},
		{
			"name": "gear_6",
			"from": [6.5, 9, 7],
			"to": [9.5, 13, 9],
			"rotation": {"angle": -22.5, "axis": "z", "origin": [8, 7, 8]},
			"faces": {
				"north": {"uv": [10.5, 12.5, 12, 14.5], "texture": "#0"},
				"east": {"uv": [12, 12.5, 13, 14.5], "texture": "#0"},
				"south": {"uv": [12, 12.5, 10.5, 14.5], "texture": "#0"},
				"west": {"uv": [12, 12.5, 13, 14.5], "texture": "#0"},
				"up": {"uv": [13, 12.5, 14, 14], "rotation": 90, "texture": "#0"}
			}
		},
		{
			"name": "gear_7",
			"from": [3.5, 8.5, 7],
			"to": [6.5, 11.5, 9],
			"rotation": {"angle": -22.5, "axis": "z", "origin": [8, 7, 8]},
			"faces": {
				"north": {"uv": [10.5, 16, 12, 14.5], "rotation": 180, "texture": "#0"},
				"south": {"uv": [12, 16, 10.5, 14.5], "rotation": 180, "texture": "#0"},
				"west": {"uv": [12, 16, 13, 14.5], "rotation": 180, "texture": "#0"},
				"up": {"uv": [12, 14.5, 13, 16], "rotation": 270, "texture": "#0"}
			}
		}
	],
	"display": {
		"thirdperson_righthand": {
			"rotation": [75, 45, 0],
			"translation": [0, 2.5, 1.5],
			"scale": [0.375, 0.375, 0.375]
		},
		"thirdperson_lefthand": {
			"rotation": [75, 45, 0],
			"translation": [0, 2.5, 1.5],
			"scale": [0.375, 0.375, 0.375]
		},
		"firstperson_righthand": {
			"rotation": [180, 45, 180],
			"translation": [0, 1, 0],
			"scale": [0.4, 0.4, 0.4]
		},
		"firstperson_lefthand": {
			"rotation": [180, 45, 180],
			"translation": [0, 1, 0],
			"scale": [0.4, 0.4, 0.4]
		},
		"ground": {
			"translation": [0, 3, 0],
			"scale": [0.25, 0.25, 0.25]
		},
		"gui": {
			"rotation": [30, 225, 0],
			"translation": [0, 2.25, 0],
			"scale": [0.95, 0.95, 0.95]
		},
		"head": {
			"translation": [0, 12.75, 0],
			"scale": [0.8, 0.8, 0.8]
		},
		"fixed": {
			"translation": [0, 0.75, 0],
			"scale": [0.5, 0.5, 0.5]
		}
	},
	"groups": [
		{
			"name": "wulfrum_lure",
			"origin": [8, 8, 8],
			"color": 0,
			"children": [
				0,
				1,
				2,
				3,
				4,
				5,
				6,
				{
					"name": "gear_0",
					"origin": [8, 8, 8],
					"color": 0,
					"children": [7, 8, 9, 10, 11, 12, 13, 14, 15]
				},
				{
					"name": "gear_1",
					"origin": [8, 8, 8],
					"color": 0,
					"children": [16, 17, 18, 19, 20, 21, 22, 23, 24]
				},
				{
					"name": "gear_2",
					"origin": [8, 8, 8],
					"color": 0,
					"children": [25, 26, 27, 28, 29, 30, 31, 32, 33]
				},
				{
					"name": "gear_3",
					"origin": [8, 8, 8],
					"color": 0,
					"children": [34, 35, 36, 37, 38, 39, 40, 41, 42]
				}
			]
		}
	]
}
