{
	"texture_size": [64, 64],
	"textures": {
		"4": "mc_calamity:block/item_updater/default_pillar"
	},
	"elements": [
		{
			"from": [0, 0, 0],
			"to": [16, 3, 16],
			"faces": {
				"north": {"uv": [7.5, 2.5, 11.5, 3.25], "texture": "#4"},
				"east": {"uv": [7.5, 2.5, 11.5, 3.25], "texture": "#4"},
				"south": {"uv": [7.5, 2.5, 11.5, 3.25], "texture": "#4"},
				"west": {"uv": [7.5, 2.5, 11.5, 3.25], "texture": "#4"},
				"up": {"uv": [4, 4, 0, 0], "texture": "#4"},
				"down": {"uv": [4, 4, 0, 8], "texture": "#4"}
			}
		},
		{
			"from": [2, 3, 2],
			"to": [14, 13, 14],
			"rotation": {"angle": 0, "axis": "y", "origin": [0, 3, 0]},
			"faces": {
				"north": {"uv": [7.5, 0, 10.5, 2.5], "texture": "#4"},
				"east": {"uv": [7.5, 0, 10.5, 2.5], "texture": "#4"},
				"south": {"uv": [7.5, 0, 10.5, 2.5], "texture": "#4"},
				"west": {"uv": [7.5, 0, 10.5, 2.5], "texture": "#4"},
				"up": {"uv": [7, 10, 4, 7], "texture": "#4"},
				"down": {"uv": [10, 7, 7, 10], "texture": "#4"}
			}
		},
		{
			"from": [1, 13, 1],
			"to": [15, 16, 15],
			"rotation": {"angle": 0, "axis": "y", "origin": [0, 13, 0]},
			"faces": {
				"north": {"uv": [7.5, 3.25, 11, 4], "texture": "#4"},
				"east": {"uv": [7.5, 3.25, 11, 4], "texture": "#4"},
				"south": {"uv": [7.5, 3.25, 11, 4], "texture": "#4"},
				"west": {"uv": [7.5, 3.25, 11, 4], "texture": "#4"},
				"up": {"uv": [7.5, 3.5, 4, 0], "texture": "#4"},
				"down": {"uv": [7.5, 3.5, 4, 7], "texture": "#4"}
			}
		}
	],
	"display": {}
}
