{
	"credit": "Made with Blockbench",
	"texture_size": [32, 32],
	"textures": {
		"1": "mc_calamity:block/item_updater/default_logo",
		"particle": "mc_calamity:block/item_updater/default_logo"
	},
	"elements": [
		{
			"from": [4.5, 1.5, 6],
			"to": [13.5, 5.5, 10],
			"rotation": {"angle": 0, "axis": "y", "origin": [13.5, 3.5, 7]},
			"faces": {
				"north": {"uv": [0, 6.5, 4.5, 8.5], "texture": "#1"},
				"east": {"uv": [4, 10.5, 6, 12.5], "texture": "#1"},
				"south": {"uv": [4.5, 6.5, 9, 8.5], "texture": "#1"},
				"west": {"uv": [6, 10.5, 8, 12.5], "texture": "#1"},
				"up": {"uv": [4.5, 10.5, 0, 8.5], "texture": "#1"},
				"down": {"uv": [9, 8.5, 4.5, 10.5], "texture": "#1"}
			}
		},
		{
			"from": [10.5, 3.5, 6.001],
			"to": [15.5, 12.5, 10.001],
			"rotation": {"angle": 0, "axis": "y", "origin": [14.5, 8.5, 7.025]},
			"faces": {
				"north": {"uv": [0, 0, 2.5, 4.5], "texture": "#1"},
				"east": {"uv": [9, 4, 11, 8.5], "texture": "#1"},
				"south": {"uv": [2.5, 0, 5, 4.5], "texture": "#1"},
				"west": {"uv": [9, 8.5, 11, 13], "texture": "#1"},
				"up": {"uv": [12, 2, 9.5, 0], "texture": "#1"},
				"down": {"uv": [12, 2, 9.5, 4], "texture": "#1"}
			}
		},
		{
			"from": [4.5, 10.5, 6],
			"to": [13.5, 14.5, 10],
			"rotation": {"angle": 0, "axis": "y", "origin": [13.5, 12.5, 7]},
			"faces": {
				"north": {"uv": [0, 4.5, 4.5, 6.5], "texture": "#1"},
				"east": {"uv": [0, 10.5, 2, 12.5], "texture": "#1"},
				"south": {"uv": [4.5, 4.5, 9, 6.5], "texture": "#1"},
				"west": {"uv": [2, 10.5, 4, 12.5], "texture": "#1"},
				"up": {"uv": [9.5, 2, 5, 0], "texture": "#1"},
				"down": {"uv": [9.5, 2, 5, 4], "texture": "#1"}
			}
		},
		{
			"from": [7, 5, 7],
			"to": [8, 7, 8],
			"rotation": {"angle": 0, "axis": "y", "origin": [6, 5, 7]},
			"faces": {
				"north": {"uv": [8, 10.5, 8.5, 11.5], "texture": "#1"},
				"east": {"uv": [8.5, 10.5, 9, 11.5], "texture": "#1"},
				"south": {"uv": [11, 6, 11.5, 7], "texture": "#1"},
				"west": {"uv": [11, 7, 11.5, 8], "texture": "#1"},
				"up": {"uv": [8.5, 4.5, 8, 4], "texture": "#1"},
				"down": {"uv": [9, 4, 8.5, 4.5], "texture": "#1"}
			}
		},
		{
			"from": [6, 7, 7],
			"to": [9, 9, 8],
			"rotation": {"angle": 0, "axis": "y", "origin": [6, 7, 7]},
			"faces": {
				"north": {"uv": [11, 4, 12.5, 5.5], "texture": "#1"},
				"east": {"uv": [11, 8, 11.5, 9], "texture": "#1"},
				"south": {"uv": [11, 4, 12.5, 5.5], "texture": "#1"},
				"west": {"uv": [11, 9, 11.5, 10], "texture": "#1"},
				"up": {"uv": [6.5, 4.5, 5, 4], "texture": "#1"},
				"down": {"uv": [8, 4, 6.5, 4.5], "texture": "#1"}
			}
		},
		{
			"from": [7, 9, 7],
			"to": [8, 11, 8],
			"rotation": {"angle": 0, "axis": "y", "origin": [6, 9, 7]},
			"faces": {
				"north": {"uv": [11.5, 8, 12, 7], "texture": "#1"},
				"east": {"uv": [11.5, 8, 12, 7], "texture": "#1"},
				"south": {"uv": [11.5, 8, 12, 7], "texture": "#1"},
				"west": {"uv": [11.5, 8, 12, 7], "texture": "#1"},
				"up": {"uv": [8.5, 12, 8, 11.5], "texture": "#1"},
				"down": {"uv": [12, 8, 11.5, 8.5], "texture": "#1"}
			}
		}
	],
	"groups": [
		{
			"name": "cao",
			"origin": [13, 30, 7],
			"color": 0,
			"children": [0, 1, 2, 3, 4, 5]
		}
	]
}
